2025-07-06 - 06:25:21 - INFO: Running Stock Analysis Script:
    Version: 0.5.6
    Date: 04.07.2025
2025-07-06 - 06:25:22 - INFO: ---------------------- NFLX ----------------------
2025-07-06 - 06:25:22 - INFO: P/E (Forward) (Ticker: NFLX): 54.55
2025-07-06 - 06:25:22 - INFO: P/E (Trailing) (Ticker: NFLX): 61.36
2025-07-06 - 06:25:22 - INFO: ---------------------- PLTR ----------------------
2025-07-06 - 06:25:22 - INFO: P/E (Forward) (Ticker: PLTR): 285.87
2025-07-06 - 06:25:22 - INFO: ---------------------- BRK-B ----------------------
2025-07-06 - 06:25:22 - INFO: P/E (Trailing) (Ticker: PLTR): 584.17
2025-07-06 - 06:25:22 - INFO: P/E (Forward) (Ticker: BRK-B): 24.15
2025-07-06 - 06:25:22 - INFO: P/E (Trailing) (Ticker: BRK-B): 12.92
2025-07-06 - 06:25:22 - INFO: ---------------------- V ----------------------
2025-07-06 - 06:25:22 - INFO: ---------------------- AVGO ----------------------
2025-07-06 - 06:25:22 - INFO: P/E (Forward) (Ticker: V): 28.35
2025-07-06 - 06:25:22 - INFO: P/E (Forward) (Ticker: AVGO): 44.6
2025-07-06 - 06:25:22 - INFO: P/E (Trailing) (Ticker: V): 36.1
2025-07-06 - 06:25:22 - INFO: ---------------------- WMT ----------------------
2025-07-06 - 06:25:22 - INFO: P/E (Trailing) (Ticker: AVGO): 100.07
2025-07-06 - 06:25:22 - INFO: ---------------------- JPM ----------------------
2025-07-06 - 06:25:22 - INFO: P/E (Forward) (Ticker: WMT): 36.16
2025-07-06 - 06:25:22 - INFO: P/E (Forward) (Ticker: JPM): 17.68
2025-07-06 - 06:25:22 - INFO: P/E (Trailing) (Ticker: WMT): 42.03
2025-07-06 - 06:25:22 - INFO: P/E (Trailing) (Ticker: JPM): 14.52
2025-07-06 - 06:25:22 - INFO: EBIT/TEV (Ticker: BRK-B): 12.11 %
2025-07-06 - 06:25:22 - INFO: EBIT/TEV (Ticker: NFLX): 1.99 %
2025-07-06 - 06:25:23 - INFO: P/B (Ticker: BRK-B): 0.0
2025-07-06 - 06:25:23 - INFO: EBIT/TEV (Ticker: PLTR): 0.13 %
2025-07-06 - 06:25:23 - INFO: P/B (Ticker: NFLX): 22.98
2025-07-06 - 06:25:23 - INFO: P/B (Ticker: PLTR): 58.44
2025-07-06 - 06:25:23 - INFO: Fetched Earnings data (EPS) for 4 years period (Ticker: BRK-B).
2025-07-06 - 06:25:23 - INFO: EPS (latest) (Ticker: BRK-B): 44.27
2025-07-06 - 06:25:23 - INFO: Fetched Earnings data (Net Income) for 4 years period (Ticker: BRK-B).
2025-07-06 - 06:25:23 - INFO: Calculating Earnings Variability (EVAR) using EPS over 3 year period (Ticker: BRK-B).
2025-07-06 - 06:25:23 - INFO: EVAR 4Y (EPS) (Ticker: BRK-B): 330.41%
2025-07-06 - 06:25:23 - INFO: EBIT/TEV (Ticker: WMT): 3.52 %
2025-07-06 - 06:25:23 - INFO: Calculating Earnings Variability (EVAR) using Net Income over 3 year period (Ticker: BRK-B).
2025-07-06 - 06:25:23 - INFO: EBIT/TEV (Ticker: AVGO): 1.58 %
2025-07-06 - 06:25:23 - INFO: P/B (Ticker: WMT): 9.37
2025-07-06 - 06:25:23 - INFO: EVAR 4Y (Net Income) (Ticker: BRK-B): 345.24%
2025-07-06 - 06:25:23 - INFO: P/B (Ticker: AVGO): 4.65
2025-07-06 - 06:25:23 - INFO: EBIT/TEV (Ticker: V): 3.53 %
2025-07-06 - 06:25:23 - INFO: EBIT/TEV (Ticker: JPM): 15.84 %
2025-07-06 - 06:25:23 - INFO: CAGR 4Y (EPS) (Ticker: BRK-B): 35.55 %
2025-07-06 - 06:25:23 - INFO: Fetched Earnings data (EPS) for 4 years period (Ticker: NFLX).
2025-07-06 - 06:25:23 - INFO: P/B (Ticker: V): 18.12
2025-07-06 - 06:25:23 - INFO: Fetched Earnings data (EPS) for 4 years period (Ticker: PLTR).
2025-07-06 - 06:25:23 - INFO: P/B (Ticker: JPM): 2.48
2025-07-06 - 06:25:23 - INFO: CAGR 4Y (Net Income) (Ticker: BRK-B): -0.35 %
2025-07-06 - 06:25:23 - INFO: EPS (latest) (Ticker: NFLX): 20.28
2025-07-06 - 06:25:23 - INFO: EPS (latest) (Ticker: PLTR): 0.21
2025-07-06 - 06:25:23 - INFO: Dividend Yield (Ticker: BRK-B): N/A
2025-07-06 - 06:25:23 - INFO: Fetched Earnings data (Net Income) for 4 years period (Ticker: NFLX).
2025-07-06 - 06:25:23 - INFO: Fetched Earnings data (Net Income) for 4 years period (Ticker: PLTR).
2025-07-06 - 06:25:23 - INFO: ROE (ttm) (Yahoo Finance) (Ticker: BRK-B): 13.19 %
2025-07-06 - 06:25:23 - INFO: Calculating Earnings Variability (EVAR) using EPS over 3 year period (Ticker: NFLX).
2025-07-06 - 06:25:23 - INFO: Calculating Earnings Variability (EVAR) using EPS over 3 year period (Ticker: PLTR).
2025-07-06 - 06:25:23 - INFO: EVAR 4Y (EPS) (Ticker: NFLX): 39.17%
2025-07-06 - 06:25:23 - INFO: EVAR 4Y (EPS) (Ticker: PLTR): 61.77%
2025-07-06 - 06:25:23 - INFO: Calculating Earnings Variability (EVAR) using Net Income over 3 year period (Ticker: NFLX).
2025-07-06 - 06:25:23 - INFO: Calculating Earnings Variability (EVAR) using Net Income over 3 year period (Ticker: PLTR).
2025-07-06 - 06:25:23 - INFO: EVAR 4Y (Net Income) (Ticker: NFLX): 36.72%
2025-07-06 - 06:25:23 - INFO: EVAR 4Y (Net Income) (Ticker: PLTR): 66.01%
2025-07-06 - 06:25:23 - INFO: CAGR 4Y (EPS) (Ticker: NFLX): 20.64 %
2025-07-06 - 06:25:23 - INFO: CAGR 4Y (EPS) (Ticker: PLTR): 40.57 %
2025-07-06 - 06:25:23 - INFO: CAGR 4Y (Net Income) (Ticker: NFLX): 19.41 %
2025-07-06 - 06:25:23 - INFO: CAGR 4Y (Net Income) (Ticker: PLTR): 42.41 %
2025-07-06 - 06:25:23 - INFO: Dividend Yield (Ticker: NFLX): N/A
2025-07-06 - 06:25:23 - INFO: Dividend Yield (Ticker: PLTR): N/A
2025-07-06 - 06:25:23 - INFO: ROE (ttm) (Yahoo Finance) (Ticker: NFLX): 40.84 %
2025-07-06 - 06:25:23 - INFO: ROE (ttm) (Yahoo Finance) (Ticker: PLTR): 12.36 %
2025-07-06 - 06:25:23 - INFO: Fetched Earnings data (EPS) for 4 years period (Ticker: AVGO).
2025-07-06 - 06:25:23 - INFO: Fetched Earnings data (EPS) for 4 years period (Ticker: JPM).
2025-07-06 - 06:25:23 - INFO: EPS (latest) (Ticker: AVGO): 1.27
2025-07-06 - 06:25:23 - INFO: EPS (latest) (Ticker: JPM): 19.79
2025-07-06 - 06:25:23 - INFO: ROE - Calc (Ticker: PLTR): 12.41 %
2025-07-06 - 06:25:23 - INFO: Fetched Earnings data (EPS) for 4 years period (Ticker: V).
2025-07-06 - 06:25:24 - INFO: ROE - Calc (Ticker: BRK-B): 13.20 %
2025-07-06 - 06:25:24 - INFO: Fetched Earnings data (Net Income) for 4 years period (Ticker: AVGO).
2025-07-06 - 06:25:24 - INFO: Fetched Earnings data (EPS) for 4 years period (Ticker: WMT).
2025-07-06 - 06:25:24 - INFO: Fetched Earnings data (Net Income) for 4 years period (Ticker: JPM).
2025-07-06 - 06:25:24 - INFO: ROE - Calc (Ticker: NFLX): 40.84 %
2025-07-06 - 06:25:24 - INFO: ROE - MSCI (Ticker: PLTR): 10.19 %
2025-07-06 - 06:25:24 - INFO: EPS (latest) (Ticker: V): 9.74
2025-07-06 - 06:25:24 - INFO: ROE - MSCI (Ticker: BRK-B): 7.06 %
2025-07-06 - 06:25:24 - INFO: Calculating Earnings Variability (EVAR) using EPS over 3 year period (Ticker: AVGO).
2025-07-06 - 06:25:24 - INFO: EPS (latest) (Ticker: WMT): 2.42
2025-07-06 - 06:25:24 - INFO: Calculating Earnings Variability (EVAR) using EPS over 3 year period (Ticker: JPM).
2025-07-06 - 06:25:24 - INFO: ROE - MSCI (Ticker: NFLX): 38.33 %
2025-07-06 - 06:25:24 - INFO: ROA (ttm) (Yahoo Finance) (Ticker: PLTR): 4.39 %
2025-07-06 - 06:25:24 - INFO: Fetched Earnings data (Net Income) for 4 years period (Ticker: V).
2025-07-06 - 06:25:24 - INFO: ROA (ttm) (Yahoo Finance) (Ticker: BRK-B): 5.79 %
2025-07-06 - 06:25:24 - INFO: EVAR 4Y (EPS) (Ticker: AVGO): 69.44%
2025-07-06 - 06:25:24 - INFO: Fetched Earnings data (Net Income) for 4 years period (Ticker: WMT).
2025-07-06 - 06:25:24 - INFO: EVAR 4Y (EPS) (Ticker: JPM): 29.21%
2025-07-06 - 06:25:24 - INFO: ROA (ttm) (Yahoo Finance) (Ticker: NFLX): 13.79 %
2025-07-06 - 06:25:24 - INFO: ROA - Calc (Ticker: PLTR): 7.29 %
2025-07-06 - 06:25:24 - INFO: Calculating Earnings Variability (EVAR) using EPS over 3 year period (Ticker: V).
2025-07-06 - 06:25:24 - INFO: ROA - Calc (Ticker: BRK-B): 7.71 %
2025-07-06 - 06:25:24 - INFO: Calculating Earnings Variability (EVAR) using Net Income over 3 year period (Ticker: AVGO).
2025-07-06 - 06:25:24 - INFO: Calculating Earnings Variability (EVAR) using EPS over 3 year period (Ticker: WMT).
2025-07-06 - 06:25:24 - INFO: Calculating Earnings Variability (EVAR) using Net Income over 3 year period (Ticker: JPM).
2025-07-06 - 06:25:24 - INFO: ROA - Calc (Ticker: NFLX): 16.24 %
2025-07-06 - 06:25:24 - INFO: EVAR 4Y (EPS) (Ticker: V): 3.85%
2025-07-06 - 06:25:24 - INFO: EVAR 4Y (Net Income) (Ticker: AVGO): 65.07%
2025-07-06 - 06:25:24 - INFO: EVAR 4Y (EPS) (Ticker: WMT): 24.94%
2025-07-06 - 06:25:24 - INFO: EVAR 4Y (Net Income) (Ticker: JPM): 27.86%
2025-07-06 - 06:25:24 - INFO: Calculating Earnings Variability (EVAR) using Net Income over 3 year period (Ticker: V).
2025-07-06 - 06:25:24 - INFO: CAGR 4Y (EPS) (Ticker: AVGO): -6.75 %
2025-07-06 - 06:25:24 - INFO: Calculating Earnings Variability (EVAR) using Net Income over 3 year period (Ticker: WMT).
2025-07-06 - 06:25:24 - INFO: CAGR 4Y (EPS) (Ticker: JPM): 8.74 %
2025-07-06 - 06:25:24 - INFO: CAGR 4Y (Net Income) (Ticker: JPM): 6.55 %
2025-07-06 - 06:25:24 - INFO: CAGR 4Y (Net Income) (Ticker: AVGO): -4.35 %
2025-07-06 - 06:25:24 - INFO: EVAR 4Y (Net Income) (Ticker: WMT): 25.47%
2025-07-06 - 06:25:24 - INFO: EVAR 4Y (Net Income) (Ticker: V): 3.86%
2025-07-06 - 06:25:24 - INFO: CAGR 4Y (EPS) (Ticker: V): 20.05 %
2025-07-06 - 06:25:24 - INFO: CAGR 4Y (Net Income) (Ticker: V): 17.05 %
2025-07-06 - 06:25:24 - INFO: CAGR 4Y (EPS) (Ticker: WMT): 14.0 %
2025-07-06 - 06:25:24 - INFO: Dividend Yield (Ticker: JPM): 1.93 %
2025-07-06 - 06:25:24 - INFO: Dividend Yield (Ticker: AVGO): 0.86 %
2025-07-06 - 06:25:24 - INFO: ROE (ttm) (Yahoo Finance) (Ticker: AVGO): 18.98 %
2025-07-06 - 06:25:24 - INFO: CAGR 4Y (Net Income) (Ticker: WMT): 12.44 %
2025-07-06 - 06:25:24 - INFO: ROE (ttm) (Yahoo Finance) (Ticker: JPM): 17.35 %
2025-07-06 - 06:25:24 - INFO: Dividend Yield (Ticker: V): 0.66 %
2025-07-06 - 06:25:24 - INFO: Dividend Yield (Ticker: WMT): 0.96 %
2025-07-06 - 06:25:24 - INFO: ROE (ttm) (Yahoo Finance) (Ticker: V): 50.65 %
2025-07-06 - 06:25:24 - INFO: ROE (ttm) (Yahoo Finance) (Ticker: WMT): 21.78 %
2025-07-06 - 06:25:24 - INFO: CFOA (annual) (Ticker: BRK-B): 2.65 %
2025-07-06 - 06:25:24 - INFO: CFOA (annual) (Ticker: PLTR): 18.2 %
2025-07-06 - 06:25:24 - INFO: CFOA (annual) (Ticker: NFLX): 13.73 %
2025-07-06 - 06:25:24 - INFO: ROE - Calc (Ticker: JPM): 17.35 %
2025-07-06 - 06:25:24 - INFO: ROE - Calc (Ticker: AVGO): 18.51 %
2025-07-06 - 06:25:24 - INFO: ROE - Calc (Ticker: WMT): 22.80 %
2025-07-06 - 06:25:24 - INFO: ROE - MSCI (Ticker: JPM): 16.14 %
2025-07-06 - 06:25:24 - INFO: ROE - MSCI (Ticker: AVGO): 18.52 %
2025-07-06 - 06:25:24 - INFO: ROE - MSCI (Ticker: WMT): 24.06 %
2025-07-06 - 06:25:24 - INFO: ROE - Calc (Ticker: V): 50.66 %
2025-07-06 - 06:25:24 - INFO: ROA (ttm) (Yahoo Finance) (Ticker: JPM): 1.41 %
2025-07-06 - 06:25:24 - INFO: ROA (ttm) (Yahoo Finance) (Ticker: AVGO): 8.01 %
2025-07-06 - 06:25:24 - INFO: CFOA (ttm) (Ticker: PLTR): 22.21 %
2025-07-06 - 06:25:24 - INFO: ROA (ttm) (Yahoo Finance) (Ticker: WMT): 7.15 %
2025-07-06 - 06:25:24 - INFO: CFOA (ttm) (Ticker: BRK-B): 2.7 %
2025-07-06 - 06:25:25 - INFO: CFOA (ttm) (Ticker: NFLX): 15.33 %
2025-07-06 - 06:25:25 - INFO: ROE - MSCI (Ticker: V): 44.68 %
2025-07-06 - 06:25:25 - INFO: ROA - Calc (Ticker: JPM): 1.46 %
2025-07-06 - 06:25:25 - INFO: ROA - Calc (Ticker: AVGO): 3.56 %
2025-07-06 - 06:25:25 - INFO: GPOA (Ticker: PLTR): 36.26 %
2025-07-06 - 06:25:25 - INFO: ROA - Calc (Ticker: WMT): 7.45 %
2025-07-06 - 06:25:25 - INFO: GPOA (Ticker: NFLX): 33.49 %
2025-07-06 - 06:25:25 - INFO: ROA (ttm) (Yahoo Finance) (Ticker: V): 16.94 %
2025-07-06 - 06:25:25 - INFO: GPMAR (Ticker: PLTR): 80.25 %
2025-07-06 - 06:25:25 - INFO: GPMAR (Ticker: NFLX): 46.06 %
2025-07-06 - 06:25:25 - INFO: ROA - Calc (Ticker: V): 20.89 %
2025-07-06 - 06:25:25 - INFO: Profit Margin (Ticker: PLTR): 18.32 %
2025-07-06 - 06:25:25 - INFO: Profit Margin (Ticker: NFLX): 23.07 %
2025-07-06 - 06:25:25 - INFO: Sector: Technology
2025-07-06 - 06:25:25 - INFO: Sector: Communication Services
2025-07-06 - 06:25:25 - INFO: Industry: Software - Infrastructure
2025-07-06 - 06:25:25 - INFO: Industry: Entertainment
2025-07-06 - 06:25:25 - INFO: CFOA (annual) (Ticker: JPM): -1.05 %
2025-07-06 - 06:25:25 - INFO: CFOA (annual) (Ticker: AVGO): 12.05 %
2025-07-06 - 06:25:25 - INFO: CFOA (annual) (Ticker: V): 21.11 %
2025-07-06 - 06:25:25 - INFO: CFOA (annual) (Ticker: WMT): 13.97 %
2025-07-06 - 06:25:25 - INFO: CFOA (ttm) (Ticker: JPM): -3.34 %
2025-07-06 - 06:25:25 - INFO: CFOA (ttm) (Ticker: AVGO): 14.01 %
2025-07-06 - 06:25:25 - INFO: GPOA (Ticker: AVGO): 19.63 %
2025-07-06 - 06:25:25 - INFO: GPMAR (Ticker: AVGO): 63.03 %
2025-07-06 - 06:25:25 - INFO: Profit Margin (Ticker: AVGO): 22.64 %
2025-07-06 - 06:25:25 - INFO: Sector: Technology
2025-07-06 - 06:25:25 - INFO: Industry: Semiconductors
2025-07-06 - 06:25:25 - INFO: CFOA (ttm) (Ticker: V): 23.65 %
2025-07-06 - 06:25:25 - INFO: GPOA (Ticker: V): 30.56 %
2025-07-06 - 06:25:25 - INFO: GPMAR (Ticker: V): 80.4 %
2025-07-06 - 06:25:25 - INFO: Profit Margin (Ticker: V): 52.86 %
2025-07-06 - 06:25:25 - INFO: Sector: Financial Services
2025-07-06 - 06:25:25 - INFO: Industry: Credit Services
2025-07-06 - 06:25:25 - INFO: CFOA (ttm) (Ticker: WMT): 14.45 %
2025-07-06 - 06:25:25 - INFO: GPOA (Ticker: WMT): 64.88 %
2025-07-06 - 06:25:25 - INFO: GPMAR (Ticker: WMT): 24.85 %
2025-07-06 - 06:25:25 - INFO: ---------------------- PM ----------------------
2025-07-06 - 06:25:25 - INFO: Profit Margin (Ticker: WMT): 2.75 %
2025-07-06 - 06:25:25 - INFO: P/E (Forward) (Ticker: PM): 24.84
2025-07-06 - 06:25:25 - INFO: Sector: Consumer Defensive
2025-07-06 - 06:25:25 - INFO: P/E (Trailing) (Ticker: PM): 28.17
2025-07-06 - 06:25:25 - INFO: Industry: Discount Stores
2025-07-06 - 06:25:25 - INFO: ---------------------- COST ----------------------
2025-07-06 - 06:25:25 - INFO: P/E (Forward) (Ticker: COST): 50.15
2025-07-06 - 06:25:25 - INFO: P/E (Trailing) (Ticker: COST): 55.86
2025-07-06 - 06:25:26 - INFO: ---------------------- SAP ----------------------
2025-07-06 - 06:25:26 - INFO: P/E (Forward) (Ticker: SAP): 45.0
2025-07-06 - 06:25:26 - INFO: P/E (Trailing) (Ticker: SAP): 52.91
2025-07-06 - 06:25:26 - INFO: EBIT/TEV (Ticker: PM): 4.3 %
2025-07-06 - 06:25:26 - INFO: P/B (Ticker: PM): -25.54
2025-07-06 - 06:25:26 - INFO: EBIT/TEV (Ticker: COST): 2.34 %
2025-07-06 - 06:25:26 - INFO: P/B (Ticker: COST): 16.14
2025-07-06 - 06:25:26 - INFO: ---------------------- LLY ----------------------
2025-07-06 - 06:25:26 - INFO: P/E (Forward) (Ticker: LLY): 34.45
2025-07-06 - 06:25:26 - INFO: P/E (Trailing) (Ticker: LLY): 63.68
2025-07-06 - 06:25:26 - INFO: ---------------------- IBM ----------------------
2025-07-06 - 06:25:26 - INFO: P/E (Forward) (Ticker: IBM): 27.52
2025-07-06 - 06:25:26 - INFO: Fetched Earnings data (EPS) for 4 years period (Ticker: PM).
2025-07-06 - 06:25:26 - INFO: GPOA (Ticker: BRK-B): 13.27 %
2025-07-06 - 06:25:26 - INFO: P/E (Trailing) (Ticker: IBM): 49.99
2025-07-06 - 06:25:26 - INFO: Fetched Earnings data (EPS) for 4 years period (Ticker: COST).
2025-07-06 - 06:25:26 - INFO: EPS (latest) (Ticker: PM): 4.53
2025-07-06 - 06:25:26 - INFO: GPMAR (Ticker: BRK-B): 40.63 %
2025-07-06 - 06:25:26 - INFO: EPS (latest) (Ticker: COST): 16.59
2025-07-06 - 06:25:26 - INFO: Fetched Earnings data (Net Income) for 4 years period (Ticker: PM).
2025-07-06 - 06:25:26 - ERROR: Error calculating GPOA and GPMAR TTM (Ticker: BRK-B): Cannot calculate GPOA (Ticker: BRK-B): 'Gross Profit' data is missing in the Income Statement.
2025-07-06 - 06:25:26 - INFO: Fetched Earnings data (Net Income) for 4 years period (Ticker: COST).
2025-07-06 - 06:25:26 - INFO: Calculating Earnings Variability (EVAR) using EPS over 3 year period (Ticker: PM).
2025-07-06 - 06:25:26 - INFO: Profit Margin (Ticker: BRK-B): 21.79 %
2025-07-06 - 06:25:26 - INFO: Calculating Earnings Variability (EVAR) using EPS over 3 year period (Ticker: COST).
2025-07-06 - 06:25:26 - INFO: EVAR 4Y (EPS) (Ticker: PM): 6.98%
2025-07-06 - 06:25:26 - INFO: Sector: Financial Services
2025-07-06 - 06:25:26 - INFO: EVAR 4Y (EPS) (Ticker: COST): 5.26%
2025-07-06 - 06:25:26 - INFO: Calculating Earnings Variability (EVAR) using Net Income over 3 year period (Ticker: PM).
2025-07-06 - 06:25:26 - INFO: Industry: Insurance - Diversified
2025-07-06 - 06:25:26 - INFO: Calculating Earnings Variability (EVAR) using Net Income over 3 year period (Ticker: COST).
2025-07-06 - 06:25:26 - INFO: EVAR 4Y (Net Income) (Ticker: PM): 6.65%
2025-07-06 - 06:25:26 - INFO: EVAR 4Y (Net Income) (Ticker: COST): 5.33%
2025-07-06 - 06:25:26 - INFO: CAGR 4Y (EPS) (Ticker: PM): -8.07 %
2025-07-06 - 06:25:26 - INFO: CAGR 4Y (EPS) (Ticker: COST): 13.66 %
2025-07-06 - 06:25:26 - INFO: CAGR 4Y (Net Income) (Ticker: PM): -8.16 %
2025-07-06 - 06:25:26 - INFO: CAGR 4Y (Net Income) (Ticker: COST): 13.74 %
2025-07-06 - 06:25:26 - INFO: Dividend Yield (Ticker: PM): 2.96 %
2025-07-06 - 06:25:26 - INFO: Dividend Yield (Ticker: COST): 0.53 %
2025-07-06 - 06:25:26 - INFO: ROE (ttm) (Yahoo Finance) (Ticker: PM): N/A
2025-07-06 - 06:25:26 - INFO: ROE (ttm) (Yahoo Finance) (Ticker: COST): 32.08 %
2025-07-06 - 06:25:26 - INFO: EBIT/TEV (Ticker: SAP): 2.46 %
2025-07-06 - 06:25:26 - INFO: P/B (Ticker: SAP): 7.75
2025-07-06 - 06:25:26 - INFO: GPOA (Ticker: JPM): 3.97 %
2025-07-06 - 06:25:26 - INFO: GPMAR (Ticker: JPM): 58.64 %
2025-07-06 - 06:25:26 - ERROR: Error calculating GPOA and GPMAR TTM (Ticker: JPM): Cannot calculate GPOA (Ticker: JPM): 'Gross Profit' data is missing in the Income Statement.
2025-07-06 - 06:25:26 - INFO: Profit Margin (Ticker: JPM): 35.38 %
2025-07-06 - 06:25:26 - INFO: ROE - Calc (Ticker: COST): 32.08 %
2025-07-06 - 06:25:26 - INFO: Sector: Financial Services
2025-07-06 - 06:25:26 - INFO: ROE - MSCI (Ticker: COST): 28.89 %
2025-07-06 - 06:25:27 - INFO: Industry: Banks - Diversified
2025-07-06 - 06:25:27 - INFO: ROA (ttm) (Yahoo Finance) (Ticker: COST): 8.79 %
2025-07-06 - 06:25:27 - INFO: ROE - Calc (Ticker: PM): N/A
2025-07-06 - 06:25:27 - INFO: EBIT/TEV (Ticker: LLY): 2.74 %
2025-07-06 - 06:25:27 - INFO: Fetched Earnings data (EPS) for 4 years period (Ticker: SAP).
2025-07-06 - 06:25:27 - INFO: ROE - MSCI (Ticker: PM): -58.75 %
2025-07-06 - 06:25:27 - INFO: P/B (Ticker: LLY): 46.93
2025-07-06 - 06:25:27 - INFO: EBIT/TEV (Ticker: IBM): 3.2 %
2025-07-06 - 06:25:27 - INFO: ROA - Calc (Ticker: COST): 10.55 %
2025-07-06 - 06:25:27 - INFO: EPS (latest) (Ticker: SAP): 2.68
2025-07-06 - 06:25:27 - INFO: ROA (ttm) (Yahoo Finance) (Ticker: PM): 13.75 %
2025-07-06 - 06:25:27 - INFO: P/B (Ticker: IBM): 10.1
2025-07-06 - 06:25:27 - INFO: Fetched Earnings data (Net Income) for 4 years period (Ticker: SAP).
2025-07-06 - 06:25:27 - INFO: ROA - Calc (Ticker: PM): 11.42 %
2025-07-06 - 06:25:27 - INFO: Calculating Earnings Variability (EVAR) using EPS over 3 year period (Ticker: SAP).
2025-07-06 - 06:25:27 - INFO: EVAR 4Y (EPS) (Ticker: SAP): 126.93%
2025-07-06 - 06:25:27 - INFO: Calculating Earnings Variability (EVAR) using Net Income over 3 year period (Ticker: SAP).
2025-07-06 - 06:25:27 - INFO: EVAR 4Y (Net Income) (Ticker: SAP): 128.0%
2025-07-06 - 06:25:27 - INFO: CAGR 4Y (EPS) (Ticker: SAP): -16.24 %
2025-07-06 - 06:25:27 - INFO: CAGR 4Y (Net Income) (Ticker: SAP): -15.92 %
2025-07-06 - 06:25:27 - INFO: Dividend Yield (Ticker: SAP): 0.84 %
2025-07-06 - 06:25:27 - INFO: ROE (ttm) (Yahoo Finance) (Ticker: SAP): 12.9 %
2025-07-06 - 06:25:27 - INFO: Fetched Earnings data (EPS) for 4 years period (Ticker: LLY).
2025-07-06 - 06:25:27 - INFO: Fetched Earnings data (EPS) for 4 years period (Ticker: IBM).
2025-07-06 - 06:25:27 - INFO: EPS (latest) (Ticker: LLY): 11.76
2025-07-06 - 06:25:27 - INFO: EPS (latest) (Ticker: IBM): 8.23
2025-07-06 - 06:25:27 - INFO: Fetched Earnings data (Net Income) for 4 years period (Ticker: LLY).
2025-07-06 - 06:25:27 - INFO: Fetched Earnings data (Net Income) for 4 years period (Ticker: IBM).
2025-07-06 - 06:25:27 - INFO: Calculating Earnings Variability (EVAR) using EPS over 3 year period (Ticker: LLY).
2025-07-06 - 06:25:27 - INFO: Calculating Earnings Variability (EVAR) using EPS over 3 year period (Ticker: IBM).
2025-07-06 - 06:25:27 - INFO: EVAR 4Y (EPS) (Ticker: LLY): 59.7%
2025-07-06 - 06:25:27 - INFO: CFOA (annual) (Ticker: PM): 19.77 %
2025-07-06 - 06:25:27 - INFO: ---------------------- T ----------------------
2025-07-06 - 06:25:27 - INFO: EVAR 4Y (EPS) (Ticker: IBM): 226.43%
2025-07-06 - 06:25:27 - INFO: Calculating Earnings Variability (EVAR) using Net Income over 3 year period (Ticker: LLY).
2025-07-06 - 06:25:27 - INFO: CFOA (annual) (Ticker: COST): 16.24 %
2025-07-06 - 06:25:27 - INFO: ROE - Calc (Ticker: SAP): 12.91 %
2025-07-06 - 06:25:27 - INFO: P/E (Forward) (Ticker: T): 12.66
2025-07-06 - 06:25:27 - INFO: Calculating Earnings Variability (EVAR) using Net Income over 3 year period (Ticker: IBM).
2025-07-06 - 06:25:27 - INFO: EVAR 4Y (Net Income) (Ticker: LLY): 61.76%
2025-07-06 - 06:25:27 - INFO: ROE - MSCI (Ticker: SAP): 12.61 %
2025-07-06 - 06:25:27 - INFO: P/E (Trailing) (Ticker: T): 17.4
2025-07-06 - 06:25:27 - INFO: EVAR 4Y (Net Income) (Ticker: IBM): 234.11%
2025-07-06 - 06:25:27 - INFO: CAGR 4Y (EPS) (Ticker: LLY): 26.19 %
2025-07-06 - 06:25:27 - INFO: CAGR 4Y (Net Income) (Ticker: LLY): 23.8 %
2025-07-06 - 06:25:27 - INFO: Dividend Yield (Ticker: LLY): 0.77 %
2025-07-06 - 06:25:27 - INFO: ROA (ttm) (Yahoo Finance) (Ticker: SAP): 7.63 %
2025-07-06 - 06:25:27 - INFO: CAGR 4Y (EPS) (Ticker: IBM): 9.43 %
2025-07-06 - 06:25:27 - INFO: ROE (ttm) (Yahoo Finance) (Ticker: LLY): 77.28 %
2025-07-06 - 06:25:27 - INFO: ROA - Calc (Ticker: SAP): 4.21 %
2025-07-06 - 06:25:27 - INFO: CAGR 4Y (Net Income) (Ticker: IBM): 1.61 %
2025-07-06 - 06:25:27 - INFO: Dividend Yield (Ticker: IBM): 2.28 %
2025-07-06 - 06:25:27 - INFO: ROE (ttm) (Yahoo Finance) (Ticker: IBM): 21.85 %
2025-07-06 - 06:25:27 - INFO: CFOA (ttm) (Ticker: PM): 17.92 %
2025-07-06 - 06:25:27 - INFO: GPOA (Ticker: PM): 39.73 %
2025-07-06 - 06:25:27 - INFO: GPMAR (Ticker: PM): 64.81 %
2025-07-06 - 06:25:27 - INFO: Profit Margin (Ticker: PM): 19.8 %
2025-07-06 - 06:25:28 - INFO: CFOA (ttm) (Ticker: COST): 17.03 %
2025-07-06 - 06:25:28 - INFO: Sector: Consumer Defensive
2025-07-06 - 06:25:28 - INFO: GPOA (Ticker: COST): 45.96 %
2025-07-06 - 06:25:28 - INFO: Industry: Tobacco
2025-07-06 - 06:25:28 - INFO: CFOA (annual) (Ticker: SAP): 7.04 %
2025-07-06 - 06:25:28 - INFO: ---------------------- GEV ----------------------
2025-07-06 - 06:25:28 - INFO: GPMAR (Ticker: COST): 12.61 %
2025-07-06 - 06:25:28 - INFO: ROE - Calc (Ticker: LLY): 77.73 %
2025-07-06 - 06:25:28 - INFO: P/E (Forward) (Ticker: GEV): 74.93
2025-07-06 - 06:25:28 - INFO: Profit Margin (Ticker: COST): 2.92 %
2025-07-06 - 06:25:28 - INFO: ROE - MSCI (Ticker: LLY): 70.73 %
2025-07-06 - 06:25:28 - INFO: P/E (Trailing) (Ticker: GEV): 74.07
2025-07-06 - 06:25:28 - INFO: Sector: Consumer Defensive
2025-07-06 - 06:25:28 - INFO: ROA (ttm) (Yahoo Finance) (Ticker: LLY): 16.45 %
2025-07-06 - 06:25:28 - INFO: Industry: Discount Stores
2025-07-06 - 06:25:28 - INFO: ROE - Calc (Ticker: IBM): 21.83 %
2025-07-06 - 06:25:28 - INFO: ROA - Calc (Ticker: LLY): 13.45 %
2025-07-06 - 06:25:28 - INFO: ROE - MSCI (Ticker: IBM): 20.52 %
2025-07-06 - 06:25:28 - INFO: ROA (ttm) (Yahoo Finance) (Ticker: IBM): 4.47 %
2025-07-06 - 06:25:28 - INFO: ROA - Calc (Ticker: IBM): 4.39 %
2025-07-06 - 06:25:28 - INFO: CFOA (ttm) (Ticker: SAP): 8.45 %
2025-07-06 - 06:25:28 - INFO: GPOA (Ticker: SAP): 33.64 %
2025-07-06 - 06:25:28 - INFO: GPMAR (Ticker: SAP): 72.95 %
2025-07-06 - 06:25:28 - INFO: Profit Margin (Ticker: SAP): 16.31 %
2025-07-06 - 06:25:28 - INFO: Sector: Technology
2025-07-06 - 06:25:28 - INFO: Industry: Software - Application
2025-07-06 - 06:25:28 - INFO: EBIT/TEV (Ticker: T): 7.15 %
2025-07-06 - 06:25:28 - INFO: P/B (Ticker: T): 1.97
2025-07-06 - 06:25:28 - INFO: CFOA (annual) (Ticker: LLY): 11.2 %
2025-07-06 - 06:25:28 - INFO: CFOA (annual) (Ticker: IBM): 9.8 %
2025-07-06 - 06:25:28 - INFO: CFOA (ttm) (Ticker: LLY): 11.81 %
2025-07-06 - 06:25:28 - INFO: GPOA (Ticker: LLY): 46.53 %
2025-07-06 - 06:25:28 - INFO: Fetched Earnings data (EPS) for 4 years period (Ticker: T).
2025-07-06 - 06:25:28 - INFO: GPMAR (Ticker: LLY): 81.31 %
2025-07-06 - 06:25:28 - INFO: EPS (latest) (Ticker: T): 1.49
2025-07-06 - 06:25:28 - INFO: Profit Margin (Ticker: LLY): 22.67 %
2025-07-06 - 06:25:28 - INFO: Fetched Earnings data (Net Income) for 4 years period (Ticker: T).
2025-07-06 - 06:25:29 - INFO: Sector: Healthcare
2025-07-06 - 06:25:29 - INFO: CFOA (ttm) (Ticker: IBM): 9.91 %
2025-07-06 - 06:25:29 - INFO: Calculating Earnings Variability (EVAR) using EPS over 3 year period (Ticker: T).
2025-07-06 - 06:25:29 - INFO: EBIT/TEV (Ticker: GEV): 0.6 %
2025-07-06 - 06:25:29 - INFO: Industry: Drug Manufacturers - General
2025-07-06 - 06:25:29 - INFO: GPOA (Ticker: IBM): 25.92 %
2025-07-06 - 06:25:29 - INFO: EVAR 4Y (EPS) (Ticker: T): 214.13%
2025-07-06 - 06:25:29 - INFO: ---------------------- CBA.AX ----------------------
2025-07-06 - 06:25:29 - INFO: P/B (Ticker: GEV): 16.4
2025-07-06 - 06:25:29 - INFO: GPMAR (Ticker: IBM): 56.65 %
2025-07-06 - 06:25:29 - INFO: Calculating Earnings Variability (EVAR) using Net Income over 3 year period (Ticker: T).
2025-07-06 - 06:25:29 - INFO: P/E (Forward) (Ticker: CBA.AX): 29.57
2025-07-06 - 06:25:29 - INFO: Profit Margin (Ticker: IBM): 8.71 %
2025-07-06 - 06:25:29 - INFO: EVAR 4Y (Net Income) (Ticker: T): 211.77%
2025-07-06 - 06:25:29 - INFO: P/E (Trailing) (Ticker: CBA.AX): 30.48
2025-07-06 - 06:25:29 - INFO: Sector: Technology
2025-07-06 - 06:25:29 - INFO: CAGR 4Y (EPS) (Ticker: T): -18.67 %
2025-07-06 - 06:25:29 - INFO: ---------------------- ALV ----------------------
2025-07-06 - 06:25:29 - INFO: Industry: Information Technology Services
2025-07-06 - 06:25:29 - INFO: CAGR 4Y (Net Income) (Ticker: T): -18.31 %
2025-07-06 - 06:25:29 - INFO: P/E (Forward) (Ticker: ALV): 11.57
2025-07-06 - 06:25:29 - INFO: Dividend Yield (Ticker: T): 3.84 %
2025-07-06 - 06:25:29 - INFO: P/E (Trailing) (Ticker: ALV): 13.58
2025-07-06 - 06:25:29 - INFO: ROE (ttm) (Yahoo Finance) (Ticker: T): 10.88 %
2025-07-06 - 06:25:29 - INFO: ---------------------- GE ----------------------
2025-07-06 - 06:25:29 - INFO: P/E (Forward) (Ticker: GE): 47.11
2025-07-06 - 06:25:29 - INFO: P/E (Trailing) (Ticker: GE): 38.94
2025-07-06 - 06:25:29 - INFO: Fetched Earnings data (EPS) for 4 years period (Ticker: GEV).
2025-07-06 - 06:25:29 - INFO: EPS (latest) (Ticker: GEV): 5.65
2025-07-06 - 06:25:29 - INFO: Fetched Earnings data (Net Income) for 4 years period (Ticker: GEV).
2025-07-06 - 06:25:29 - INFO: Calculating Earnings Variability (EVAR) using EPS over 3 year period (Ticker: GEV).
2025-07-06 - 06:25:29 - INFO: EVAR 4Y (EPS) (Ticker: GEV): 393.13%
2025-07-06 - 06:25:29 - INFO: Calculating Earnings Variability (EVAR) using Net Income over 3 year period (Ticker: GEV).
2025-07-06 - 06:25:29 - INFO: EVAR 4Y (Net Income) (Ticker: GEV): 393.51%
2025-07-06 - 06:25:29 - INFO: CAGR 4Y (EPS) (Ticker: GEV): 64.22 %
2025-07-06 - 06:25:29 - INFO: CAGR 4Y (Net Income) (Ticker: GEV): 64.5 %
2025-07-06 - 06:25:29 - INFO: Dividend Yield (Ticker: GEV): 0.19 %
2025-07-06 - 06:25:29 - INFO: ROE (ttm) (Yahoo Finance) (Ticker: GEV): 19.64 %
2025-07-06 - 06:25:29 - INFO: ROE - Calc (Ticker: T): 11.38 %
2025-07-06 - 06:25:29 - INFO: ROE - MSCI (Ticker: T): 13.7 %
2025-07-06 - 06:25:29 - INFO: ROA (ttm) (Yahoo Finance) (Ticker: T): 4.17 %
2025-07-06 - 06:25:29 - INFO: ROA - Calc (Ticker: T): 2.77 %
2025-07-06 - 06:25:29 - INFO: ROE - Calc (Ticker: GEV): 22.02 %
2025-07-06 - 06:25:29 - INFO: ROE - MSCI (Ticker: GEV): 25.48 %
2025-07-06 - 06:25:29 - INFO: ROA (ttm) (Yahoo Finance) (Ticker: GEV): 1.75 %
2025-07-06 - 06:25:29 - INFO: ROA - Calc (Ticker: GEV): 3.01 %
2025-07-06 - 06:25:30 - INFO: EBIT/TEV (Ticker: ALV): 9.41 %
2025-07-06 - 06:25:30 - INFO: P/B (Ticker: ALV): 3.87
2025-07-06 - 06:25:30 - INFO: CFOA (annual) (Ticker: T): 9.82 %
2025-07-06 - 06:25:30 - INFO: ---------------------- SPOT ----------------------
2025-07-06 - 06:25:30 - INFO: EBIT/TEV (Ticker: GE): 2.77 %
2025-07-06 - 06:25:30 - INFO: P/E (Forward) (Ticker: SPOT): 81.37
2025-07-06 - 06:25:30 - INFO: P/B (Ticker: GE): 13.68
2025-07-06 - 06:25:30 - INFO: ---------------------- 6758.T ----------------------
2025-07-06 - 06:25:30 - INFO: P/E (Trailing) (Ticker: SPOT): 109.86
2025-07-06 - 06:25:30 - INFO: CFOA (ttm) (Ticker: T): 10.17 %
2025-07-06 - 06:25:30 - INFO: Fetched Earnings data (EPS) for 4 years period (Ticker: ALV).
2025-07-06 - 06:25:30 - INFO: P/E (Forward) (Ticker: 6758.T): 20.13
2025-07-06 - 06:25:30 - INFO: CFOA (annual) (Ticker: GEV): 5.02 %
2025-07-06 - 06:25:30 - INFO: GPOA (Ticker: T): 18.52 %
2025-07-06 - 06:25:30 - INFO: EPS (latest) (Ticker: ALV): 5.72
2025-07-06 - 06:25:30 - INFO: P/E (Trailing) (Ticker: 6758.T): 19.61
2025-07-06 - 06:25:30 - INFO: GPMAR (Ticker: T): 59.77 %
2025-07-06 - 06:25:30 - INFO: Fetched Earnings data (Net Income) for 4 years period (Ticker: ALV).
2025-07-06 - 06:25:30 - INFO: Profit Margin (Ticker: T): 9.64 %
2025-07-06 - 06:25:30 - INFO: Calculating Earnings Variability (EVAR) using EPS over 3 year period (Ticker: ALV).
2025-07-06 - 06:25:30 - INFO: Sector: Communication Services
2025-07-06 - 06:25:30 - INFO: EBIT/TEV (Ticker: CBA.AX): 3.92 %
2025-07-06 - 06:25:30 - INFO: EVAR 4Y (EPS) (Ticker: ALV): 72.59%
2025-07-06 - 06:25:30 - INFO: Industry: Telecom Services
2025-07-06 - 06:25:30 - INFO: P/B (Ticker: CBA.AX): 3.95
2025-07-06 - 06:25:30 - INFO: Fetched Earnings data (EPS) for 4 years period (Ticker: CBA.AX).
2025-07-06 - 06:25:30 - INFO: Calculating Earnings Variability (EVAR) using Net Income over 3 year period (Ticker: ALV).
2025-07-06 - 06:25:30 - INFO: EPS (latest) (Ticker: CBA.AX): 5.61
2025-07-06 - 06:25:30 - INFO: EVAR 4Y (Net Income) (Ticker: ALV): 17.57%
2025-07-06 - 06:25:30 - INFO: Fetched Earnings data (Net Income) for 4 years period (Ticker: CBA.AX).
2025-07-06 - 06:25:30 - INFO: CAGR 4Y (EPS) (Ticker: ALV): 38.78 %
2025-07-06 - 06:25:30 - INFO: Calculating Earnings Variability (EVAR) using EPS over 3 year period (Ticker: CBA.AX).
2025-07-06 - 06:25:30 - INFO: CAGR 4Y (Net Income) (Ticker: ALV): 14.09 %
2025-07-06 - 06:25:30 - INFO: EVAR 4Y (EPS) (Ticker: CBA.AX): 7.44%
2025-07-06 - 06:25:30 - INFO: Dividend Yield (Ticker: ALV): 3.04 %
2025-07-06 - 06:25:30 - INFO: Calculating Earnings Variability (EVAR) using Net Income over 3 year period (Ticker: CBA.AX).
2025-07-06 - 06:25:30 - INFO: EVAR 4Y (Net Income) (Ticker: CBA.AX): 6.5%
2025-07-06 - 06:25:30 - INFO: ROE (ttm) (Yahoo Finance) (Ticker: ALV): 28.66 %
2025-07-06 - 06:25:30 - INFO: CAGR 4Y (EPS) (Ticker: CBA.AX): -0.78 %
2025-07-06 - 06:25:30 - INFO: CAGR 4Y (Net Income) (Ticker: CBA.AX): -2.65 %
2025-07-06 - 06:25:30 - INFO: Dividend Yield (Ticker: CBA.AX): 2.46 %
2025-07-06 - 06:25:30 - INFO: ROE (ttm) (Yahoo Finance) (Ticker: CBA.AX): 13.21 %
2025-07-06 - 06:25:30 - INFO: CFOA (ttm) (Ticker: GEV): 8.3 %
2025-07-06 - 06:25:30 - INFO: Fetched Earnings data (EPS) for 4 years period (Ticker: GE).
2025-07-06 - 06:25:30 - ERROR: Error calculating ROE (ttm) (Ticker: CBA.AX): Cannot calculate ROE (Ticker: CBA.AX): An error occurred: Cannot calculate Net Income TTM! Net Income data is missing in the Quarterly Income Statement (Ticker: CBA.AX).
2025-07-06 - 06:25:30 - INFO: GPOA (Ticker: GEV): 11.82 %
2025-07-06 - 06:25:30 - INFO: EPS (latest) (Ticker: GE): 6.04
2025-07-06 - 06:25:30 - ERROR: Unhandled error analyzing stock (Ticker: CBA.AX)
2025-07-06 - 06:25:30 - INFO: GPMAR (Ticker: GEV): 17.42 %
2025-07-06 - 06:25:30 - INFO: Fetched Earnings data (Net Income) for 4 years period (Ticker: GE).
2025-07-06 - 06:25:30 - ERROR: Cannot calculate Trailing EPS! EPS data is missing (Ticker: CBA.AX).
Traceback (most recent call last):
  File "StockFactorScreener.py", line 605, in analyze_stock
  File "ProfitabilityCalculator.py", line 304, in calc_roe_msci
  File "EarningsEngine.py", line 343, in calc_eps_ttm
EarningsEngine.EPSCalcError: Cannot calculate Trailing EPS! EPS data is missing (Ticker: CBA.AX).
2025-07-06 - 06:25:30 - INFO: Profit Margin (Ticker: GEV): 5.42 %
2025-07-06 - 06:25:30 - INFO: Calculating Earnings Variability (EVAR) using EPS over 3 year period (Ticker: GE).
2025-07-06 - 06:25:30 - INFO: Sector: Industrials
2025-07-06 - 06:25:30 - INFO: EVAR 4Y (EPS) (Ticker: GE): 9667.26%
2025-07-06 - 06:25:30 - INFO: Industry: Specialty Industrial Machinery
2025-07-06 - 06:25:30 - INFO: Calculating Earnings Variability (EVAR) using Net Income over 3 year period (Ticker: GE).
2025-07-06 - 06:25:30 - INFO: EVAR 4Y (Net Income) (Ticker: GE): 1551.57%
2025-07-06 - 06:25:30 - INFO: CAGR 4Y (EPS) (Ticker: GE): 43.91 %
2025-07-06 - 06:25:30 - INFO: CAGR 4Y (Net Income) (Ticker: GE): 44.78 %
2025-07-06 - 06:25:30 - INFO: Dividend Yield (Ticker: GE): 0.56 %
2025-07-06 - 06:25:30 - INFO: ROE (ttm) (Yahoo Finance) (Ticker: GE): 27.2 %
2025-07-06 - 06:25:31 - INFO: EBIT/TEV (Ticker: SPOT): 1.19 %
2025-07-06 - 06:25:31 - INFO: P/B (Ticker: SPOT): 23.8
2025-07-06 - 06:25:31 - INFO: ROE - Calc (Ticker: ALV): 28.71 %
2025-07-06 - 06:25:31 - INFO: ROE - MSCI (Ticker: ALV): 28.75 %
2025-07-06 - 06:25:31 - INFO: ROA (ttm) (Yahoo Finance) (Ticker: ALV): 7.91 %
2025-07-06 - 06:25:31 - INFO: ROA - Calc (Ticker: ALV): 8.28 %
2025-07-06 - 06:25:31 - INFO: ROE - Calc (Ticker: GE): 28.49 %
2025-07-06 - 06:25:31 - INFO: ROE - MSCI (Ticker: GE): 36.3 %
2025-07-06 - 06:25:31 - INFO: ROA (ttm) (Yahoo Finance) (Ticker: GE): 3.72 %
2025-07-06 - 06:25:31 - INFO: ROA - Calc (Ticker: GE): 5.32 %
2025-07-06 - 06:25:31 - INFO: EBIT/TEV (Ticker: 6758.T): 6.17 %
2025-07-06 - 06:25:31 - INFO: P/B (Ticker: 6758.T): 2.72
2025-07-06 - 06:25:31 - INFO: Fetched Earnings data (EPS) for 4 years period (Ticker: SPOT).
2025-07-06 - 06:25:31 - INFO: EPS (latest) (Ticker: SPOT): 5.67
2025-07-06 - 06:25:31 - INFO: Fetched Earnings data (Net Income) for 4 years period (Ticker: SPOT).
2025-07-06 - 06:25:31 - INFO: Calculating Earnings Variability (EVAR) using EPS over 3 year period (Ticker: SPOT).
2025-07-06 - 06:25:31 - INFO: ---------------------- BSX ----------------------
2025-07-06 - 06:25:31 - INFO: EVAR 4Y (EPS) (Ticker: SPOT): 758.08%
2025-07-06 - 06:25:31 - INFO: P/E (Forward) (Ticker: BSX): 37.39
2025-07-06 - 06:25:31 - INFO: Calculating Earnings Variability (EVAR) using Net Income over 3 year period (Ticker: SPOT).
2025-07-06 - 06:25:31 - INFO: P/E (Trailing) (Ticker: BSX): 76.15
2025-07-06 - 06:25:31 - INFO: EVAR 4Y (Net Income) (Ticker: SPOT): 774.83%
2025-07-06 - 06:25:31 - INFO: CFOA (annual) (Ticker: ALV): 13.57 %
2025-07-06 - 06:25:31 - INFO: CAGR 4Y (EPS) (Ticker: SPOT): 222.37 %
2025-07-06 - 06:25:31 - INFO: CAGR 4Y (Net Income) (Ticker: SPOT): 228.57 %
2025-07-06 - 06:25:31 - INFO: Dividend Yield (Ticker: SPOT): N/A
2025-07-06 - 06:25:31 - INFO: ---------------------- 7974.T ----------------------
2025-07-06 - 06:25:31 - INFO: ROE (ttm) (Yahoo Finance) (Ticker: SPOT): 24.4 %
2025-07-06 - 06:25:31 - INFO: P/E (Forward) (Ticker: 7974.T): 38.79
2025-07-06 - 06:25:31 - INFO: CFOA (annual) (Ticker: GE): 3.82 %
2025-07-06 - 06:25:31 - INFO: P/E (Trailing) (Ticker: 7974.T): 55.25
2025-07-06 - 06:25:31 - INFO: CFOA (ttm) (Ticker: ALV): 12.58 %
2025-07-06 - 06:25:31 - INFO: Fetched Earnings data (EPS) for 4 years period (Ticker: 6758.T).
2025-07-06 - 06:25:31 - INFO: GPOA (Ticker: ALV): 24.69 %
2025-07-06 - 06:25:31 - INFO: EPS (latest) (Ticker: 6758.T): 188.71
2025-07-06 - 06:25:31 - INFO: ---------------------- RHM.DE ----------------------
2025-07-06 - 06:25:31 - INFO: GPMAR (Ticker: ALV): 18.55 %
2025-07-06 - 06:25:32 - INFO: Fetched Earnings data (Net Income) for 4 years period (Ticker: 6758.T).
2025-07-06 - 06:25:32 - INFO: ROE - Calc (Ticker: SPOT): 24.40 %
2025-07-06 - 06:25:32 - INFO: CFOA (ttm) (Ticker: GE): 4.2 %
2025-07-06 - 06:25:32 - INFO: P/E (Forward) (Ticker: RHM.DE): 58.66
2025-07-06 - 06:25:32 - INFO: Profit Margin (Ticker: ALV): 6.64 %
2025-07-06 - 06:25:32 - INFO: Calculating Earnings Variability (EVAR) using EPS over 3 year period (Ticker: 6758.T).
2025-07-06 - 06:25:32 - INFO: ROE - MSCI (Ticker: SPOT): 18.94 %
2025-07-06 - 06:25:32 - INFO: GPOA (Ticker: GE): 11.69 %
2025-07-06 - 06:25:32 - INFO: P/E (Trailing) (Ticker: RHM.DE): 94.35
2025-07-06 - 06:25:32 - INFO: EBIT/TEV (Ticker: BSX): 1.96 %
2025-07-06 - 06:25:32 - INFO: Sector: Consumer Cyclical
2025-07-06 - 06:25:32 - INFO: EVAR 4Y (EPS) (Ticker: 6758.T): 11.91%
2025-07-06 - 06:25:32 - INFO: EBIT/TEV (Ticker: 7974.T): 1.87 %
2025-07-06 - 06:25:32 - INFO: ROA (ttm) (Yahoo Finance) (Ticker: SPOT): 10.05 %
2025-07-06 - 06:25:32 - INFO: GPMAR (Ticker: GE): 37.19 %
2025-07-06 - 06:25:32 - INFO: P/B (Ticker: BSX): 6.95
2025-07-06 - 06:25:32 - INFO: Industry: Auto Parts
2025-07-06 - 06:25:32 - INFO: Calculating Earnings Variability (EVAR) using Net Income over 3 year period (Ticker: 6758.T).
2025-07-06 - 06:25:32 - INFO: P/B (Ticker: 7974.T): 5.64
2025-07-06 - 06:25:32 - INFO: ROA - Calc (Ticker: SPOT): 9.48 %
2025-07-06 - 06:25:32 - INFO: Profit Margin (Ticker: GE): 17.63 %
2025-07-06 - 06:25:32 - INFO: EVAR 4Y (Net Income) (Ticker: 6758.T): 11.26%
2025-07-06 - 06:25:32 - INFO: Sector: Industrials
2025-07-06 - 06:25:32 - INFO: CAGR 4Y (EPS) (Ticker: 6758.T): 9.85 %
2025-07-06 - 06:25:32 - INFO: Industry: Aerospace & Defense
2025-07-06 - 06:25:32 - INFO: CAGR 4Y (Net Income) (Ticker: 6758.T): 8.97 %
2025-07-06 - 06:25:32 - INFO: Dividend Yield (Ticker: 6758.T): 0.67 %
2025-07-06 - 06:25:32 - INFO: ROE (ttm) (Yahoo Finance) (Ticker: 6758.T): 14.18 %
2025-07-06 - 06:25:32 - INFO: CFOA (annual) (Ticker: SPOT): 19.17 %
2025-07-06 - 06:25:32 - INFO: Fetched Earnings data (EPS) for 4 years period (Ticker: BSX).
2025-07-06 - 06:25:32 - INFO: EPS (latest) (Ticker: BSX): 1.26
2025-07-06 - 06:25:32 - INFO: Fetched Earnings data (Net Income) for 4 years period (Ticker: BSX).
2025-07-06 - 06:25:32 - INFO: Fetched Earnings data (EPS) for 4 years period (Ticker: 7974.T).
2025-07-06 - 06:25:32 - INFO: Calculating Earnings Variability (EVAR) using EPS over 3 year period (Ticker: BSX).
2025-07-06 - 06:25:32 - INFO: EPS (latest) (Ticker: 7974.T): 239.47
2025-07-06 - 06:25:32 - INFO: EVAR 4Y (EPS) (Ticker: BSX): 89.82%
2025-07-06 - 06:25:32 - INFO: ROE - Calc (Ticker: 6758.T): 14.48 %
2025-07-06 - 06:25:32 - INFO: Fetched Earnings data (Net Income) for 4 years period (Ticker: 7974.T).
2025-07-06 - 06:25:32 - INFO: Calculating Earnings Variability (EVAR) using Net Income over 3 year period (Ticker: BSX).
2025-07-06 - 06:25:32 - INFO: ROE - MSCI (Ticker: 6758.T): 14.29 %
2025-07-06 - 06:25:32 - INFO: Calculating Earnings Variability (EVAR) using EPS over 3 year period (Ticker: 7974.T).
2025-07-06 - 06:25:32 - INFO: EVAR 4Y (Net Income) (Ticker: BSX): 82.58%
2025-07-06 - 06:25:32 - INFO: ROA (ttm) (Yahoo Finance) (Ticker: 6758.T): 2.57 %
2025-07-06 - 06:25:32 - INFO: EVAR 4Y (EPS) (Ticker: 7974.T): 28.57%
2025-07-06 - 06:25:32 - INFO: CAGR 4Y (EPS) (Ticker: BSX): 22.23 %
2025-07-06 - 06:25:32 - INFO: ROA - Calc (Ticker: 6758.T): 3.23 %
2025-07-06 - 06:25:32 - INFO: Calculating Earnings Variability (EVAR) using Net Income over 3 year period (Ticker: 7974.T).
2025-07-06 - 06:25:32 - INFO: CAGR 4Y (Net Income) (Ticker: BSX): 21.21 %
2025-07-06 - 06:25:32 - INFO: EBIT/TEV (Ticker: RHM.DE): 1.9 %
2025-07-06 - 06:25:32 - INFO: EVAR 4Y (Net Income) (Ticker: 7974.T): 28.44%
2025-07-06 - 06:25:32 - INFO: Dividend Yield (Ticker: BSX): N/A
2025-07-06 - 06:25:32 - INFO: P/B (Ticker: RHM.DE): 17.52
2025-07-06 - 06:25:32 - INFO: CAGR 4Y (EPS) (Ticker: 7974.T): -16.04 %
2025-07-06 - 06:25:32 - INFO: ROE (ttm) (Yahoo Finance) (Ticker: BSX): 9.5 %
2025-07-06 - 06:25:32 - INFO: CFOA (ttm) (Ticker: SPOT): 23.17 %
2025-07-06 - 06:25:32 - INFO: CAGR 4Y (Net Income) (Ticker: 7974.T): -16.43 %
2025-07-06 - 06:25:32 - INFO: GPOA (Ticker: SPOT): 39.35 %
2025-07-06 - 06:25:32 - INFO: Dividend Yield (Ticker: 7974.T): 0.86 %
2025-07-06 - 06:25:32 - INFO: GPMAR (Ticker: SPOT): 30.14 %
2025-07-06 - 06:25:32 - INFO: ROE (ttm) (Yahoo Finance) (Ticker: 7974.T): 10.46 %
2025-07-06 - 06:25:32 - INFO: Profit Margin (Ticker: SPOT): 7.19 %
2025-07-06 - 06:25:32 - INFO: Sector: Communication Services
2025-07-06 - 06:25:32 - INFO: Industry: Internet Content & Information
2025-07-06 - 06:25:33 - INFO: ---------------------- GILD ----------------------
2025-07-06 - 06:25:33 - INFO: P/E (Forward) (Ticker: GILD): 15.04
2025-07-06 - 06:25:33 - INFO: CFOA (annual) (Ticker: 6758.T): 6.58 %
2025-07-06 - 06:25:33 - INFO: P/E (Trailing) (Ticker: GILD): 23.48
2025-07-06 - 06:25:33 - INFO: ROE - Calc (Ticker: BSX): 9.64 %
2025-07-06 - 06:25:33 - INFO: ---------------------- DTE ----------------------
2025-07-06 - 06:25:33 - INFO: ROE - MSCI (Ticker: BSX): 9.29 %
2025-07-06 - 06:25:33 - INFO: Fetched Earnings data (EPS) for 4 years period (Ticker: RHM.DE).
2025-07-06 - 06:25:33 - INFO: P/E (Forward) (Ticker: DTE): 18.3
2025-07-06 - 06:25:33 - INFO: ROA (ttm) (Yahoo Finance) (Ticker: BSX): 5.28 %
2025-07-06 - 06:25:33 - INFO: EPS (latest) (Ticker: RHM.DE): 16.51
2025-07-06 - 06:25:33 - INFO: ROA - Calc (Ticker: BSX): 4.71 %
2025-07-06 - 06:25:33 - INFO: Fetched Earnings data (Net Income) for 4 years period (Ticker: RHM.DE).
2025-07-06 - 06:25:33 - ERROR: Error calculating ROE (ttm) (Ticker: 7974.T): Cannot calculate ROE (Ticker: 7974.T): An error occurred: Cannot calculate Net Income TTM! Not enough Net Income Quarterly data is available (Ticker: 7974.T). 
 Data for at least 4 quarters is required .
2025-07-06 - 06:25:33 - INFO: P/E (Trailing) (Ticker: DTE): 17.83
2025-07-06 - 06:25:33 - INFO: Calculating Earnings Variability (EVAR) using EPS over 3 year period (Ticker: RHM.DE).
2025-07-06 - 06:25:33 - ERROR: Unhandled error analyzing stock (Ticker: 7974.T)
2025-07-06 - 06:25:33 - INFO: EVAR 4Y (EPS) (Ticker: RHM.DE): 25.18%
2025-07-06 - 06:25:33 - ERROR: Cannot calculate Trailing EPS! Not enough EPS data for the last 4 quarters (Ticker: 7974.T).
Traceback (most recent call last):
  File "StockFactorScreener.py", line 605, in analyze_stock
  File "ProfitabilityCalculator.py", line 304, in calc_roe_msci
  File "EarningsEngine.py", line 351, in calc_eps_ttm
EarningsEngine.EPSCalcError: Cannot calculate Trailing EPS! Not enough EPS data for the last 4 quarters (Ticker: 7974.T).
2025-07-06 - 06:25:33 - INFO: Calculating Earnings Variability (EVAR) using Net Income over 3 year period (Ticker: RHM.DE).
2025-07-06 - 06:25:33 - INFO: EVAR 4Y (Net Income) (Ticker: RHM.DE): 25.11%
2025-07-06 - 06:25:33 - INFO: CAGR 4Y (EPS) (Ticker: RHM.DE): 34.94 %
2025-07-06 - 06:25:33 - INFO: CFOA (ttm) (Ticker: 6758.T): 6.62 %
2025-07-06 - 06:25:33 - INFO: CAGR 4Y (Net Income) (Ticker: RHM.DE): 35.06 %
2025-07-06 - 06:25:33 - INFO: GPOA (Ticker: 6758.T): 10.38 %
2025-07-06 - 06:25:33 - INFO: Dividend Yield (Ticker: RHM.DE): 0.46 %
2025-07-06 - 06:25:33 - INFO: GPMAR (Ticker: 6758.T): 28.27 %
2025-07-06 - 06:25:33 - INFO: ROE (ttm) (Yahoo Finance) (Ticker: RHM.DE): 22.01 %
2025-07-06 - 06:25:33 - INFO: Profit Margin (Ticker: 6758.T): 8.81 %
2025-07-06 - 06:25:33 - INFO: Sector: Technology
2025-07-06 - 06:25:33 - INFO: Industry: Consumer Electronics
2025-07-06 - 06:25:33 - INFO: ---------------------- ROG ----------------------
2025-07-06 - 06:25:33 - INFO: P/E (Forward) (Ticker: ROG): 20.8
2025-07-06 - 06:25:33 - INFO: EBIT/TEV (Ticker: GILD): 6.89 %
2025-07-06 - 06:25:33 - INFO: P/E (Trailing) (Ticker: ROG): 81.6
2025-07-06 - 06:25:33 - INFO: P/B (Ticker: GILD): 7.26
2025-07-06 - 06:25:33 - INFO: CFOA (annual) (Ticker: BSX): 8.72 %
2025-07-06 - 06:25:34 - INFO: ROE - Calc (Ticker: RHM.DE): 19.26 %
2025-07-06 - 06:25:34 - INFO: ROE - MSCI (Ticker: RHM.DE): 8.42 %
2025-07-06 - 06:25:34 - INFO: ROA (ttm) (Yahoo Finance) (Ticker: RHM.DE): 7.06 %
2025-07-06 - 06:25:34 - INFO: ROA - Calc (Ticker: RHM.DE): 5.00 %
2025-07-06 - 06:25:34 - INFO: EBIT/TEV (Ticker: DTE): 4.59 %
2025-07-06 - 06:25:34 - INFO: P/B (Ticker: DTE): 2.3
2025-07-06 - 06:25:34 - INFO: CFOA (ttm) (Ticker: BSX): 9.86 %
2025-07-06 - 06:25:34 - INFO: GPOA (Ticker: BSX): 29.17 %
2025-07-06 - 06:25:34 - INFO: GPMAR (Ticker: BSX): 68.61 %
2025-07-06 - 06:25:34 - INFO: Profit Margin (Ticker: BSX): 11.58 %
2025-07-06 - 06:25:34 - INFO: Sector: Healthcare
2025-07-06 - 06:25:34 - INFO: Fetched Earnings data (EPS) for 4 years period (Ticker: GILD).
2025-07-06 - 06:25:34 - INFO: Industry: Medical Devices
2025-07-06 - 06:25:34 - INFO: EPS (latest) (Ticker: GILD): 0.38
2025-07-06 - 06:25:34 - INFO: CFOA (annual) (Ticker: RHM.DE): 11.99 %
2025-07-06 - 06:25:34 - INFO: Fetched Earnings data (Net Income) for 4 years period (Ticker: GILD).
2025-07-06 - 06:25:34 - INFO: Fetched Earnings data (EPS) for 4 years period (Ticker: DTE).
2025-07-06 - 06:25:34 - INFO: Calculating Earnings Variability (EVAR) using EPS over 3 year period (Ticker: GILD).
2025-07-06 - 06:25:34 - INFO: EPS (latest) (Ticker: DTE): 6.78
2025-07-06 - 06:25:34 - INFO: EVAR 4Y (EPS) (Ticker: GILD): 58.0%
2025-07-06 - 06:25:34 - INFO: Fetched Earnings data (Net Income) for 4 years period (Ticker: DTE).
2025-07-06 - 06:25:34 - INFO: Calculating Earnings Variability (EVAR) using Net Income over 3 year period (Ticker: GILD).
2025-07-06 - 06:25:34 - INFO: Calculating Earnings Variability (EVAR) using EPS over 3 year period (Ticker: DTE).
2025-07-06 - 06:25:34 - INFO: EVAR 4Y (EPS) (Ticker: DTE): 11.82%
2025-07-06 - 06:25:34 - INFO: EVAR 4Y (Net Income) (Ticker: GILD): 57.63%
2025-07-06 - 06:25:34 - INFO: EBIT/TEV (Ticker: ROG): 3.55 %
2025-07-06 - 06:25:34 - INFO: Calculating Earnings Variability (EVAR) using Net Income over 3 year period (Ticker: DTE).
2025-07-06 - 06:25:34 - INFO: CAGR 4Y (EPS) (Ticker: GILD): -57.53 %
2025-07-06 - 06:25:34 - INFO: ---------------------- IBE.MC ----------------------
2025-07-06 - 06:25:34 - INFO: ---------------------- BKNG ----------------------
2025-07-06 - 06:25:34 - INFO: P/B (Ticker: ROG): 1.07
2025-07-06 - 06:25:34 - INFO: EVAR 4Y (Net Income) (Ticker: DTE): 14.5%
2025-07-06 - 06:25:34 - INFO: CAGR 4Y (Net Income) (Ticker: GILD): -57.44 %
2025-07-06 - 06:25:34 - INFO: P/E (Forward) (Ticker: IBE.MC): 22.39
2025-07-06 - 06:25:34 - INFO: P/E (Forward) (Ticker: BKNG): 27.24
2025-07-06 - 06:25:34 - INFO: CAGR 4Y (EPS) (Ticker: DTE): 13.15 %
2025-07-06 - 06:25:34 - INFO: Dividend Yield (Ticker: GILD): 2.85 %
2025-07-06 - 06:25:34 - INFO: P/E (Trailing) (Ticker: IBE.MC): 25.65
2025-07-06 - 06:25:34 - INFO: P/E (Trailing) (Ticker: BKNG): 35.59
2025-07-06 - 06:25:34 - INFO: CFOA (ttm) (Ticker: RHM.DE): 16.68 %
2025-07-06 - 06:25:34 - INFO: CAGR 4Y (Net Income) (Ticker: DTE): 15.68 %
2025-07-06 - 06:25:34 - INFO: ROE (ttm) (Yahoo Finance) (Ticker: GILD): 32.65 %
2025-07-06 - 06:25:34 - INFO: GPOA (Ticker: RHM.DE): 35.27 %
2025-07-06 - 06:25:34 - INFO: Dividend Yield (Ticker: DTE): 3.29 %
2025-07-06 - 06:25:34 - INFO: GPMAR (Ticker: RHM.DE): 51.88 %
2025-07-06 - 06:25:34 - INFO: ROE (ttm) (Yahoo Finance) (Ticker: DTE): 13.3 %
2025-07-06 - 06:25:34 - INFO: Profit Margin (Ticker: RHM.DE): 7.19 %
2025-07-06 - 06:25:34 - INFO: Sector: Industrials
2025-07-06 - 06:25:34 - INFO: Industry: Aerospace & Defense
2025-07-06 - 06:25:34 - INFO: Fetched Earnings data (EPS) for 4 years period (Ticker: ROG).
2025-07-06 - 06:25:34 - INFO: EPS (latest) (Ticker: ROG): 3.04
2025-07-06 - 06:25:34 - INFO: Fetched Earnings data (Net Income) for 4 years period (Ticker: ROG).
2025-07-06 - 06:25:34 - INFO: Calculating Earnings Variability (EVAR) using EPS over 3 year period (Ticker: ROG).
2025-07-06 - 06:25:34 - INFO: EVAR 4Y (EPS) (Ticker: ROG): 84.37%
2025-07-06 - 06:25:35 - INFO: Calculating Earnings Variability (EVAR) using Net Income over 3 year period (Ticker: ROG).
2025-07-06 - 06:25:35 - INFO: EVAR 4Y (Net Income) (Ticker: ROG): 34.97%
2025-07-06 - 06:25:35 - INFO: CAGR 4Y (EPS) (Ticker: ROG): 4.29 %
2025-07-06 - 06:25:35 - INFO: CAGR 4Y (Net Income) (Ticker: ROG): -37.73 %
2025-07-06 - 06:25:35 - INFO: Dividend Yield (Ticker: ROG): N/A
2025-07-06 - 06:25:35 - INFO: ROE - Calc (Ticker: GILD): 32.51 %
2025-07-06 - 06:25:35 - INFO: ROE (ttm) (Yahoo Finance) (Ticker: ROG): 1.34 %
2025-07-06 - 06:25:35 - INFO: ROE - Calc (Ticker: DTE): 13.30 %
2025-07-06 - 06:25:35 - INFO: ROE - MSCI (Ticker: GILD): 30.89 %
2025-07-06 - 06:25:35 - INFO: ROE - MSCI (Ticker: DTE): 13.08 %
2025-07-06 - 06:25:35 - INFO: ROA (ttm) (Yahoo Finance) (Ticker: GILD): 12.14 %
2025-07-06 - 06:25:35 - INFO: ROA (ttm) (Yahoo Finance) (Ticker: DTE): 2.92 %
2025-07-06 - 06:25:35 - INFO: EBIT/TEV (Ticker: BKNG): 4.19 %
2025-07-06 - 06:25:35 - INFO: ROA - Calc (Ticker: GILD): 0.81 %
2025-07-06 - 06:25:35 - INFO: ROA - Calc (Ticker: DTE): 2.87 %
2025-07-06 - 06:25:35 - INFO: P/B (Ticker: BKNG): -30.58
2025-07-06 - 06:25:35 - INFO: ---------------------- RR.L ----------------------
2025-07-06 - 06:25:35 - INFO: P/E (Forward) (Ticker: RR.L): 0.46
2025-07-06 - 06:25:35 - INFO: P/E (Trailing) (Ticker: RR.L): 32.09
2025-07-06 - 06:25:35 - INFO: EBIT/TEV (Ticker: IBE.MC): 7.84 %
2025-07-06 - 06:25:35 - INFO: Fetched Earnings data (EPS) for 4 years period (Ticker: BKNG).
2025-07-06 - 06:25:35 - INFO: P/B (Ticker: IBE.MC): 2.18
2025-07-06 - 06:25:35 - INFO: EPS (latest) (Ticker: BKNG): 174.96
2025-07-06 - 06:25:35 - INFO: Fetched Earnings data (Net Income) for 4 years period (Ticker: BKNG).
2025-07-06 - 06:25:35 - INFO: CFOA (annual) (Ticker: GILD): 18.35 %
2025-07-06 - 06:25:35 - INFO: Calculating Earnings Variability (EVAR) using EPS over 3 year period (Ticker: BKNG).
2025-07-06 - 06:25:35 - INFO: EVAR 4Y (EPS) (Ticker: BKNG): 68.85%
2025-07-06 - 06:25:35 - INFO: Calculating Earnings Variability (EVAR) using Net Income over 3 year period (Ticker: BKNG).
2025-07-06 - 06:25:35 - INFO: CFOA (annual) (Ticker: DTE): 7.46 %
2025-07-06 - 06:25:35 - INFO: EVAR 4Y (Net Income) (Ticker: BKNG): 71.49%
2025-07-06 - 06:25:35 - INFO: ROE - Calc (Ticker: ROG): 1.34 %
2025-07-06 - 06:25:35 - INFO: CAGR 4Y (EPS) (Ticker: BKNG): 83.34 %
2025-07-06 - 06:25:35 - INFO: CAGR 4Y (Net Income) (Ticker: BKNG): 71.55 %
2025-07-06 - 06:25:35 - INFO: ROE - MSCI (Ticker: ROG): 2.06 %
2025-07-06 - 06:25:35 - INFO: ---------------------- ENR ----------------------
2025-07-06 - 06:25:35 - INFO: Dividend Yield (Ticker: BKNG): 0.66 %
2025-07-06 - 06:25:35 - INFO: ROA (ttm) (Yahoo Finance) (Ticker: ROG): 1.78 %
2025-07-06 - 06:25:35 - INFO: Fetched Earnings data (EPS) for 4 years period (Ticker: IBE.MC).
2025-07-06 - 06:25:35 - INFO: P/E (Forward) (Ticker: ENR): 6.09
2025-07-06 - 06:25:35 - INFO: ROE (ttm) (Yahoo Finance) (Ticker: BKNG): N/A
2025-07-06 - 06:25:35 - INFO: ROA - Calc (Ticker: ROG): 1.76 %
2025-07-06 - 06:25:35 - INFO: EPS (latest) (Ticker: IBE.MC): 0.84
2025-07-06 - 06:25:35 - INFO: P/E (Trailing) (Ticker: ENR): 29.07
2025-07-06 - 06:25:35 - INFO: Fetched Earnings data (Net Income) for 4 years period (Ticker: IBE.MC).
2025-07-06 - 06:25:35 - INFO: Calculating Earnings Variability (EVAR) using EPS over 3 year period (Ticker: IBE.MC).
2025-07-06 - 06:25:35 - INFO: EVAR 4Y (EPS) (Ticker: IBE.MC): 66.93%
2025-07-06 - 06:25:35 - INFO: Calculating Earnings Variability (EVAR) using Net Income over 3 year period (Ticker: IBE.MC).
2025-07-06 - 06:25:35 - INFO: EVAR 4Y (Net Income) (Ticker: IBE.MC): 3.3%
2025-07-06 - 06:25:35 - INFO: CAGR 4Y (EPS) (Ticker: IBE.MC): -88.61 %
2025-07-06 - 06:25:35 - INFO: CAGR 4Y (Net Income) (Ticker: IBE.MC): 13.04 %
2025-07-06 - 06:25:35 - INFO: Dividend Yield (Ticker: IBE.MC): 3.9 %
2025-07-06 - 06:25:35 - INFO: ROE (ttm) (Yahoo Finance) (Ticker: IBE.MC): 8.43 %
2025-07-06 - 06:25:36 - INFO: CFOA (ttm) (Ticker: GILD): 18.55 %
2025-07-06 - 06:25:36 - INFO: CFOA (ttm) (Ticker: DTE): 7.39 %
2025-07-06 - 06:25:36 - INFO: GPOA (Ticker: GILD): 38.14 %
2025-07-06 - 06:25:36 - INFO: GPOA (Ticker: DTE): 8.88 %
2025-07-06 - 06:25:36 - INFO: GPMAR (Ticker: GILD): 78.26 %
2025-07-06 - 06:25:36 - INFO: GPMAR (Ticker: DTE): 34.82 %
2025-07-06 - 06:25:36 - INFO: CFOA (annual) (Ticker: ROG): 8.58 %
2025-07-06 - 06:25:36 - INFO: Profit Margin (Ticker: DTE): 11.25 %
2025-07-06 - 06:25:36 - INFO: Profit Margin (Ticker: GILD): 20.76 %
2025-07-06 - 06:25:36 - INFO: Sector: Utilities
2025-07-06 - 06:25:36 - INFO: Sector: Healthcare
2025-07-06 - 06:25:36 - INFO: Industry: Utilities - Regulated Electric
2025-07-06 - 06:25:36 - INFO: Industry: Drug Manufacturers - General
2025-07-06 - 06:25:36 - INFO: ROE - Calc (Ticker: IBE.MC): 12.35 %
2025-07-06 - 06:25:36 - INFO: ROE - Calc (Ticker: BKNG): N/A
2025-07-06 - 06:25:36 - ERROR: Unhandled error analyzing stock (Ticker: IBE.MC)
2025-07-06 - 06:25:36 - INFO: ROE - MSCI (Ticker: BKNG): -93.34 %
2025-07-06 - 06:25:36 - ERROR: Cannot calculate Trailing EPS! Not enough EPS data for the last 4 quarters (Ticker: IBE.MC).
Traceback (most recent call last):
  File "StockFactorScreener.py", line 605, in analyze_stock
  File "ProfitabilityCalculator.py", line 304, in calc_roe_msci
  File "EarningsEngine.py", line 351, in calc_eps_ttm
EarningsEngine.EPSCalcError: Cannot calculate Trailing EPS! Not enough EPS data for the last 4 quarters (Ticker: IBE.MC).
2025-07-06 - 06:25:36 - INFO: ROA (ttm) (Yahoo Finance) (Ticker: BKNG): 17.96 %
2025-07-06 - 06:25:36 - INFO: ROA - Calc (Ticker: BKNG): 21.23 %
2025-07-06 - 06:25:36 - INFO: CFOA (ttm) (Ticker: ROG): 7.36 %
2025-07-06 - 06:25:36 - INFO: GPOA (Ticker: ROG): 18.71 %
2025-07-06 - 06:25:36 - INFO: GPMAR (Ticker: ROG): 33.38 %
2025-07-06 - 06:25:36 - INFO: Profit Margin (Ticker: ROG): 2.09 %
2025-07-06 - 06:25:36 - INFO: Sector: Technology
2025-07-06 - 06:25:36 - INFO: Industry: Electronic Components
2025-07-06 - 06:25:36 - INFO: EBIT/TEV (Ticker: ENR): 7.06 %
2025-07-06 - 06:25:36 - INFO: P/B (Ticker: ENR): 11.6
2025-07-06 - 06:25:36 - INFO: EBIT/TEV (Ticker: RR.L): 5.68 %
2025-07-06 - 06:25:36 - INFO: P/B (Ticker: RR.L): -8831.19
2025-07-06 - 06:25:36 - INFO: Fetched Earnings data (EPS) for 4 years period (Ticker: RR.L).
2025-07-06 - 06:25:36 - INFO: EPS (latest) (Ticker: RR.L): 0.3
2025-07-06 - 06:25:36 - INFO: Fetched Earnings data (Net Income) for 4 years period (Ticker: RR.L).
2025-07-06 - 06:25:36 - INFO: Calculating Earnings Variability (EVAR) using EPS over 3 year period (Ticker: RR.L).
2025-07-06 - 06:25:36 - INFO: EVAR 4Y (EPS) (Ticker: RR.L): 765.46%
2025-07-06 - 06:25:36 - INFO: Calculating Earnings Variability (EVAR) using Net Income over 3 year period (Ticker: RR.L).
2025-07-06 - 06:25:36 - INFO: EVAR 4Y (Net Income) (Ticker: RR.L): 766.73%
2025-07-06 - 06:25:36 - INFO: CAGR 4Y (EPS) (Ticker: RR.L): 175.31 %
2025-07-06 - 06:25:36 - INFO: CAGR 4Y (Net Income) (Ticker: RR.L): 175.93 %
2025-07-06 - 06:25:36 - INFO: Dividend Yield (Ticker: RR.L): 0.62 %
2025-07-06 - 06:25:36 - INFO: ROE (ttm) (Yahoo Finance) (Ticker: RR.L): N/A
2025-07-06 - 06:25:36 - ERROR: Error calculating ROE (ttm) (Ticker: RR.L): Cannot calculate ROE (Ticker: RR.L): An error occurred: Cannot calculate Net Income TTM! Net Income data is missing in the Quarterly Income Statement (Ticker: RR.L).
2025-07-06 - 06:25:36 - ERROR: Unhandled error analyzing stock (Ticker: RR.L)
2025-07-06 - 06:25:36 - INFO: CFOA (annual) (Ticker: BKNG): 30.04 %
2025-07-06 - 06:25:36 - ERROR: Cannot calculate Trailing EPS! EPS data is missing (Ticker: RR.L).
Traceback (most recent call last):
  File "StockFactorScreener.py", line 605, in analyze_stock
  File "ProfitabilityCalculator.py", line 304, in calc_roe_msci
  File "EarningsEngine.py", line 343, in calc_eps_ttm
EarningsEngine.EPSCalcError: Cannot calculate Trailing EPS! EPS data is missing (Ticker: RR.L).
2025-07-06 - 06:25:36 - INFO: Fetched Earnings data (EPS) for 4 years period (Ticker: ENR).
2025-07-06 - 06:25:36 - INFO: EPS (latest) (Ticker: ENR): 0.53
2025-07-06 - 06:25:36 - INFO: Fetched Earnings data (Net Income) for 4 years period (Ticker: ENR).
2025-07-06 - 06:25:36 - INFO: Calculating Earnings Variability (EVAR) using EPS over 3 year period (Ticker: ENR).
2025-07-06 - 06:25:36 - INFO: EVAR 4Y (EPS) (Ticker: ENR): 209.13%
2025-07-06 - 06:25:36 - INFO: Calculating Earnings Variability (EVAR) using Net Income over 3 year period (Ticker: ENR).
2025-07-06 - 06:25:36 - INFO: EVAR 4Y (Net Income) (Ticker: ENR): 203.09%
2025-07-06 - 06:25:36 - INFO: CAGR 4Y (EPS) (Ticker: ENR): -37.0 %
2025-07-06 - 06:25:36 - INFO: CAGR 4Y (Net Income) (Ticker: ENR): -38.13 %
2025-07-06 - 06:25:36 - INFO: Dividend Yield (Ticker: ENR): 5.95 %
2025-07-06 - 06:25:36 - INFO: ROE (ttm) (Yahoo Finance) (Ticker: ENR): 33.46 %
2025-07-06 - 06:25:37 - INFO: ---------------------- MSTR ----------------------
2025-07-06 - 06:25:37 - INFO: P/E (Forward) (Ticker: MSTR): -939.51
2025-07-06 - 06:25:37 - INFO: P/E (Trailing) (Ticker: MSTR): N/A
2025-07-06 - 06:25:37 - INFO: CFOA (ttm) (Ticker: BKNG): 31.96 %
2025-07-06 - 06:25:37 - INFO: ROE - Calc (Ticker: ENR): 33.46 %
2025-07-06 - 06:25:37 - INFO: ROE - MSCI (Ticker: ENR): 40.44 %
2025-07-06 - 06:25:37 - INFO: ROA (ttm) (Yahoo Finance) (Ticker: ENR): 6.62 %
2025-07-06 - 06:25:37 - INFO: ROA - Calc (Ticker: ENR): 0.88 %
2025-07-06 - 06:25:37 - INFO: ---------------------- GS ----------------------
2025-07-06 - 06:25:37 - INFO: P/E (Forward) (Ticker: GS): 17.41
2025-07-06 - 06:25:37 - INFO: ---------------------- PGR ----------------------
2025-07-06 - 06:25:37 - INFO: P/E (Trailing) (Ticker: GS): 16.81
2025-07-06 - 06:25:37 - INFO: P/E (Forward) (Ticker: PGR): 18.96
2025-07-06 - 06:25:37 - INFO: P/E (Trailing) (Ticker: PGR): 17.63
2025-07-06 - 06:25:37 - INFO: ---------------------- SAN ----------------------
2025-07-06 - 06:25:37 - INFO: P/E (Forward) (Ticker: SAN): 10.82
2025-07-06 - 06:25:37 - INFO: P/E (Trailing) (Ticker: SAN): 9.0
2025-07-06 - 06:25:37 - INFO: CFOA (annual) (Ticker: ENR): 9.89 %
2025-07-06 - 06:25:37 - INFO: EBIT/TEV (Ticker: MSTR): -0.05 %
2025-07-06 - 06:25:37 - INFO: P/B (Ticker: MSTR): 3.34
2025-07-06 - 06:25:37 - INFO: ---------------------- TJX ----------------------
2025-07-06 - 06:25:37 - INFO: CFOA (ttm) (Ticker: ENR): 6.55 %
2025-07-06 - 06:25:37 - INFO: P/E (Forward) (Ticker: TJX): 27.36
2025-07-06 - 06:25:37 - INFO: EBIT/TEV (Ticker: PGR): 7.39 %
2025-07-06 - 06:25:37 - INFO: GPOA (Ticker: ENR): 25.43 %
2025-07-06 - 06:25:37 - INFO: P/E (Trailing) (Ticker: TJX): 29.61
2025-07-06 - 06:25:38 - INFO: EBIT/TEV (Ticker: GS): 4.81 %
2025-07-06 - 06:25:38 - INFO: P/B (Ticker: PGR): 5.3
2025-07-06 - 06:25:38 - INFO: GPMAR (Ticker: ENR): 38.25 %
2025-07-06 - 06:25:38 - INFO: EBIT/TEV (Ticker: SAN): 28.38 %
2025-07-06 - 06:25:38 - INFO: P/B (Ticker: GS): 1.95
2025-07-06 - 06:25:38 - INFO: Fetched Earnings data (EPS) for 4 years period (Ticker: MSTR).
2025-07-06 - 06:25:38 - INFO: Profit Margin (Ticker: ENR): 1.88 %
2025-07-06 - 06:25:38 - INFO: P/B (Ticker: SAN): 1.27
2025-07-06 - 06:25:38 - INFO: EPS (latest) (Ticker: MSTR): -6.06
2025-07-06 - 06:25:38 - INFO: Sector: Industrials
2025-07-06 - 06:25:38 - INFO: Fetched Earnings data (Net Income) for 4 years period (Ticker: MSTR).
2025-07-06 - 06:25:38 - INFO: Industry: Electrical Equipment & Parts
2025-07-06 - 06:25:38 - INFO: Calculating Earnings Variability (EVAR) using EPS over 3 year period (Ticker: MSTR).
2025-07-06 - 06:25:38 - INFO: EVAR 4Y (EPS) (Ticker: MSTR): 211.33%
2025-07-06 - 06:25:38 - INFO: Calculating Earnings Variability (EVAR) using Net Income over 3 year period (Ticker: MSTR).
2025-07-06 - 06:25:38 - INFO: EVAR 4Y (Net Income) (Ticker: MSTR): 252.41%
2025-07-06 - 06:25:38 - INFO: CAGR 4Y (EPS) (Ticker: MSTR): -4.28 %
2025-07-06 - 06:25:38 - INFO: CAGR 4Y (Net Income) (Ticker: MSTR): -29.64 %
2025-07-06 - 06:25:38 - INFO: Dividend Yield (Ticker: MSTR): N/A
2025-07-06 - 06:25:38 - INFO: ROE (ttm) (Yahoo Finance) (Ticker: MSTR): -29.68 %
2025-07-06 - 06:25:38 - INFO: Fetched Earnings data (EPS) for 4 years period (Ticker: GS).
2025-07-06 - 06:25:38 - INFO: Fetched Earnings data (EPS) for 4 years period (Ticker: PGR).
2025-07-06 - 06:25:38 - INFO: EPS (latest) (Ticker: GS): 41.07
2025-07-06 - 06:25:38 - INFO: EPS (latest) (Ticker: PGR): 14.45
2025-07-06 - 06:25:38 - INFO: ROE - Calc (Ticker: MSTR): -29.68 %
2025-07-06 - 06:25:38 - INFO: Fetched Earnings data (Net Income) for 4 years period (Ticker: GS).
2025-07-06 - 06:25:38 - INFO: Fetched Earnings data (EPS) for 4 years period (Ticker: SAN).
2025-07-06 - 06:25:38 - INFO: Fetched Earnings data (Net Income) for 4 years period (Ticker: PGR).
2025-07-06 - 06:25:38 - INFO: ROE - MSCI (Ticker: MSTR): -16.9 %
2025-07-06 - 06:25:38 - INFO: Calculating Earnings Variability (EVAR) using EPS over 3 year period (Ticker: GS).
2025-07-06 - 06:25:38 - INFO: EPS (latest) (Ticker: SAN): 0.65
2025-07-06 - 06:25:38 - INFO: Calculating Earnings Variability (EVAR) using EPS over 3 year period (Ticker: PGR).
2025-07-06 - 06:25:38 - INFO: ROA (ttm) (Yahoo Finance) (Ticker: MSTR): -18.82 %
2025-07-06 - 06:25:38 - INFO: EVAR 4Y (EPS) (Ticker: GS): 67.61%
2025-07-06 - 06:25:38 - INFO: Fetched Earnings data (Net Income) for 4 years period (Ticker: SAN).
2025-07-06 - 06:25:38 - INFO: EVAR 4Y (EPS) (Ticker: PGR): 270.28%
2025-07-06 - 06:25:38 - INFO: EBIT/TEV (Ticker: TJX): 4.21 %
2025-07-06 - 06:25:38 - INFO: ROA - Calc (Ticker: MSTR): -4.51 %
2025-07-06 - 06:25:38 - INFO: Calculating Earnings Variability (EVAR) using Net Income over 3 year period (Ticker: GS).
2025-07-06 - 06:25:38 - INFO: Calculating Earnings Variability (EVAR) using EPS over 3 year period (Ticker: SAN).
2025-07-06 - 06:25:38 - INFO: Calculating Earnings Variability (EVAR) using Net Income over 3 year period (Ticker: PGR).
2025-07-06 - 06:25:38 - INFO: P/B (Ticker: TJX): 16.52
2025-07-06 - 06:25:38 - INFO: EVAR 4Y (Net Income) (Ticker: GS): 61.08%
2025-07-06 - 06:25:38 - INFO: EVAR 4Y (EPS) (Ticker: SAN): 91.93%
2025-07-06 - 06:25:38 - INFO: EVAR 4Y (Net Income) (Ticker: PGR): 262.12%
2025-07-06 - 06:25:38 - INFO: CAGR 4Y (EPS) (Ticker: GS): -11.99 %
2025-07-06 - 06:25:38 - INFO: Calculating Earnings Variability (EVAR) using Net Income over 3 year period (Ticker: SAN).
2025-07-06 - 06:25:38 - INFO: CAGR 4Y (EPS) (Ticker: PGR): 36.43 %
2025-07-06 - 06:25:38 - INFO: CAGR 4Y (Net Income) (Ticker: GS): -12.94 %
2025-07-06 - 06:25:38 - INFO: EVAR 4Y (Net Income) (Ticker: SAN): 2.37%
2025-07-06 - 06:25:38 - INFO: CAGR 4Y (Net Income) (Ticker: PGR): 36.27 %
2025-07-06 - 06:25:38 - INFO: Dividend Yield (Ticker: GS): 1.7 %
2025-07-06 - 06:25:38 - INFO: CAGR 4Y (EPS) (Ticker: SAN): 47.6 %
2025-07-06 - 06:25:38 - INFO: Dividend Yield (Ticker: PGR): 1.84 %
2025-07-06 - 06:25:38 - INFO: ROE (ttm) (Yahoo Finance) (Ticker: GS): 12.22 %
2025-07-06 - 06:25:38 - INFO: CAGR 4Y (Net Income) (Ticker: SAN): 15.67 %
2025-07-06 - 06:25:38 - INFO: ROE (ttm) (Yahoo Finance) (Ticker: PGR): 34.34 %
2025-07-06 - 06:25:38 - INFO: Dividend Yield (Ticker: SAN): 2.99 %
2025-07-06 - 06:25:38 - INFO: ROE (ttm) (Yahoo Finance) (Ticker: SAN): 13.33 %
2025-07-06 - 06:25:38 - INFO: CFOA (annual) (Ticker: MSTR): -0.21 %
2025-07-06 - 06:25:38 - INFO: ---------------------- ISRG ----------------------
2025-07-06 - 06:25:38 - INFO: ROE - Calc (Ticker: GS): 12.26 %
2025-07-06 - 06:25:38 - INFO: ROE - Calc (Ticker: SAN): 13.28 %
2025-07-06 - 06:25:38 - INFO: Fetched Earnings data (EPS) for 4 years period (Ticker: TJX).
2025-07-06 - 06:25:38 - INFO: P/E (Forward) (Ticker: ISRG): 69.27
2025-07-06 - 06:25:38 - INFO: ROE - MSCI (Ticker: GS): 10.77 %
2025-07-06 - 06:25:38 - INFO: ROE - MSCI (Ticker: SAN): 12.41 %
2025-07-06 - 06:25:38 - INFO: EPS (latest) (Ticker: TJX): 4.33
2025-07-06 - 06:25:38 - INFO: P/E (Trailing) (Ticker: ISRG): 79.95
2025-07-06 - 06:25:38 - INFO: ROA (ttm) (Yahoo Finance) (Ticker: GS): 0.86 %
2025-07-06 - 06:25:38 - INFO: ROE - Calc (Ticker: PGR): 34.34 %
2025-07-06 - 06:25:38 - INFO: ROA (ttm) (Yahoo Finance) (Ticker: SAN): 0.79 %
2025-07-06 - 06:25:38 - INFO: Fetched Earnings data (Net Income) for 4 years period (Ticker: TJX).
2025-07-06 - 06:25:39 - INFO: ROA - Calc (Ticker: GS): 0.85 %
2025-07-06 - 06:25:39 - INFO: GPOA (Ticker: BKNG): 82.97 %
2025-07-06 - 06:25:39 - INFO: ROE - MSCI (Ticker: PGR): 29.97 %
2025-07-06 - 06:25:39 - INFO: ROA - Calc (Ticker: SAN): 0.68 %
2025-07-06 - 06:25:39 - INFO: Calculating Earnings Variability (EVAR) using EPS over 3 year period (Ticker: TJX).
2025-07-06 - 06:25:39 - INFO: GPMAR (Ticker: BKNG): 96.84 %
2025-07-06 - 06:25:39 - ERROR: Error calculating GPOA and GPMAR TTM (Ticker: BKNG): Cannot calculate GPOA (Ticker: BKNG): 'Gross Profit' data is missing in the Income Statement.
2025-07-06 - 06:25:39 - INFO: EVAR 4Y (EPS) (Ticker: TJX): 11.62%
2025-07-06 - 06:25:39 - INFO: ROA (ttm) (Yahoo Finance) (Ticker: PGR): 6.87 %
2025-07-06 - 06:25:39 - INFO: Profit Margin (Ticker: BKNG): 22.58 %
2025-07-06 - 06:25:39 - INFO: Calculating Earnings Variability (EVAR) using Net Income over 3 year period (Ticker: TJX).
2025-07-06 - 06:25:39 - INFO: ROA - Calc (Ticker: PGR): 8.02 %
2025-07-06 - 06:25:39 - INFO: Sector: Consumer Cyclical
2025-07-06 - 06:25:39 - INFO: EVAR 4Y (Net Income) (Ticker: TJX): 11.75%
2025-07-06 - 06:25:39 - INFO: Industry: Travel Services
2025-07-06 - 06:25:39 - INFO: CAGR 4Y (EPS) (Ticker: TJX): 15.9 %
2025-07-06 - 06:25:39 - INFO: CAGR 4Y (Net Income) (Ticker: TJX): 14.0 %
2025-07-06 - 06:25:39 - INFO: Dividend Yield (Ticker: TJX): 1.38 %
2025-07-06 - 06:25:39 - INFO: ROE (ttm) (Yahoo Finance) (Ticker: TJX): 60.36 %
2025-07-06 - 06:25:39 - INFO: CFOA (ttm) (Ticker: MSTR): -0.39 %
2025-07-06 - 06:25:39 - INFO: CFOA (annual) (Ticker: PGR): 14.3 %
2025-07-06 - 06:25:39 - INFO: GPOA (Ticker: MSTR): 1.29 %
2025-07-06 - 06:25:39 - INFO: GPMAR (Ticker: MSTR): 72.06 %
2025-07-06 - 06:25:39 - INFO: CFOA (annual) (Ticker: SAN): -1.31 %
2025-07-06 - 06:25:39 - INFO: Profit Margin (Ticker: MSTR): 0.0 %
2025-07-06 - 06:25:39 - INFO: CFOA (annual) (Ticker: GS): -0.79 %
2025-07-06 - 06:25:39 - INFO: Sector: Technology
2025-07-06 - 06:25:39 - INFO: Industry: Software - Application
2025-07-06 - 06:25:39 - INFO: ROE - Calc (Ticker: TJX): 60.36 %
2025-07-06 - 06:25:39 - INFO: ROE - MSCI (Ticker: TJX): 56.34 %
2025-07-06 - 06:25:39 - INFO: ROA (ttm) (Yahoo Finance) (Ticker: TJX): 12.75 %
2025-07-06 - 06:25:39 - INFO: ROA - Calc (Ticker: TJX): 15.32 %
2025-07-06 - 06:25:39 - INFO: EBIT/TEV (Ticker: ISRG): 1.29 %
2025-07-06 - 06:25:39 - INFO: P/B (Ticker: ISRG): 11.41
2025-07-06 - 06:25:39 - INFO: CFOA (ttm) (Ticker: PGR): 15.25 %
2025-07-06 - 06:25:39 - ERROR: Error calculating CFOA (ttm) (Ticker: SAN): Error occurred while calculcating CFOA TTM (Ticker: SAN): 'Operating Cash Flow'!
2025-07-06 - 06:25:39 - INFO: CFOA (ttm) (Ticker: GS): -1.31 %
2025-07-06 - 06:25:39 - INFO: CFOA (annual) (Ticker: TJX): 19.26 %
2025-07-06 - 06:25:39 - INFO: Fetched Earnings data (EPS) for 4 years period (Ticker: ISRG).
2025-07-06 - 06:25:39 - INFO: EPS (latest) (Ticker: ISRG): 5.12
2025-07-06 - 06:25:39 - INFO: Fetched Earnings data (Net Income) for 4 years period (Ticker: ISRG).
2025-07-06 - 06:25:39 - INFO: Calculating Earnings Variability (EVAR) using EPS over 3 year period (Ticker: ISRG).
2025-07-06 - 06:25:39 - INFO: EVAR 4Y (EPS) (Ticker: ISRG): 42.01%
2025-07-06 - 06:25:39 - INFO: ---------------------- NOW ----------------------
2025-07-06 - 06:25:39 - INFO: Calculating Earnings Variability (EVAR) using Net Income over 3 year period (Ticker: ISRG).
2025-07-06 - 06:25:39 - INFO: P/E (Forward) (Ticker: NOW): 62.56
2025-07-06 - 06:25:39 - INFO: EVAR 4Y (Net Income) (Ticker: ISRG): 31.94%
2025-07-06 - 06:25:39 - INFO: P/E (Trailing) (Ticker: NOW): 140.79
2025-07-06 - 06:25:39 - INFO: CAGR 4Y (EPS) (Ticker: ISRG): 19.24 %
2025-07-06 - 06:25:39 - INFO: CAGR 4Y (Net Income) (Ticker: ISRG): 10.86 %
2025-07-06 - 06:25:39 - INFO: Dividend Yield (Ticker: ISRG): N/A
2025-07-06 - 06:25:39 - INFO: ROE (ttm) (Yahoo Finance) (Ticker: ISRG): 15.96 %
2025-07-06 - 06:25:39 - INFO: CFOA (ttm) (Ticker: TJX): 18.24 %
2025-07-06 - 06:25:39 - INFO: GPOA (Ticker: TJX): 54.33 %
2025-07-06 - 06:25:39 - INFO: GPMAR (Ticker: TJX): 30.6 %
2025-07-06 - 06:25:39 - INFO: Profit Margin (Ticker: TJX): 8.48 %
2025-07-06 - 06:25:39 - INFO: Sector: Consumer Cyclical
2025-07-06 - 06:25:39 - INFO: Industry: Apparel Retail
2025-07-06 - 06:25:40 - INFO: ROE - Calc (Ticker: ISRG): 15.94 %
2025-07-06 - 06:25:40 - INFO: ROE - MSCI (Ticker: ISRG): 14.63 %
2025-07-06 - 06:25:40 - INFO: ROA (ttm) (Yahoo Finance) (Ticker: ISRG): 8.84 %
2025-07-06 - 06:25:40 - INFO: ROA - Calc (Ticker: ISRG): 12.39 %
2025-07-06 - 06:25:40 - INFO: ---------------------- APP ----------------------
2025-07-06 - 06:25:40 - INFO: P/E (Forward) (Ticker: APP): 66.21
2025-07-06 - 06:25:40 - INFO: P/E (Trailing) (Ticker: APP): 61.78
2025-07-06 - 06:25:40 - INFO: EBIT/TEV (Ticker: NOW): 0.7 %
2025-07-06 - 06:25:40 - INFO: P/B (Ticker: NOW): 21.33
2025-07-06 - 06:25:40 - INFO: CFOA (annual) (Ticker: ISRG): 12.88 %
2025-07-06 - 06:25:40 - INFO: Fetched Earnings data (EPS) for 4 years period (Ticker: NOW).
2025-07-06 - 06:25:40 - INFO: EPS (latest) (Ticker: NOW): 6.92
2025-07-06 - 06:25:40 - INFO: Fetched Earnings data (Net Income) for 4 years period (Ticker: NOW).
2025-07-06 - 06:25:40 - INFO: Calculating Earnings Variability (EVAR) using EPS over 3 year period (Ticker: NOW).
2025-07-06 - 06:25:40 - INFO: EVAR 4Y (EPS) (Ticker: NOW): 242.17%
2025-07-06 - 06:25:40 - INFO: Calculating Earnings Variability (EVAR) using Net Income over 3 year period (Ticker: NOW).
2025-07-06 - 06:25:40 - INFO: EVAR 4Y (Net Income) (Ticker: NOW): 244.73%
2025-07-06 - 06:25:40 - INFO: CAGR 4Y (EPS) (Ticker: NOW): 81.36 %
2025-07-06 - 06:25:40 - INFO: CAGR 4Y (Net Income) (Ticker: NOW): 83.67 %
2025-07-06 - 06:25:40 - INFO: Dividend Yield (Ticker: NOW): N/A
2025-07-06 - 06:25:40 - INFO: ROE (ttm) (Yahoo Finance) (Ticker: NOW): 16.86 %
2025-07-06 - 06:25:40 - INFO: EBIT/TEV (Ticker: APP): 2.01 %
2025-07-06 - 06:25:40 - INFO: P/B (Ticker: APP): 200.85
2025-07-06 - 06:25:40 - INFO: ---------------------- RY ----------------------
2025-07-06 - 06:25:40 - INFO: CFOA (ttm) (Ticker: ISRG): 15.1 %
2025-07-06 - 06:25:40 - INFO: P/E (Forward) (Ticker: RY): 14.31
2025-07-06 - 06:25:40 - INFO: GPOA (Ticker: ISRG): 30.06 %
2025-07-06 - 06:25:40 - INFO: ROE - Calc (Ticker: NOW): 16.86 %
2025-07-06 - 06:25:40 - INFO: P/E (Trailing) (Ticker: RY): 14.4
2025-07-06 - 06:25:40 - INFO: GPMAR (Ticker: ISRG): 67.46 %
2025-07-06 - 06:25:40 - INFO: ROE - MSCI (Ticker: NOW): 15.2 %
2025-07-06 - 06:25:40 - INFO: Profit Margin (Ticker: ISRG): 28.41 %
2025-07-06 - 06:25:40 - INFO: ROA (ttm) (Yahoo Finance) (Ticker: NOW): 4.92 %
2025-07-06 - 06:25:40 - INFO: Sector: Healthcare
2025-07-06 - 06:25:40 - INFO: ROA - Calc (Ticker: NOW): 6.99 %
2025-07-06 - 06:25:40 - INFO: Industry: Medical Instruments & Supplies
2025-07-06 - 06:25:40 - INFO: Fetched Earnings data (EPS) for 4 years period (Ticker: APP).
2025-07-06 - 06:25:40 - INFO: EPS (latest) (Ticker: APP): 4.68
2025-07-06 - 06:25:40 - INFO: Fetched Earnings data (Net Income) for 4 years period (Ticker: APP).
2025-07-06 - 06:25:40 - INFO: Calculating Earnings Variability (EVAR) using EPS over 3 year period (Ticker: APP).
2025-07-06 - 06:25:40 - INFO: EVAR 4Y (EPS) (Ticker: APP): 548.88%
2025-07-06 - 06:25:40 - INFO: Calculating Earnings Variability (EVAR) using Net Income over 3 year period (Ticker: APP).
2025-07-06 - 06:25:40 - INFO: EVAR 4Y (Net Income) (Ticker: APP): 553.71%
2025-07-06 - 06:25:40 - INFO: CAGR 4Y (EPS) (Ticker: APP): 260.37 %
2025-07-06 - 06:25:40 - INFO: CAGR 4Y (Net Income) (Ticker: APP): 254.55 %
2025-07-06 - 06:25:40 - INFO: Dividend Yield (Ticker: APP): N/A
2025-07-06 - 06:25:40 - INFO: ROE (ttm) (Yahoo Finance) (Ticker: APP): 287.51 %
2025-07-06 - 06:25:40 - INFO: GPOA (Ticker: SAN): 2.77 %
2025-07-06 - 06:25:40 - INFO: GPMAR (Ticker: SAN): 100.0 %
2025-07-06 - 06:25:40 - ERROR: Error calculating GPOA and GPMAR TTM (Ticker: SAN): Cannot calculate GPOA (Ticker: SAN): 'Gross Profit' data is missing in the Income Statement.
2025-07-06 - 06:25:40 - INFO: Profit Margin (Ticker: SAN): 25.87 %
2025-07-06 - 06:25:40 - INFO: Sector: Financial Services
2025-07-06 - 06:25:40 - INFO: Industry: Banks - Diversified
2025-07-06 - 06:25:41 - INFO: CFOA (annual) (Ticker: NOW): 20.93 %
2025-07-06 - 06:25:41 - INFO: ROE - Calc (Ticker: APP): 287.51 %
2025-07-06 - 06:25:41 - INFO: ROE - MSCI (Ticker: APP): 303.73 %
2025-07-06 - 06:25:41 - INFO: ROA (ttm) (Yahoo Finance) (Ticker: APP): 27.27 %
2025-07-06 - 06:25:41 - INFO: GPOA (Ticker: PGR): 71.25 %
2025-07-06 - 06:25:41 - INFO: ROA - Calc (Ticker: APP): 26.92 %
2025-07-06 - 06:25:41 - INFO: GPMAR (Ticker: PGR): 100.0 %
2025-07-06 - 06:25:41 - INFO: GPOA (Ticker: GS): 3.11 %
2025-07-06 - 06:25:41 - INFO: EBIT/TEV (Ticker: RY): 8.16 %
2025-07-06 - 06:25:41 - ERROR: Error calculating GPOA and GPMAR TTM (Ticker: PGR): Cannot calculate GPOA (Ticker: PGR): 'Gross Profit' data is missing in the Income Statement.
2025-07-06 - 06:25:41 - INFO: GPMAR (Ticker: GS): 41.12 %
2025-07-06 - 06:25:41 - INFO: P/B (Ticker: RY): 1.53
2025-07-06 - 06:25:41 - INFO: Profit Margin (Ticker: PGR): 11.1 %
2025-07-06 - 06:25:41 - ERROR: Error calculating GPOA and GPMAR TTM (Ticker: GS): Cannot calculate GPOA (Ticker: GS): 'Gross Profit' data is missing in the Income Statement.
2025-07-06 - 06:25:41 - INFO: Sector: Financial Services
2025-07-06 - 06:25:41 - INFO: Profit Margin (Ticker: GS): 28.06 %
2025-07-06 - 06:25:41 - INFO: Industry: Insurance - Property & Casualty
2025-07-06 - 06:25:41 - INFO: Sector: Financial Services
2025-07-06 - 06:25:41 - INFO: Industry: Capital Markets
2025-07-06 - 06:25:41 - INFO: CFOA (ttm) (Ticker: NOW): 23.61 %
2025-07-06 - 06:25:41 - INFO: GPOA (Ticker: NOW): 42.67 %
2025-07-06 - 06:25:41 - INFO: GPMAR (Ticker: NOW): 79.18 %
2025-07-06 - 06:25:41 - INFO: Profit Margin (Ticker: NOW): 13.41 %
2025-07-06 - 06:25:41 - INFO: Sector: Technology
2025-07-06 - 06:25:41 - INFO: Industry: Software - Application
2025-07-06 - 06:25:41 - INFO: ---------------------- CME ----------------------
2025-07-06 - 06:25:41 - INFO: P/E (Forward) (Ticker: CME): 26.68
2025-07-06 - 06:25:41 - INFO: P/E (Trailing) (Ticker: CME): 27.87
2025-07-06 - 06:25:41 - INFO: CFOA (annual) (Ticker: APP): 35.76 %
2025-07-06 - 06:25:41 - INFO: Fetched Earnings data (EPS) for 4 years period (Ticker: RY).
2025-07-06 - 06:25:41 - INFO: EPS (latest) (Ticker: RY): 11.27
2025-07-06 - 06:25:41 - INFO: Fetched Earnings data (Net Income) for 4 years period (Ticker: RY).
2025-07-06 - 06:25:41 - INFO: Calculating Earnings Variability (EVAR) using EPS over 3 year period (Ticker: RY).
2025-07-06 - 06:25:41 - INFO: EVAR 4Y (EPS) (Ticker: RY): 7.96%
2025-07-06 - 06:25:41 - INFO: Calculating Earnings Variability (EVAR) using Net Income over 3 year period (Ticker: RY).
2025-07-06 - 06:25:41 - INFO: EVAR 4Y (Net Income) (Ticker: RY): 9.52%
2025-07-06 - 06:25:41 - INFO: CAGR 4Y (EPS) (Ticker: RY): 0.57 %
2025-07-06 - 06:25:41 - INFO: CAGR 4Y (Net Income) (Ticker: RY): 0.4 %
2025-07-06 - 06:25:41 - INFO: Dividend Yield (Ticker: RY): 3.39 %
2025-07-06 - 06:25:41 - INFO: ROE (ttm) (Yahoo Finance) (Ticker: RY): 14.35 %
2025-07-06 - 06:25:41 - INFO: ---------------------- RTX ----------------------
2025-07-06 - 06:25:41 - INFO: P/E (Forward) (Ticker: RTX): 23.85
2025-07-06 - 06:25:41 - INFO: P/E (Trailing) (Ticker: RTX): 42.74
2025-07-06 - 06:25:41 - INFO: CFOA (ttm) (Ticker: APP): 45.55 %
2025-07-06 - 06:25:41 - INFO: GPOA (Ticker: APP): 60.36 %
2025-07-06 - 06:25:41 - INFO: GPMAR (Ticker: APP): 75.22 %
2025-07-06 - 06:25:41 - INFO: Profit Margin (Ticker: APP): 37.39 %
2025-07-06 - 06:25:41 - INFO: Sector: Communication Services
2025-07-06 - 06:25:41 - INFO: Industry: Advertising Agencies
2025-07-06 - 06:25:41 - INFO: ROE - Calc (Ticker: RY): 14.35 %
2025-07-06 - 06:25:41 - INFO: ROE - MSCI (Ticker: RY): 13.22 %
2025-07-06 - 06:25:41 - INFO: ROA (ttm) (Yahoo Finance) (Ticker: RY): 0.85 %
2025-07-06 - 06:25:41 - INFO: ROA - Calc (Ticker: RY): 0.75 %
2025-07-06 - 06:25:42 - INFO: EBIT/TEV (Ticker: CME): 4.02 %
2025-07-06 - 06:25:42 - INFO: ---------------------- CRWD ----------------------
2025-07-06 - 06:25:42 - INFO: ---------------------- MUV2.DE ----------------------
2025-07-06 - 06:25:42 - INFO: P/B (Ticker: CME): 3.68
2025-07-06 - 06:25:42 - INFO: ---------------------- MCK ----------------------
2025-07-06 - 06:25:42 - INFO: P/E (Forward) (Ticker: CRWD): 120.4
2025-07-06 - 06:25:42 - INFO: P/E (Forward) (Ticker: MUV2.DE): 12.12
2025-07-06 - 06:25:42 - INFO: P/E (Forward) (Ticker: MCK): 19.54
2025-07-06 - 06:25:42 - INFO: P/E (Trailing) (Ticker: CRWD): N/A
2025-07-06 - 06:25:42 - INFO: P/E (Trailing) (Ticker: MUV2.DE): 15.77
2025-07-06 - 06:25:42 - INFO: P/E (Trailing) (Ticker: MCK): 27.93
2025-07-06 - 06:25:42 - INFO: Fetched Earnings data (EPS) for 4 years period (Ticker: CME).
2025-07-06 - 06:25:42 - INFO: EPS (latest) (Ticker: CME): 9.69
2025-07-06 - 06:25:42 - INFO: Fetched Earnings data (Net Income) for 4 years period (Ticker: CME).
2025-07-06 - 06:25:42 - INFO: Calculating Earnings Variability (EVAR) using EPS over 3 year period (Ticker: CME).
2025-07-06 - 06:25:42 - INFO: EVAR 4Y (EPS) (Ticker: CME): 9.13%
2025-07-06 - 06:25:42 - INFO: Calculating Earnings Variability (EVAR) using Net Income over 3 year period (Ticker: CME).
2025-07-06 - 06:25:42 - INFO: EVAR 4Y (Net Income) (Ticker: CME): 8.96%
2025-07-06 - 06:25:42 - INFO: CAGR 4Y (EPS) (Ticker: CME): 9.9 %
2025-07-06 - 06:25:42 - INFO: CFOA (annual) (Ticker: RY): 1.07 %
2025-07-06 - 06:25:42 - INFO: CAGR 4Y (Net Income) (Ticker: CME): 10.17 %
2025-07-06 - 06:25:42 - INFO: Dividend Yield (Ticker: CME): 1.81 %
2025-07-06 - 06:25:42 - INFO: ROE (ttm) (Yahoo Finance) (Ticker: CME): 13.39 %
2025-07-06 - 06:25:42 - INFO: EBIT/TEV (Ticker: RTX): 2.88 %
2025-07-06 - 06:25:42 - INFO: P/B (Ticker: RTX): 3.17
2025-07-06 - 06:25:42 - INFO: CFOA (ttm) (Ticker: RY): 3.75 %
2025-07-06 - 06:25:42 - INFO: ---------------------- DB1.DE ----------------------
2025-07-06 - 06:25:42 - INFO: P/E (Forward) (Ticker: DB1.DE): 24.91
2025-07-06 - 06:25:42 - INFO: P/E (Trailing) (Ticker: DB1.DE): 25.26
2025-07-06 - 06:25:42 - INFO: EBIT/TEV (Ticker: CRWD): -0.2 %
2025-07-06 - 06:25:42 - INFO: P/B (Ticker: CRWD): 37.11
2025-07-06 - 06:25:42 - INFO: ROE - Calc (Ticker: CME): 13.39 %
2025-07-06 - 06:25:43 - INFO: ROE - MSCI (Ticker: CME): 13.29 %
2025-07-06 - 06:25:43 - INFO: EBIT/TEV (Ticker: MUV2.DE): 8.47 %
2025-07-06 - 06:25:43 - INFO: ROA (ttm) (Yahoo Finance) (Ticker: CME): 1.76 %
2025-07-06 - 06:25:43 - INFO: EBIT/TEV (Ticker: MCK): 5.26 %
2025-07-06 - 06:25:43 - INFO: P/B (Ticker: MUV2.DE): 2.21
2025-07-06 - 06:25:43 - INFO: Fetched Earnings data (EPS) for 4 years period (Ticker: RTX).
2025-07-06 - 06:25:43 - INFO: ROA - Calc (Ticker: CME): 2.57 %
2025-07-06 - 06:25:43 - INFO: P/B (Ticker: MCK): -43.35
2025-07-06 - 06:25:43 - INFO: EPS (latest) (Ticker: RTX): 3.58
2025-07-06 - 06:25:43 - INFO: Fetched Earnings data (Net Income) for 4 years period (Ticker: RTX).
2025-07-06 - 06:25:43 - INFO: Calculating Earnings Variability (EVAR) using EPS over 3 year period (Ticker: RTX).
2025-07-06 - 06:25:43 - INFO: EVAR 4Y (EPS) (Ticker: RTX): 50.25%
2025-07-06 - 06:25:43 - INFO: Calculating Earnings Variability (EVAR) using Net Income over 3 year period (Ticker: RTX).
2025-07-06 - 06:25:43 - INFO: EVAR 4Y (Net Income) (Ticker: RTX): 47.06%
2025-07-06 - 06:25:43 - INFO: CAGR 4Y (EPS) (Ticker: RTX): 11.68 %
2025-07-06 - 06:25:43 - INFO: CAGR 4Y (Net Income) (Ticker: RTX): 7.3 %
2025-07-06 - 06:25:43 - INFO: Dividend Yield (Ticker: RTX): 1.86 %
2025-07-06 - 06:25:43 - INFO: ROE (ttm) (Yahoo Finance) (Ticker: RTX): 7.8 %
2025-07-06 - 06:25:43 - INFO: Fetched Earnings data (EPS) for 4 years period (Ticker: CRWD).
2025-07-06 - 06:25:43 - INFO: EPS (latest) (Ticker: CRWD): -0.08
2025-07-06 - 06:25:43 - INFO: Fetched Earnings data (Net Income) for 4 years period (Ticker: CRWD).
2025-07-06 - 06:25:43 - INFO: Calculating Earnings Variability (EVAR) using EPS over 3 year period (Ticker: CRWD).
2025-07-06 - 06:25:43 - INFO: EVAR 4Y (EPS) (Ticker: CRWD): 134.37%
2025-07-06 - 06:25:43 - INFO: Calculating Earnings Variability (EVAR) using Net Income over 3 year period (Ticker: CRWD).
2025-07-06 - 06:25:43 - INFO: EVAR 4Y (Net Income) (Ticker: CRWD): 135.25%
2025-07-06 - 06:25:43 - INFO: CAGR 4Y (EPS) (Ticker: CRWD): 24.34 %
2025-07-06 - 06:25:43 - INFO: CAGR 4Y (Net Income) (Ticker: CRWD): 24.24 %
2025-07-06 - 06:25:43 - INFO: Dividend Yield (Ticker: CRWD): N/A
2025-07-06 - 06:25:43 - INFO: ROE (ttm) (Yahoo Finance) (Ticker: CRWD): -5.74 %
2025-07-06 - 06:25:43 - INFO: Fetched Earnings data (EPS) for 4 years period (Ticker: MUV2.DE).
2025-07-06 - 06:25:43 - INFO: EPS (latest) (Ticker: MUV2.DE): 42.78
2025-07-06 - 06:25:43 - INFO: Fetched Earnings data (Net Income) for 4 years period (Ticker: MUV2.DE).
2025-07-06 - 06:25:43 - INFO: Calculating Earnings Variability (EVAR) using EPS over 3 year period (Ticker: MUV2.DE).
2025-07-06 - 06:25:43 - INFO: CFOA (annual) (Ticker: CME): 2.69 %
2025-07-06 - 06:25:43 - INFO: Fetched Earnings data (EPS) for 4 years period (Ticker: MCK).
2025-07-06 - 06:25:43 - INFO: EVAR 4Y (EPS) (Ticker: MUV2.DE): 46.93%
2025-07-06 - 06:25:43 - INFO: EBIT/TEV (Ticker: DB1.DE): -4.32 %
2025-07-06 - 06:25:43 - INFO: ROE - Calc (Ticker: RTX): 7.54 %
2025-07-06 - 06:25:43 - INFO: EPS (latest) (Ticker: MCK): 25.86
2025-07-06 - 06:25:43 - INFO: Calculating Earnings Variability (EVAR) using Net Income over 3 year period (Ticker: MUV2.DE).
2025-07-06 - 06:25:43 - INFO: ROE - Calc (Ticker: CRWD): -5.76 %
2025-07-06 - 06:25:43 - INFO: P/B (Ticker: DB1.DE): 4.46
2025-07-06 - 06:25:43 - INFO: ROE - MSCI (Ticker: RTX): 7.7 %
2025-07-06 - 06:25:43 - INFO: Fetched Earnings data (Net Income) for 4 years period (Ticker: MCK).
2025-07-06 - 06:25:43 - INFO: EVAR 4Y (Net Income) (Ticker: MUV2.DE): 47.61%
2025-07-06 - 06:25:43 - INFO: ROE - MSCI (Ticker: CRWD): -1.02 %
2025-07-06 - 06:25:43 - INFO: ROA (ttm) (Yahoo Finance) (Ticker: RTX): 3.47 %
2025-07-06 - 06:25:43 - INFO: Calculating Earnings Variability (EVAR) using EPS over 3 year period (Ticker: MCK).
2025-07-06 - 06:25:43 - INFO: CAGR 4Y (EPS) (Ticker: MUV2.DE): 26.91 %
2025-07-06 - 06:25:43 - INFO: ROA (ttm) (Yahoo Finance) (Ticker: CRWD): -1.47 %
2025-07-06 - 06:25:43 - INFO: ROA - Calc (Ticker: RTX): 2.93 %
2025-07-06 - 06:25:43 - INFO: EVAR 4Y (EPS) (Ticker: MCK): 140.66%
2025-07-06 - 06:25:43 - INFO: CAGR 4Y (Net Income) (Ticker: MUV2.DE): 24.68 %
2025-07-06 - 06:25:43 - INFO: ROA - Calc (Ticker: CRWD): -0.22 %
2025-07-06 - 06:25:43 - INFO: Calculating Earnings Variability (EVAR) using Net Income over 3 year period (Ticker: MCK).
2025-07-06 - 06:25:43 - INFO: Dividend Yield (Ticker: MUV2.DE): 3.64 %
2025-07-06 - 06:25:43 - INFO: EVAR 4Y (Net Income) (Ticker: MCK): 129.1%
2025-07-06 - 06:25:43 - INFO: ROE (ttm) (Yahoo Finance) (Ticker: MUV2.DE): 14.41 %
2025-07-06 - 06:25:43 - INFO: CAGR 4Y (EPS) (Ticker: MCK): 52.3 %
2025-07-06 - 06:25:43 - INFO: CAGR 4Y (Net Income) (Ticker: MCK): 43.55 %
2025-07-06 - 06:25:43 - INFO: Dividend Yield (Ticker: MCK): 0.39 %
2025-07-06 - 06:25:43 - INFO: ROE (ttm) (Yahoo Finance) (Ticker: MCK): N/A
2025-07-06 - 06:25:43 - INFO: CFOA (ttm) (Ticker: CME): 2.81 %
2025-07-06 - 06:25:43 - INFO: GPOA (Ticker: CME): 3.84 %
2025-07-06 - 06:25:43 - INFO: GPMAR (Ticker: CME): 86.13 %
2025-07-06 - 06:25:43 - INFO: Profit Margin (Ticker: CME): 57.81 %
2025-07-06 - 06:25:43 - INFO: Sector: Financial Services
2025-07-06 - 06:25:43 - INFO: Industry: Financial Data & Stock Exchanges
2025-07-06 - 06:25:43 - INFO: CFOA (annual) (Ticker: RTX): 4.4 %
2025-07-06 - 06:25:43 - INFO: Fetched Earnings data (EPS) for 4 years period (Ticker: DB1.DE).
2025-07-06 - 06:25:43 - INFO: EPS (latest) (Ticker: DB1.DE): 10.6
2025-07-06 - 06:25:43 - INFO: Fetched Earnings data (Net Income) for 4 years period (Ticker: DB1.DE).
2025-07-06 - 06:25:43 - INFO: Calculating Earnings Variability (EVAR) using EPS over 3 year period (Ticker: DB1.DE).
2025-07-06 - 06:25:43 - INFO: CFOA (annual) (Ticker: CRWD): 15.88 %
2025-07-06 - 06:25:43 - INFO: EVAR 4Y (EPS) (Ticker: DB1.DE): 5.48%
2025-07-06 - 06:25:43 - INFO: ROE - Calc (Ticker: MUV2.DE): 14.44 %
2025-07-06 - 06:25:44 - INFO: Calculating Earnings Variability (EVAR) using Net Income over 3 year period (Ticker: DB1.DE).
2025-07-06 - 06:25:44 - INFO: ROE - Calc (Ticker: MCK): N/A
2025-07-06 - 06:25:44 - INFO: ROE - MSCI (Ticker: MUV2.DE): 17.26 %
2025-07-06 - 06:25:44 - INFO: EVAR 4Y (Net Income) (Ticker: DB1.DE): 5.52%
2025-07-06 - 06:25:44 - INFO: CFOA (ttm) (Ticker: RTX): 4.97 %
2025-07-06 - 06:25:44 - INFO: ROE - MSCI (Ticker: MCK): -111.77 %
2025-07-06 - 06:25:44 - INFO: ROA (ttm) (Yahoo Finance) (Ticker: MUV2.DE): 1.47 %
2025-07-06 - 06:25:44 - INFO: CAGR 4Y (EPS) (Ticker: DB1.DE): 17.17 %
2025-07-06 - 06:25:44 - INFO: GPOA (Ticker: RTX): 9.46 %
2025-07-06 - 06:25:44 - INFO: ROA (ttm) (Yahoo Finance) (Ticker: MCK): 4.31 %
2025-07-06 - 06:25:44 - INFO: ROA - Calc (Ticker: MUV2.DE): 1.98 %
2025-07-06 - 06:25:44 - INFO: CAGR 4Y (Net Income) (Ticker: DB1.DE): 17.22 %
2025-07-06 - 06:25:44 - INFO: GPMAR (Ticker: RTX): 19.09 %
2025-07-06 - 06:25:44 - INFO: ROA - Calc (Ticker: MCK): 4.39 %
2025-07-06 - 06:25:44 - INFO: Dividend Yield (Ticker: DB1.DE): 1.44 %
2025-07-06 - 06:25:44 - INFO: Profit Margin (Ticker: RTX): 5.63 %
2025-07-06 - 06:25:44 - INFO: ROE (ttm) (Yahoo Finance) (Ticker: DB1.DE): 18.86 %
2025-07-06 - 06:25:44 - INFO: Sector: Industrials
2025-07-06 - 06:25:44 - INFO: Industry: Aerospace & Defense
2025-07-06 - 06:25:44 - INFO: CFOA (ttm) (Ticker: CRWD): 17.07 %
2025-07-06 - 06:25:44 - INFO: GPOA (Ticker: CRWD): 34.04 %
2025-07-06 - 06:25:44 - INFO: GPMAR (Ticker: CRWD): 74.92 %
2025-07-06 - 06:25:44 - INFO: Profit Margin (Ticker: CRWD): -4.17 %
2025-07-06 - 06:25:44 - INFO: Sector: Technology
2025-07-06 - 06:25:44 - INFO: Industry: Software - Infrastructure
2025-07-06 - 06:25:44 - INFO: CFOA (annual) (Ticker: MCK): 8.1 %
2025-07-06 - 06:25:44 - INFO: CFOA (annual) (Ticker: MUV2.DE): 1.1 %
2025-07-06 - 06:25:44 - INFO: GPOA (Ticker: RY): 2.5 %
2025-07-06 - 06:25:44 - INFO: GPMAR (Ticker: RY): 40.34 %
2025-07-06 - 06:25:44 - ERROR: Error calculating GPOA and GPMAR TTM (Ticker: RY): Cannot calculate GPOA (Ticker: RY): 'Gross Profit' data is missing in the Income Statement.
2025-07-06 - 06:25:44 - INFO: Profit Margin (Ticker: RY): 31.33 %
2025-07-06 - 06:25:44 - INFO: Sector: Financial Services
2025-07-06 - 06:25:44 - INFO: Industry: Banks - Diversified
2025-07-06 - 06:25:44 - INFO: ROE - Calc (Ticker: DB1.DE): 18.80 %
2025-07-06 - 06:25:44 - ERROR: Unhandled error analyzing stock (Ticker: DB1.DE)
2025-07-06 - 06:25:44 - ERROR: Cannot calculate Trailing EPS! Not enough EPS data for the last 4 quarters (Ticker: DB1.DE).
Traceback (most recent call last):
  File "StockFactorScreener.py", line 605, in analyze_stock
  File "ProfitabilityCalculator.py", line 304, in calc_roe_msci
  File "EarningsEngine.py", line 351, in calc_eps_ttm
EarningsEngine.EPSCalcError: Cannot calculate Trailing EPS! Not enough EPS data for the last 4 quarters (Ticker: DB1.DE).
2025-07-06 - 06:25:44 - ERROR: Error calculating CFOA (ttm) (Ticker: MUV2.DE): Error occurred while calculcating CFOA TTM (Ticker: MUV2.DE): 'Operating Cash Flow'!
2025-07-06 - 06:25:44 - INFO: CFOA (ttm) (Ticker: MCK): 8.38 %
2025-07-06 - 06:25:44 - INFO: GPOA (Ticker: MCK): 17.73 %
2025-07-06 - 06:25:44 - INFO: GPMAR (Ticker: MCK): 3.71 %
2025-07-06 - 06:25:44 - INFO: Profit Margin (Ticker: MCK): 0.92 %
2025-07-06 - 06:25:44 - INFO: Sector: Healthcare
2025-07-06 - 06:25:44 - INFO: ---------------------- ZURN.SW ----------------------
2025-07-06 - 06:25:44 - INFO: Industry: Medical Distribution
2025-07-06 - 06:25:44 - INFO: P/E (Forward) (Ticker: ZURN.SW): 14.69
2025-07-06 - 06:25:44 - INFO: P/E (Trailing) (Ticker: ZURN.SW): 17.36
2025-07-06 - 06:25:44 - INFO: ---------------------- HWM ----------------------
2025-07-06 - 06:25:44 - INFO: P/E (Forward) (Ticker: HWM): 57.12
2025-07-06 - 06:25:44 - INFO: P/E (Trailing) (Ticker: HWM): 59.17
2025-07-06 - 06:25:45 - INFO: ---------------------- BATS.L ----------------------
2025-07-06 - 06:25:45 - INFO: GPOA (Ticker: MUV2.DE): None %
2025-07-06 - 06:25:45 - INFO: ---------------------- HOOD ----------------------
2025-07-06 - 06:25:45 - INFO: ---------------------- TMUS ----------------------
2025-07-06 - 06:25:45 - INFO: P/E (Forward) (Ticker: BATS.L): 0.1
2025-07-06 - 06:25:45 - INFO: GPMAR (Ticker: MUV2.DE): None %
2025-07-06 - 06:25:45 - INFO: P/E (Forward) (Ticker: HOOD): 129.32
2025-07-06 - 06:25:45 - INFO: P/E (Forward) (Ticker: TMUS): 22.56
2025-07-06 - 06:25:45 - INFO: P/E (Trailing) (Ticker: BATS.L): 26.05
2025-07-06 - 06:25:45 - ERROR: Error calculating GPOA and GPMAR TTM (Ticker: MUV2.DE): Cannot calculate GPOA (Ticker: MUV2.DE): 'Gross Profit' data is missing in the Income Statement.
2025-07-06 - 06:25:45 - INFO: P/E (Trailing) (Ticker: HOOD): 53.94
2025-07-06 - 06:25:45 - INFO: EBIT/TEV (Ticker: HWM): 2.3 %
2025-07-06 - 06:25:45 - INFO: P/E (Trailing) (Ticker: TMUS): 23.53
2025-07-06 - 06:25:45 - INFO: Profit Margin (Ticker: MUV2.DE): 7.54 %
2025-07-06 - 06:25:45 - INFO: P/B (Ticker: HWM): 15.44
2025-07-06 - 06:25:45 - INFO: Sector: Financial Services
2025-07-06 - 06:25:45 - INFO: Industry: Insurance - Reinsurance
2025-07-06 - 06:25:45 - ERROR: Error calculating profitability growth metrics for MUV2.DE: Cannot calculate CAGR. No Earnings Growth data available (Ticker: MUV2.DE).
2025-07-06 - 06:25:45 - ERROR: Cannot calculate CAGR. No Earnings Growth data available (Ticker: MUV2.DE).
Traceback (most recent call last):
  File "StockFactorScreener.py", line 249, in calc_profitability_growth
  File "ProfitabilityCalculator.py", line 1004, in calc_cagr
ProfitabilityCalculator.CAGRCalcError: Cannot calculate CAGR. No Earnings Growth data available (Ticker: MUV2.DE).
2025-07-06 - 06:25:45 - INFO: ---------------------- ENB ----------------------
2025-07-06 - 06:25:45 - INFO: P/E (Forward) (Ticker: ENB): 20.91
2025-07-06 - 06:25:45 - INFO: P/E (Trailing) (Ticker: ENB): 22.6
2025-07-06 - 06:25:45 - INFO: Fetched Earnings data (EPS) for 4 years period (Ticker: HWM).
2025-07-06 - 06:25:45 - INFO: EPS (latest) (Ticker: HWM): 2.83
2025-07-06 - 06:25:45 - INFO: Fetched Earnings data (Net Income) for 4 years period (Ticker: HWM).
2025-07-06 - 06:25:45 - INFO: Calculating Earnings Variability (EVAR) using EPS over 3 year period (Ticker: HWM).
2025-07-06 - 06:25:45 - INFO: EVAR 4Y (EPS) (Ticker: HWM): 17.06%
2025-07-06 - 06:25:45 - INFO: EBIT/TEV (Ticker: HOOD): 1.57 %
2025-07-06 - 06:25:45 - INFO: Calculating Earnings Variability (EVAR) using Net Income over 3 year period (Ticker: HWM).
2025-07-06 - 06:25:45 - INFO: P/B (Ticker: HOOD): 10.5
2025-07-06 - 06:25:45 - INFO: EVAR 4Y (Net Income) (Ticker: HWM): 15.52%
2025-07-06 - 06:25:45 - INFO: CAGR 4Y (EPS) (Ticker: HWM): 67.7 %
2025-07-06 - 06:25:45 - INFO: CAGR 4Y (Net Income) (Ticker: HWM): 64.81 %
2025-07-06 - 06:25:45 - INFO: EBIT/TEV (Ticker: ZURN.SW): -39.27 %
2025-07-06 - 06:25:45 - INFO: Dividend Yield (Ticker: HWM): 0.21 %
2025-07-06 - 06:25:45 - INFO: P/B (Ticker: ZURN.SW): 3.08
2025-07-06 - 06:25:45 - INFO: ROE (ttm) (Yahoo Finance) (Ticker: HWM): 28.29 %
2025-07-06 - 06:25:45 - INFO: EBIT/TEV (Ticker: ENB): 5.43 %
2025-07-06 - 06:25:45 - INFO: Fetched Earnings data (EPS) for 4 years period (Ticker: ZURN.SW).
2025-07-06 - 06:25:45 - INFO: EBIT/TEV (Ticker: TMUS): 4.92 %
2025-07-06 - 06:25:45 - INFO: P/B (Ticker: ENB): 1.59
2025-07-06 - 06:25:45 - INFO: EPS (latest) (Ticker: ZURN.SW): 40.48
2025-07-06 - 06:25:46 - INFO: P/B (Ticker: TMUS): 4.48
2025-07-06 - 06:25:46 - INFO: Fetched Earnings data (EPS) for 4 years period (Ticker: HOOD).
2025-07-06 - 06:25:46 - INFO: Fetched Earnings data (Net Income) for 4 years period (Ticker: ZURN.SW).
2025-07-06 - 06:25:46 - INFO: EPS (latest) (Ticker: HOOD): 1.6
2025-07-06 - 06:25:46 - INFO: Calculating Earnings Variability (EVAR) using EPS over 3 year period (Ticker: ZURN.SW).
2025-07-06 - 06:25:46 - INFO: Fetched Earnings data (Net Income) for 4 years period (Ticker: HOOD).
2025-07-06 - 06:25:46 - INFO: EVAR 4Y (EPS) (Ticker: ZURN.SW): 29.62%
2025-07-06 - 06:25:46 - INFO: Calculating Earnings Variability (EVAR) using EPS over 3 year period (Ticker: HOOD).
2025-07-06 - 06:25:46 - INFO: Calculating Earnings Variability (EVAR) using Net Income over 3 year period (Ticker: ZURN.SW).
2025-07-06 - 06:25:46 - INFO: EVAR 4Y (EPS) (Ticker: HOOD): 171.97%
2025-07-06 - 06:25:46 - INFO: EVAR 4Y (Net Income) (Ticker: ZURN.SW): 28.85%
2025-07-06 - 06:25:46 - INFO: Calculating Earnings Variability (EVAR) using Net Income over 3 year period (Ticker: HOOD).
2025-07-06 - 06:25:46 - INFO: CAGR 4Y (EPS) (Ticker: ZURN.SW): 4.98 %
2025-07-06 - 06:25:46 - INFO: EVAR 4Y (Net Income) (Ticker: HOOD): 174.26%
2025-07-06 - 06:25:46 - INFO: CAGR 4Y (Net Income) (Ticker: ZURN.SW): 3.78 %
2025-07-06 - 06:25:46 - INFO: CAGR 4Y (EPS) (Ticker: HOOD): 30.33 %
2025-07-06 - 06:25:46 - INFO: Dividend Yield (Ticker: ZURN.SW): 5.05 %
2025-07-06 - 06:25:46 - INFO: CAGR 4Y (Net Income) (Ticker: HOOD): 33.56 %
2025-07-06 - 06:25:46 - INFO: ROE (ttm) (Yahoo Finance) (Ticker: ZURN.SW): 23.32 %
2025-07-06 - 06:25:46 - INFO: Dividend Yield (Ticker: HOOD): N/A
2025-07-06 - 06:25:46 - ERROR: Error calculating ROE (ttm) (Ticker: ZURN.SW): Cannot calculate ROE (Ticker: ZURN.SW): An error occurred: Cannot calculate Net Income TTM! Net Income data is missing in the Quarterly Income Statement (Ticker: ZURN.SW).
2025-07-06 - 06:25:46 - INFO: ROE (ttm) (Yahoo Finance) (Ticker: HOOD): 21.43 %
2025-07-06 - 06:25:46 - ERROR: Unhandled error analyzing stock (Ticker: ZURN.SW)
2025-07-06 - 06:25:46 - ERROR: Cannot calculate Trailing EPS! EPS data is missing (Ticker: ZURN.SW).
Traceback (most recent call last):
  File "StockFactorScreener.py", line 605, in analyze_stock
  File "ProfitabilityCalculator.py", line 304, in calc_roe_msci
  File "EarningsEngine.py", line 343, in calc_eps_ttm
EarningsEngine.EPSCalcError: Cannot calculate Trailing EPS! EPS data is missing (Ticker: ZURN.SW).
2025-07-06 - 06:25:46 - INFO: ---------------------- WELL ----------------------
2025-07-06 - 06:25:46 - INFO: P/E (Forward) (Ticker: WELL): 83.94
2025-07-06 - 06:25:46 - INFO: P/E (Trailing) (Ticker: WELL): 86.8
2025-07-06 - 06:25:46 - INFO: ROE - Calc (Ticker: HOOD): 21.43 %
2025-07-06 - 06:25:46 - INFO: ROE - MSCI (Ticker: HOOD): 17.36 %
2025-07-06 - 06:25:46 - INFO: ROA (ttm) (Yahoo Finance) (Ticker: HOOD): 4.32 %
2025-07-06 - 06:25:46 - INFO: ROA - Calc (Ticker: HOOD): 5.39 %
2025-07-06 - 06:25:46 - INFO: Fetched Earnings data (EPS) for 4 years period (Ticker: TMUS).
2025-07-06 - 06:25:46 - INFO: EPS (latest) (Ticker: TMUS): 7.02
2025-07-06 - 06:25:46 - INFO: ROE - Calc (Ticker: HWM): 28.29 %
2025-07-06 - 06:25:46 - INFO: Fetched Earnings data (EPS) for 4 years period (Ticker: ENB).
2025-07-06 - 06:25:46 - INFO: Fetched Earnings data (Net Income) for 4 years period (Ticker: TMUS).
2025-07-06 - 06:25:46 - INFO: ROE - MSCI (Ticker: HWM): 25.95 %
2025-07-06 - 06:25:46 - INFO: EPS (latest) (Ticker: ENB): 2.34
2025-07-06 - 06:25:46 - INFO: Calculating Earnings Variability (EVAR) using EPS over 3 year period (Ticker: TMUS).
2025-07-06 - 06:25:46 - INFO: CFOA (annual) (Ticker: HOOD): -0.6 %
2025-07-06 - 06:25:46 - INFO: ROA (ttm) (Yahoo Finance) (Ticker: HWM): 10.2 %
2025-07-06 - 06:25:46 - INFO: Fetched Earnings data (Net Income) for 4 years period (Ticker: ENB).
2025-07-06 - 06:25:46 - INFO: EVAR 4Y (EPS) (Ticker: TMUS): 145.06%
2025-07-06 - 06:25:46 - INFO: ROA - Calc (Ticker: HWM): 10.98 %
2025-07-06 - 06:25:46 - INFO: Calculating Earnings Variability (EVAR) using EPS over 3 year period (Ticker: ENB).
2025-07-06 - 06:25:46 - INFO: Calculating Earnings Variability (EVAR) using Net Income over 3 year period (Ticker: TMUS).
2025-07-06 - 06:25:46 - INFO: EVAR 4Y (Net Income) (Ticker: TMUS): 123.94%
2025-07-06 - 06:25:46 - INFO: EVAR 4Y (EPS) (Ticker: ENB): 93.37%
2025-07-06 - 06:25:46 - INFO: CAGR 4Y (EPS) (Ticker: TMUS): 37.85 %
2025-07-06 - 06:25:46 - INFO: Calculating Earnings Variability (EVAR) using Net Income over 3 year period (Ticker: ENB).
2025-07-06 - 06:25:46 - INFO: CAGR 4Y (Net Income) (Ticker: TMUS): 55.36 %
2025-07-06 - 06:25:46 - INFO: EVAR 4Y (Net Income) (Ticker: ENB): 82.05%
2025-07-06 - 06:25:46 - INFO: Dividend Yield (Ticker: TMUS): 1.48 %
2025-07-06 - 06:25:46 - INFO: CAGR 4Y (EPS) (Ticker: ENB): -6.58 %
2025-07-06 - 06:25:46 - INFO: ROE (ttm) (Yahoo Finance) (Ticker: TMUS): 19.35 %
2025-07-06 - 06:25:46 - INFO: CAGR 4Y (Net Income) (Ticker: ENB): -4.2 %
2025-07-06 - 06:25:46 - INFO: Dividend Yield (Ticker: ENB): 6.05 %
2025-07-06 - 06:25:46 - INFO: ROE (ttm) (Yahoo Finance) (Ticker: ENB): 9.46 %
2025-07-06 - 06:25:46 - INFO: EBIT/TEV (Ticker: BATS.L): 0.04 %
2025-07-06 - 06:25:46 - INFO: ---------------------- 7011.T ----------------------
2025-07-06 - 06:25:46 - INFO: P/B (Ticker: BATS.L): 162.71
2025-07-06 - 06:25:46 - INFO: P/E (Forward) (Ticker: 7011.T): 36.64
2025-07-06 - 06:25:46 - INFO: EBIT/TEV (Ticker: WELL): 1.07 %
2025-07-06 - 06:25:46 - INFO: Fetched Earnings data (EPS) for 4 years period (Ticker: BATS.L).
2025-07-06 - 06:25:46 - INFO: CFOA (annual) (Ticker: HWM): 12.34 %
2025-07-06 - 06:25:46 - INFO: P/E (Trailing) (Ticker: 7011.T): 46.51
2025-07-06 - 06:25:47 - INFO: P/B (Ticker: WELL): 2.93
2025-07-06 - 06:25:47 - INFO: CFOA (ttm) (Ticker: HOOD): 3.2 %
2025-07-06 - 06:25:47 - INFO: EPS (latest) (Ticker: BATS.L): 1.37
2025-07-06 - 06:25:47 - INFO: ROE - Calc (Ticker: ENB): 9.50 %
2025-07-06 - 06:25:47 - INFO: ROE - Calc (Ticker: TMUS): 19.35 %
2025-07-06 - 06:25:47 - INFO: GPOA (Ticker: HOOD): 9.34 %
2025-07-06 - 06:25:47 - INFO: Fetched Earnings data (Net Income) for 4 years period (Ticker: BATS.L).
2025-07-06 - 06:25:47 - INFO: ROE - MSCI (Ticker: ENB): 10.56 %
2025-07-06 - 06:25:47 - INFO: ROE - MSCI (Ticker: TMUS): 18.04 %
2025-07-06 - 06:25:47 - INFO: GPMAR (Ticker: HOOD): 82.92 %
2025-07-06 - 06:25:47 - INFO: Calculating Earnings Variability (EVAR) using EPS over 3 year period (Ticker: BATS.L).
2025-07-06 - 06:25:47 - INFO: ROA (ttm) (Yahoo Finance) (Ticker: ENB): 3.35 %
2025-07-06 - 06:25:47 - INFO: ROA (ttm) (Yahoo Finance) (Ticker: TMUS): 5.6 %
2025-07-06 - 06:25:47 - INFO: Profit Margin (Ticker: HOOD): 48.77 %
2025-07-06 - 06:25:47 - INFO: EVAR 4Y (EPS) (Ticker: BATS.L): 228.0%
2025-07-06 - 06:25:47 - INFO: ROA - Calc (Ticker: ENB): 2.48 %
2025-07-06 - 06:25:47 - INFO: ROA - Calc (Ticker: TMUS): 5.45 %
2025-07-06 - 06:25:47 - INFO: Sector: Financial Services
2025-07-06 - 06:25:47 - INFO: Calculating Earnings Variability (EVAR) using Net Income over 3 year period (Ticker: BATS.L).
2025-07-06 - 06:25:47 - INFO: Industry: Capital Markets
2025-07-06 - 06:25:47 - INFO: EVAR 4Y (Net Income) (Ticker: BATS.L): 225.24%
2025-07-06 - 06:25:47 - INFO: CAGR 4Y (EPS) (Ticker: BATS.L): -22.78 %
2025-07-06 - 06:25:47 - INFO: CAGR 4Y (Net Income) (Ticker: BATS.L): -23.31 %
2025-07-06 - 06:25:47 - INFO: Dividend Yield (Ticker: BATS.L): 6.94 %
2025-07-06 - 06:25:47 - INFO: ROE (ttm) (Yahoo Finance) (Ticker: BATS.L): 6.18 %
2025-07-06 - 06:25:47 - ERROR: Error calculating ROE (ttm) (Ticker: BATS.L): Cannot calculate ROE (Ticker: BATS.L): An error occurred: Cannot calculate Net Income TTM! Net Income data is missing in the Quarterly Income Statement (Ticker: BATS.L).
2025-07-06 - 06:25:47 - ERROR: Unhandled error analyzing stock (Ticker: BATS.L)
2025-07-06 - 06:25:47 - ERROR: Cannot calculate Trailing EPS! EPS data is missing (Ticker: BATS.L).
Traceback (most recent call last):
  File "StockFactorScreener.py", line 605, in analyze_stock
  File "ProfitabilityCalculator.py", line 304, in calc_roe_msci
  File "EarningsEngine.py", line 343, in calc_eps_ttm
EarningsEngine.EPSCalcError: Cannot calculate Trailing EPS! EPS data is missing (Ticker: BATS.L).
2025-07-06 - 06:25:47 - INFO: Fetched Earnings data (EPS) for 4 years period (Ticker: WELL).
2025-07-06 - 06:25:47 - INFO: EPS (latest) (Ticker: WELL): 1.58
2025-07-06 - 06:25:47 - INFO: Fetched Earnings data (Net Income) for 4 years period (Ticker: WELL).
2025-07-06 - 06:25:47 - INFO: Calculating Earnings Variability (EVAR) using EPS over 3 year period (Ticker: WELL).
2025-07-06 - 06:25:47 - INFO: EVAR 4Y (EPS) (Ticker: WELL): 108.72%
2025-07-06 - 06:25:47 - INFO: Calculating Earnings Variability (EVAR) using Net Income over 3 year period (Ticker: WELL).
2025-07-06 - 06:25:47 - INFO: EVAR 4Y (Net Income) (Ticker: WELL): 127.55%
2025-07-06 - 06:25:47 - INFO: CAGR 4Y (EPS) (Ticker: WELL): 25.99 %
2025-07-06 - 06:25:47 - INFO: CAGR 4Y (Net Income) (Ticker: WELL): 41.47 %
2025-07-06 - 06:25:47 - INFO: Dividend Yield (Ticker: WELL): 1.74 %
2025-07-06 - 06:25:47 - INFO: ROE (ttm) (Yahoo Finance) (Ticker: WELL): 3.48 %
2025-07-06 - 06:25:47 - INFO: CFOA (annual) (Ticker: TMUS): 10.72 %
2025-07-06 - 06:25:47 - INFO: CFOA (annual) (Ticker: ENB): 5.75 %
2025-07-06 - 06:25:47 - INFO: EBIT/TEV (Ticker: 7011.T): 1.53 %
2025-07-06 - 06:25:47 - INFO: P/B (Ticker: 7011.T): 4.86
2025-07-06 - 06:25:47 - INFO: CFOA (ttm) (Ticker: TMUS): 11.43 %
2025-07-06 - 06:25:47 - INFO: GPOA (Ticker: TMUS): 24.87 %
2025-07-06 - 06:25:47 - INFO: CFOA (ttm) (Ticker: ENB): 5.91 %
2025-07-06 - 06:25:47 - INFO: GPMAR (Ticker: TMUS): 63.57 %
2025-07-06 - 06:25:47 - INFO: GPOA (Ticker: ENB): 8.8 %
2025-07-06 - 06:25:48 - INFO: ---------------------- MS ----------------------
2025-07-06 - 06:25:48 - INFO: Profit Margin (Ticker: TMUS): 14.41 %
2025-07-06 - 06:25:48 - INFO: GPMAR (Ticker: ENB): 36.03 %
2025-07-06 - 06:25:48 - INFO: ROE - Calc (Ticker: WELL): 3.52 %
2025-07-06 - 06:25:48 - INFO: P/E (Forward) (Ticker: MS): 18.18
2025-07-06 - 06:25:48 - INFO: ---------------------- SPGI ----------------------
2025-07-06 - 06:25:48 - INFO: Sector: Communication Services
2025-07-06 - 06:25:48 - INFO: Profit Margin (Ticker: ENB): 10.33 %
2025-07-06 - 06:25:48 - INFO: ROE - MSCI (Ticker: WELL): 3.43 %
2025-07-06 - 06:25:48 - INFO: P/E (Trailing) (Ticker: MS): 16.9
2025-07-06 - 06:25:48 - INFO: Fetched Earnings data (EPS) for 4 years period (Ticker: 7011.T).
2025-07-06 - 06:25:48 - INFO: P/E (Forward) (Ticker: SPGI): 31.51
2025-07-06 - 06:25:48 - INFO: Industry: Telecom Services
2025-07-06 - 06:25:48 - INFO: ROA (ttm) (Yahoo Finance) (Ticker: WELL): 1.73 %
2025-07-06 - 06:25:48 - INFO: EPS (latest) (Ticker: 7011.T): 66.07
2025-07-06 - 06:25:48 - INFO: P/E (Trailing) (Ticker: SPGI): 41.67
2025-07-06 - 06:25:48 - INFO: Sector: Energy
2025-07-06 - 06:25:48 - INFO: ROA - Calc (Ticker: WELL): 1.86 %
2025-07-06 - 06:25:48 - INFO: Fetched Earnings data (Net Income) for 4 years period (Ticker: 7011.T).
2025-07-06 - 06:25:48 - INFO: Industry: Oil & Gas Midstream
2025-07-06 - 06:25:48 - INFO: Calculating Earnings Variability (EVAR) using EPS over 3 year period (Ticker: 7011.T).
2025-07-06 - 06:25:48 - INFO: EVAR 4Y (EPS) (Ticker: 7011.T): 83.93%
2025-07-06 - 06:25:48 - INFO: Calculating Earnings Variability (EVAR) using Net Income over 3 year period (Ticker: 7011.T).
2025-07-06 - 06:25:48 - INFO: EVAR 4Y (Net Income) (Ticker: 7011.T): 33.25%
2025-07-06 - 06:25:48 - INFO: CAGR 4Y (EPS) (Ticker: 7011.T): 76.13 %
2025-07-06 - 06:25:48 - INFO: CAGR 4Y (Net Income) (Ticker: 7011.T): 29.3 %
2025-07-06 - 06:25:48 - INFO: Dividend Yield (Ticker: 7011.T): 0.66 %
2025-07-06 - 06:25:48 - INFO: ROE (ttm) (Yahoo Finance) (Ticker: 7011.T): 10.85 %
2025-07-06 - 06:25:48 - INFO: CFOA (annual) (Ticker: WELL): 4.42 %
2025-07-06 - 06:25:48 - ERROR: Error calculating ROE (ttm) (Ticker: 7011.T): Cannot calculate ROE (Ticker: 7011.T): An error occurred: Cannot calculate Net Income TTM! Not enough Net Income Quarterly data is available (Ticker: 7011.T). 
 Data for at least 4 quarters is required .
2025-07-06 - 06:25:48 - ERROR: Unhandled error analyzing stock (Ticker: 7011.T)
2025-07-06 - 06:25:48 - ERROR: Cannot calculate Trailing EPS! Not enough EPS data for the last 4 quarters (Ticker: 7011.T).
Traceback (most recent call last):
  File "StockFactorScreener.py", line 605, in analyze_stock
  File "ProfitabilityCalculator.py", line 304, in calc_roe_msci
  File "EarningsEngine.py", line 351, in calc_eps_ttm
EarningsEngine.EPSCalcError: Cannot calculate Trailing EPS! Not enough EPS data for the last 4 quarters (Ticker: 7011.T).
2025-07-06 - 06:25:48 - INFO: EBIT/TEV (Ticker: MS): 3.98 %
2025-07-06 - 06:25:48 - INFO: P/B (Ticker: MS): 2.39
2025-07-06 - 06:25:48 - INFO: EBIT/TEV (Ticker: SPGI): 3.28 %
2025-07-06 - 06:25:48 - INFO: P/B (Ticker: SPGI): 4.87
2025-07-06 - 06:25:48 - INFO: CFOA (ttm) (Ticker: WELL): 4.93 %
2025-07-06 - 06:25:48 - INFO: GPOA (Ticker: WELL): 5.92 %
2025-07-06 - 06:25:48 - INFO: ---------------------- UCG.MI ----------------------
2025-07-06 - 06:25:48 - INFO: GPMAR (Ticker: WELL): 38.5 %
2025-07-06 - 06:25:49 - INFO: ---------------------- BA.L ----------------------
2025-07-06 - 06:25:49 - INFO: P/E (Forward) (Ticker: UCG.MI): 9.54
2025-07-06 - 06:25:49 - INFO: Profit Margin (Ticker: WELL): 12.65 %
2025-07-06 - 06:25:49 - INFO: P/E (Forward) (Ticker: BA.L): 0.25
2025-07-06 - 06:25:49 - INFO: P/E (Trailing) (Ticker: UCG.MI): 9.33
2025-07-06 - 06:25:49 - INFO: Sector: Real Estate
2025-07-06 - 06:25:49 - INFO: P/E (Trailing) (Ticker: BA.L): 29.37
2025-07-06 - 06:25:49 - INFO: CFOA (ttm) (Ticker: HWM): 12.92 %
2025-07-06 - 06:25:49 - INFO: Industry: REIT - Healthcare Facilities
2025-07-06 - 06:25:49 - INFO: GPOA (Ticker: HWM): 21.97 %
2025-07-06 - 06:25:49 - INFO: GPMAR (Ticker: HWM): 31.1 %
2025-07-06 - 06:25:49 - INFO: Profit Margin (Ticker: HWM): 16.64 %
2025-07-06 - 06:25:49 - INFO: Sector: Industrials
2025-07-06 - 06:25:49 - INFO: Industry: Aerospace & Defense
2025-07-06 - 06:25:49 - INFO: Fetched Earnings data (EPS) for 4 years period (Ticker: MS).
2025-07-06 - 06:25:49 - INFO: EPS (latest) (Ticker: MS): 8.04
2025-07-06 - 06:25:49 - INFO: Fetched Earnings data (EPS) for 4 years period (Ticker: SPGI).
2025-07-06 - 06:25:49 - INFO: Fetched Earnings data (Net Income) for 4 years period (Ticker: MS).
2025-07-06 - 06:25:49 - INFO: EPS (latest) (Ticker: SPGI): 12.36
2025-07-06 - 06:25:49 - INFO: Calculating Earnings Variability (EVAR) using EPS over 3 year period (Ticker: MS).
2025-07-06 - 06:25:49 - INFO: Fetched Earnings data (Net Income) for 4 years period (Ticker: SPGI).
2025-07-06 - 06:25:49 - INFO: EVAR 4Y (EPS) (Ticker: MS): 42.44%
2025-07-06 - 06:25:49 - INFO: Calculating Earnings Variability (EVAR) using EPS over 3 year period (Ticker: SPGI).
2025-07-06 - 06:25:49 - INFO: Calculating Earnings Variability (EVAR) using Net Income over 3 year period (Ticker: MS).
2025-07-06 - 06:25:49 - INFO: EVAR 4Y (EPS) (Ticker: SPGI): 39.71%
2025-07-06 - 06:25:49 - INFO: EVAR 4Y (Net Income) (Ticker: MS): 40.37%
2025-07-06 - 06:25:49 - INFO: Calculating Earnings Variability (EVAR) using Net Income over 3 year period (Ticker: SPGI).
2025-07-06 - 06:25:49 - INFO: CAGR 4Y (EPS) (Ticker: MS): -0.49 %
2025-07-06 - 06:25:49 - INFO: EVAR 4Y (Net Income) (Ticker: SPGI): 33.12%
2025-07-06 - 06:25:49 - INFO: CAGR 4Y (Net Income) (Ticker: MS): -3.79 %
2025-07-06 - 06:25:49 - INFO: CAGR 4Y (EPS) (Ticker: SPGI): -0.53 %
2025-07-06 - 06:25:49 - INFO: Dividend Yield (Ticker: MS): 2.63 %
2025-07-06 - 06:25:49 - INFO: CAGR 4Y (Net Income) (Ticker: SPGI): 8.4 %
2025-07-06 - 06:25:49 - INFO: ROE (ttm) (Yahoo Finance) (Ticker: MS): 13.88 %
2025-07-06 - 06:25:49 - INFO: Dividend Yield (Ticker: SPGI): 0.73 %
2025-07-06 - 06:25:49 - INFO: ROE (ttm) (Yahoo Finance) (Ticker: SPGI): 11.24 %
2025-07-06 - 06:25:49 - INFO: EBIT/TEV (Ticker: UCG.MI): 9.62 %
2025-07-06 - 06:25:49 - INFO: P/B (Ticker: UCG.MI): 1.34
2025-07-06 - 06:25:49 - INFO: ROE - Calc (Ticker: MS): 13.88 %
2025-07-06 - 06:25:49 - INFO: ROE - Calc (Ticker: SPGI): 11.68 %
2025-07-06 - 06:25:49 - INFO: ROE - MSCI (Ticker: MS): 13.09 %
2025-07-06 - 06:25:49 - INFO: ---------------------- APH ----------------------
2025-07-06 - 06:25:49 - INFO: ROE - MSCI (Ticker: SPGI): 13.48 %
2025-07-06 - 06:25:49 - INFO: ---------------------- AEM ----------------------
2025-07-06 - 06:25:49 - INFO: ROA (ttm) (Yahoo Finance) (Ticker: MS): 1.14 %
2025-07-06 - 06:25:49 - INFO: Fetched Earnings data (EPS) for 4 years period (Ticker: UCG.MI).
2025-07-06 - 06:25:49 - INFO: P/E (Forward) (Ticker: APH): 46.05
2025-07-06 - 06:25:50 - INFO: ROA (ttm) (Yahoo Finance) (Ticker: SPGI): 6.2 %
2025-07-06 - 06:25:50 - INFO: ---------------------- RELX ----------------------
2025-07-06 - 06:25:50 - INFO: P/E (Forward) (Ticker: AEM): 26.33
2025-07-06 - 06:25:50 - INFO: ROA - Calc (Ticker: MS): 1.10 %
2025-07-06 - 06:25:50 - INFO: EPS (latest) (Ticker: UCG.MI): 5.74
2025-07-06 - 06:25:50 - INFO: P/E (Trailing) (Ticker: APH): 48.28
2025-07-06 - 06:25:50 - INFO: ROA - Calc (Ticker: SPGI): 6.40 %
2025-07-06 - 06:25:50 - INFO: P/E (Forward) (Ticker: RELX): 32.04
2025-07-06 - 06:25:50 - INFO: P/E (Trailing) (Ticker: RELX): 37.72
2025-07-06 - 06:25:50 - INFO: Fetched Earnings data (Net Income) for 4 years period (Ticker: UCG.MI).
2025-07-06 - 06:25:50 - INFO: P/E (Trailing) (Ticker: AEM): 25.6
2025-07-06 - 06:25:50 - INFO: Calculating Earnings Variability (EVAR) using EPS over 3 year period (Ticker: UCG.MI).
2025-07-06 - 06:25:50 - INFO: EVAR 4Y (EPS) (Ticker: UCG.MI): 114.41%
2025-07-06 - 06:25:50 - INFO: Calculating Earnings Variability (EVAR) using Net Income over 3 year period (Ticker: UCG.MI).
2025-07-06 - 06:25:50 - INFO: EVAR 4Y (Net Income) (Ticker: UCG.MI): 108.24%
2025-07-06 - 06:25:50 - INFO: CAGR 4Y (EPS) (Ticker: UCG.MI): 83.43 %
2025-07-06 - 06:25:50 - INFO: CAGR 4Y (Net Income) (Ticker: UCG.MI): 66.75 %
2025-07-06 - 06:25:50 - INFO: Dividend Yield (Ticker: UCG.MI): 4.22 %
2025-07-06 - 06:25:50 - INFO: ROE (ttm) (Yahoo Finance) (Ticker: UCG.MI): 15.23 %
2025-07-06 - 06:25:50 - INFO: CFOA (annual) (Ticker: MS): 0.11 %
2025-07-06 - 06:25:50 - INFO: CFOA (annual) (Ticker: SPGI): 9.45 %
2025-07-06 - 06:25:50 - INFO: ROE - Calc (Ticker: UCG.MI): 15.18 %
2025-07-06 - 06:25:50 - INFO: EBIT/TEV (Ticker: BA.L): 0.07 %
2025-07-06 - 06:25:50 - INFO: ROE - MSCI (Ticker: UCG.MI): 14.41 %
2025-07-06 - 06:25:50 - INFO: P/B (Ticker: BA.L): 485.91
2025-07-06 - 06:25:50 - INFO: ROA (ttm) (Yahoo Finance) (Ticker: UCG.MI): 1.24 %
2025-07-06 - 06:25:50 - INFO: EBIT/TEV (Ticker: APH): 2.92 %
2025-07-06 - 06:25:50 - INFO: Fetched Earnings data (EPS) for 4 years period (Ticker: BA.L).
2025-07-06 - 06:25:50 - INFO: ROA - Calc (Ticker: UCG.MI): 1.24 %
2025-07-06 - 06:25:50 - INFO: P/B (Ticker: APH): 11.68
2025-07-06 - 06:25:50 - INFO: CFOA (ttm) (Ticker: MS): -2.16 %
2025-07-06 - 06:25:50 - INFO: EPS (latest) (Ticker: BA.L): 0.65
2025-07-06 - 06:25:50 - INFO: Fetched Earnings data (Net Income) for 4 years period (Ticker: BA.L).
2025-07-06 - 06:25:50 - INFO: Calculating Earnings Variability (EVAR) using EPS over 3 year period (Ticker: BA.L).
2025-07-06 - 06:25:50 - INFO: EVAR 4Y (EPS) (Ticker: BA.L): 13.7%
2025-07-06 - 06:25:50 - INFO: Calculating Earnings Variability (EVAR) using Net Income over 3 year period (Ticker: BA.L).
2025-07-06 - 06:25:50 - INFO: EBIT/TEV (Ticker: AEM): 6.15 %
2025-07-06 - 06:25:50 - INFO: P/B (Ticker: AEM): 2.79
2025-07-06 - 06:25:50 - INFO: CFOA (ttm) (Ticker: SPGI): 9.43 %
2025-07-06 - 06:25:51 - INFO: CFOA (annual) (Ticker: UCG.MI): -0.9 %
2025-07-06 - 06:25:51 - INFO: Fetched Earnings data (EPS) for 4 years period (Ticker: APH).
2025-07-06 - 06:25:51 - INFO: EVAR 4Y (Net Income) (Ticker: BA.L): 13.15%
2025-07-06 - 06:25:51 - INFO: GPOA (Ticker: SPGI): 16.3 %
2025-07-06 - 06:25:51 - INFO: EPS (latest) (Ticker: APH): 2.01
2025-07-06 - 06:25:51 - INFO: Fetched Earnings data (Net Income) for 4 years period (Ticker: APH).
2025-07-06 - 06:25:51 - INFO: GPMAR (Ticker: SPGI): 69.09 %
2025-07-06 - 06:25:51 - INFO: CAGR 4Y (EPS) (Ticker: BA.L): 5.54 %
2025-07-06 - 06:25:51 - INFO: Calculating Earnings Variability (EVAR) using EPS over 3 year period (Ticker: APH).
2025-07-06 - 06:25:51 - INFO: Profit Margin (Ticker: SPGI): 27.26 %
2025-07-06 - 06:25:51 - INFO: CAGR 4Y (Net Income) (Ticker: BA.L): 3.62 %
2025-07-06 - 06:25:51 - INFO: EVAR 4Y (EPS) (Ticker: APH): 12.3%
2025-07-06 - 06:25:51 - INFO: Sector: Financial Services
2025-07-06 - 06:25:51 - INFO: Dividend Yield (Ticker: BA.L): 1.75 %
2025-07-06 - 06:25:51 - INFO: Calculating Earnings Variability (EVAR) using Net Income over 3 year period (Ticker: APH).
2025-07-06 - 06:25:51 - INFO: Industry: Financial Data & Stock Exchanges
2025-07-06 - 06:25:51 - INFO: ROE (ttm) (Yahoo Finance) (Ticker: BA.L): 18.14 %
2025-07-06 - 06:25:51 - INFO: EVAR 4Y (Net Income) (Ticker: APH): 12.68%
2025-07-06 - 06:25:51 - ERROR: Error calculating ROE (ttm) (Ticker: BA.L): Cannot calculate ROE (Ticker: BA.L): An error occurred: Cannot calculate Net Income TTM! Net Income data is missing in the Quarterly Income Statement (Ticker: BA.L).
2025-07-06 - 06:25:51 - INFO: CAGR 4Y (EPS) (Ticker: APH): 14.76 %
2025-07-06 - 06:25:51 - ERROR: Unhandled error analyzing stock (Ticker: BA.L)
2025-07-06 - 06:25:51 - INFO: Fetched Earnings data (EPS) for 4 years period (Ticker: AEM).
2025-07-06 - 06:25:51 - INFO: CAGR 4Y (Net Income) (Ticker: APH): 15.07 %
2025-07-06 - 06:25:51 - ERROR: Cannot calculate Trailing EPS! EPS data is missing (Ticker: BA.L).
Traceback (most recent call last):
  File "StockFactorScreener.py", line 605, in analyze_stock
  File "ProfitabilityCalculator.py", line 304, in calc_roe_msci
  File "EarningsEngine.py", line 343, in calc_eps_ttm
EarningsEngine.EPSCalcError: Cannot calculate Trailing EPS! EPS data is missing (Ticker: BA.L).
2025-07-06 - 06:25:51 - INFO: EPS (latest) (Ticker: AEM): 3.79
2025-07-06 - 06:25:51 - INFO: Dividend Yield (Ticker: APH): 0.67 %
2025-07-06 - 06:25:51 - INFO: Fetched Earnings data (Net Income) for 4 years period (Ticker: AEM).
2025-07-06 - 06:25:51 - INFO: ROE (ttm) (Yahoo Finance) (Ticker: APH): 27.53 %
2025-07-06 - 06:25:51 - INFO: Calculating Earnings Variability (EVAR) using EPS over 3 year period (Ticker: AEM).
2025-07-06 - 06:25:51 - INFO: EVAR 4Y (EPS) (Ticker: AEM): 103.32%
2025-07-06 - 06:25:51 - INFO: Calculating Earnings Variability (EVAR) using Net Income over 3 year period (Ticker: AEM).
2025-07-06 - 06:25:51 - INFO: EVAR 4Y (Net Income) (Ticker: AEM): 105.16%
2025-07-06 - 06:25:51 - INFO: CAGR 4Y (EPS) (Ticker: AEM): 19.34 %
2025-07-06 - 06:25:51 - INFO: CAGR 4Y (Net Income) (Ticker: AEM): 49.97 %
2025-07-06 - 06:25:51 - INFO: Dividend Yield (Ticker: AEM): 1.35 %
2025-07-06 - 06:25:51 - INFO: ROE (ttm) (Yahoo Finance) (Ticker: AEM): 11.45 %
2025-07-06 - 06:25:51 - ERROR: Error calculating CFOA (ttm) (Ticker: UCG.MI): Error occurred while calculcating CFOA TTM (Ticker: UCG.MI): 'Operating Cash Flow'!
2025-07-06 - 06:25:51 - INFO: EBIT/TEV (Ticker: RELX): 3.11 %
2025-07-06 - 06:25:51 - INFO: P/B (Ticker: RELX): 28.35
2025-07-06 - 06:25:51 - INFO: Fetched Earnings data (EPS) for 4 years period (Ticker: RELX).
2025-07-06 - 06:25:51 - INFO: EPS (latest) (Ticker: RELX): 0.94
2025-07-06 - 06:25:51 - INFO: Fetched Earnings data (Net Income) for 4 years period (Ticker: RELX).
2025-07-06 - 06:25:51 - INFO: Calculating Earnings Variability (EVAR) using EPS over 3 year period (Ticker: RELX).
2025-07-06 - 06:25:51 - INFO: EVAR 4Y (EPS) (Ticker: RELX): 5.29%
2025-07-06 - 06:25:51 - INFO: Calculating Earnings Variability (EVAR) using Net Income over 3 year period (Ticker: RELX).
2025-07-06 - 06:25:51 - INFO: EVAR 4Y (Net Income) (Ticker: RELX): 1.34%
2025-07-06 - 06:25:51 - INFO: CAGR 4Y (EPS) (Ticker: RELX): 14.01 %
2025-07-06 - 06:25:51 - INFO: CAGR 4Y (Net Income) (Ticker: RELX): 9.55 %
2025-07-06 - 06:25:51 - INFO: Dividend Yield (Ticker: RELX): 1.47 %
2025-07-06 - 06:25:51 - INFO: ROE (ttm) (Yahoo Finance) (Ticker: RELX): 56.0 %
2025-07-06 - 06:25:51 - ERROR: Error calculating ROE (ttm) (Ticker: RELX): Cannot calculate ROE (Ticker: RELX): An error occurred: Cannot calculate Net Income TTM! Net Income data is missing in the Quarterly Income Statement (Ticker: RELX).
2025-07-06 - 06:25:51 - ERROR: Unhandled error analyzing stock (Ticker: RELX)
2025-07-06 - 06:25:51 - ERROR: Cannot calculate Trailing EPS! EPS data is missing (Ticker: RELX).
Traceback (most recent call last):
  File "StockFactorScreener.py", line 605, in analyze_stock
  File "ProfitabilityCalculator.py", line 304, in calc_roe_msci
  File "EarningsEngine.py", line 343, in calc_eps_ttm
EarningsEngine.EPSCalcError: Cannot calculate Trailing EPS! EPS data is missing (Ticker: RELX).
2025-07-06 - 06:25:51 - INFO: ROE - Calc (Ticker: AEM): 11.45 %
2025-07-06 - 06:25:51 - INFO: GPOA (Ticker: UCG.MI): None %
2025-07-06 - 06:25:51 - INFO: ROE - MSCI (Ticker: AEM): 10.98 %
2025-07-06 - 06:25:51 - INFO: GPMAR (Ticker: UCG.MI): None %
2025-07-06 - 06:25:51 - INFO: ROA (ttm) (Yahoo Finance) (Ticker: AEM): 7.81 %
2025-07-06 - 06:25:51 - ERROR: Error calculating GPOA and GPMAR TTM (Ticker: UCG.MI): Cannot calculate GPOA (Ticker: UCG.MI): 'Gross Profit' data is missing in the Income Statement.
2025-07-06 - 06:25:51 - INFO: ROA - Calc (Ticker: AEM): 6.32 %
2025-07-06 - 06:25:51 - INFO: Profit Margin (Ticker: UCG.MI): 41.05 %
2025-07-06 - 06:25:51 - INFO: Sector: Financial Services
2025-07-06 - 06:25:51 - INFO: Industry: Banks - Regional
2025-07-06 - 06:25:51 - INFO: ROE - Calc (Ticker: APH): 27.53 %
2025-07-06 - 06:25:51 - ERROR: Error calculating profitability growth metrics for UCG.MI: Cannot calculate CAGR. No Earnings Growth data available (Ticker: UCG.MI).
2025-07-06 - 06:25:51 - INFO: ROE - MSCI (Ticker: APH): 25.62 %
2025-07-06 - 06:25:51 - ERROR: Cannot calculate CAGR. No Earnings Growth data available (Ticker: UCG.MI).
Traceback (most recent call last):
  File "StockFactorScreener.py", line 249, in calc_profitability_growth
  File "ProfitabilityCalculator.py", line 1004, in calc_cagr
ProfitabilityCalculator.CAGRCalcError: Cannot calculate CAGR. No Earnings Growth data available (Ticker: UCG.MI).
2025-07-06 - 06:25:51 - INFO: ROA (ttm) (Yahoo Finance) (Ticker: APH): 11.82 %
2025-07-06 - 06:25:51 - INFO: ---------------------- MO ----------------------
2025-07-06 - 06:25:51 - INFO: ROA - Calc (Ticker: APH): 11.31 %
2025-07-06 - 06:25:51 - INFO: P/E (Forward) (Ticker: MO): 11.15
2025-07-06 - 06:25:51 - INFO: P/E (Trailing) (Ticker: MO): 10.01
2025-07-06 - 06:25:51 - INFO: CFOA (annual) (Ticker: AEM): 13.21 %
2025-07-06 - 06:25:51 - INFO: ---------------------- ORLY ----------------------
2025-07-06 - 06:25:51 - INFO: P/E (Forward) (Ticker: ORLY): 2.03
2025-07-06 - 06:25:52 - INFO: P/E (Trailing) (Ticker: ORLY): 33.58
2025-07-06 - 06:25:52 - INFO: CFOA (annual) (Ticker: APH): 13.13 %
2025-07-06 - 06:25:52 - INFO: CFOA (ttm) (Ticker: AEM): 14.11 %
2025-07-06 - 06:25:52 - INFO: ---------------------- CS.PA ----------------------
2025-07-06 - 06:25:52 - INFO: GPOA (Ticker: AEM): 12.29 %
2025-07-06 - 06:25:52 - INFO: P/E (Forward) (Ticker: CS.PA): 10.73
2025-07-06 - 06:25:52 - INFO: GPMAR (Ticker: AEM): 44.48 %
2025-07-06 - 06:25:52 - INFO: P/E (Trailing) (Ticker: CS.PA): 12.62
2025-07-06 - 06:25:52 - INFO: Profit Margin (Ticker: AEM): 26.48 %
2025-07-06 - 06:25:52 - INFO: EBIT/TEV (Ticker: MO): 9.54 %
2025-07-06 - 06:25:52 - INFO: Sector: Basic Materials
2025-07-06 - 06:25:52 - INFO: GPOA (Ticker: MS): 4.72 %
2025-07-06 - 06:25:52 - INFO: CFOA (ttm) (Ticker: APH): 14.45 %
2025-07-06 - 06:25:52 - INFO: P/B (Ticker: MO): -28.65
2025-07-06 - 06:25:52 - INFO: Industry: Gold
2025-07-06 - 06:25:52 - INFO: GPMAR (Ticker: MS): 55.61 %
2025-07-06 - 06:25:52 - INFO: GPOA (Ticker: APH): 23.97 %
2025-07-06 - 06:25:52 - ERROR: Error calculating GPOA and GPMAR TTM (Ticker: MS): Cannot calculate GPOA (Ticker: MS): 'Gross Profit' data is missing in the Income Statement.
2025-07-06 - 06:25:52 - INFO: GPMAR (Ticker: APH): 33.76 %
2025-07-06 - 06:25:52 - INFO: Profit Margin (Ticker: MS): 22.35 %
2025-07-06 - 06:25:52 - INFO: Profit Margin (Ticker: APH): 15.57 %
2025-07-06 - 06:25:52 - INFO: Sector: Financial Services
2025-07-06 - 06:25:52 - INFO: Sector: Technology
2025-07-06 - 06:25:52 - INFO: Industry: Capital Markets
2025-07-06 - 06:25:52 - INFO: Industry: Electronic Components
2025-07-06 - 06:25:52 - INFO: ---------------------- ICE ----------------------
2025-07-06 - 06:25:52 - INFO: P/E (Forward) (Ticker: ICE): 27.17
2025-07-06 - 06:25:52 - INFO: P/E (Trailing) (Ticker: ICE): 37.91
2025-07-06 - 06:25:52 - INFO: Fetched Earnings data (EPS) for 4 years period (Ticker: MO).
2025-07-06 - 06:25:52 - INFO: EPS (latest) (Ticker: MO): 6.54
2025-07-06 - 06:25:52 - INFO: Fetched Earnings data (Net Income) for 4 years period (Ticker: MO).
2025-07-06 - 06:25:52 - INFO: Calculating Earnings Variability (EVAR) using EPS over 3 year period (Ticker: MO).
2025-07-06 - 06:25:52 - INFO: EVAR 4Y (EPS) (Ticker: MO): 54.79%
2025-07-06 - 06:25:52 - INFO: Calculating Earnings Variability (EVAR) using Net Income over 3 year period (Ticker: MO).
2025-07-06 - 06:25:52 - INFO: EVAR 4Y (Net Income) (Ticker: MO): 53.76%
2025-07-06 - 06:25:52 - INFO: CAGR 4Y (EPS) (Ticker: MO): 69.63 %
2025-07-06 - 06:25:52 - INFO: EBIT/TEV (Ticker: ORLY): 3.77 %
2025-07-06 - 06:25:52 - INFO: CAGR 4Y (Net Income) (Ticker: MO): 65.72 %
2025-07-06 - 06:25:52 - INFO: P/B (Ticker: ORLY): -57.62
2025-07-06 - 06:25:52 - INFO: Dividend Yield (Ticker: MO): 6.96 %
2025-07-06 - 06:25:52 - INFO: ROE (ttm) (Yahoo Finance) (Ticker: MO): N/A
2025-07-06 - 06:25:52 - INFO: Fetched Earnings data (EPS) for 4 years period (Ticker: ORLY).
2025-07-06 - 06:25:52 - INFO: ROE - Calc (Ticker: MO): N/A
2025-07-06 - 06:25:52 - INFO: EPS (latest) (Ticker: ORLY): 40.91
2025-07-06 - 06:25:52 - INFO: ROE - MSCI (Ticker: MO): -282.83 %
2025-07-06 - 06:25:53 - INFO: Fetched Earnings data (Net Income) for 4 years period (Ticker: ORLY).
2025-07-06 - 06:25:53 - INFO: ROA (ttm) (Yahoo Finance) (Ticker: MO): 20.92 %
2025-07-06 - 06:25:53 - INFO: Calculating Earnings Variability (EVAR) using EPS over 3 year period (Ticker: ORLY).
2025-07-06 - 06:25:53 - INFO: ROA - Calc (Ticker: MO): 32.02 %
2025-07-06 - 06:25:53 - INFO: EVAR 4Y (EPS) (Ticker: ORLY): 5.01%
2025-07-06 - 06:25:53 - INFO: Calculating Earnings Variability (EVAR) using Net Income over 3 year period (Ticker: ORLY).
2025-07-06 - 06:25:53 - INFO: EBIT/TEV (Ticker: ICE): 3.73 %
2025-07-06 - 06:25:53 - INFO: EVAR 4Y (Net Income) (Ticker: ORLY): 4.08%
2025-07-06 - 06:25:53 - INFO: P/B (Ticker: ICE): 3.76
2025-07-06 - 06:25:53 - INFO: CAGR 4Y (EPS) (Ticker: ORLY): 9.23 %
2025-07-06 - 06:25:53 - INFO: CAGR 4Y (Net Income) (Ticker: ORLY): 3.31 %
2025-07-06 - 06:25:53 - INFO: ---------------------- BBVA ----------------------
2025-07-06 - 06:25:53 - INFO: Dividend Yield (Ticker: ORLY): N/A
2025-07-06 - 06:25:53 - INFO: P/E (Forward) (Ticker: BBVA): 9.77
2025-07-06 - 06:25:53 - INFO: ROE (ttm) (Yahoo Finance) (Ticker: ORLY): N/A
2025-07-06 - 06:25:53 - INFO: P/E (Trailing) (Ticker: BBVA): 7.48
2025-07-06 - 06:25:53 - INFO: ---------------------- AJG ----------------------
2025-07-06 - 06:25:53 - INFO: P/E (Forward) (Ticker: AJG): 28.2
2025-07-06 - 06:25:53 - INFO: P/E (Trailing) (Ticker: AJG): 49.01
2025-07-06 - 06:25:53 - INFO: CFOA (annual) (Ticker: MO): 24.88 %
2025-07-06 - 06:25:53 - INFO: ---------------------- ISP.MI ----------------------
2025-07-06 - 06:25:53 - INFO: P/E (Forward) (Ticker: ISP.MI): 9.55
2025-07-06 - 06:25:53 - INFO: P/E (Trailing) (Ticker: ISP.MI): 9.74
2025-07-06 - 06:25:53 - INFO: ROE - Calc (Ticker: ORLY): N/A
2025-07-06 - 06:25:53 - INFO: ROE - MSCI (Ticker: ORLY): -2584.45 %
2025-07-06 - 06:25:53 - INFO: ROA (ttm) (Yahoo Finance) (Ticker: ORLY): 13.73 %
2025-07-06 - 06:25:53 - INFO: Fetched Earnings data (EPS) for 4 years period (Ticker: ICE).
2025-07-06 - 06:25:53 - INFO: ROA - Calc (Ticker: ORLY): 16.02 %
2025-07-06 - 06:25:53 - INFO: EBIT/TEV (Ticker: CS.PA): -5.07 %
2025-07-06 - 06:25:53 - INFO: EPS (latest) (Ticker: ICE): 4.8
2025-07-06 - 06:25:53 - INFO: P/B (Ticker: CS.PA): 1.79
2025-07-06 - 06:25:53 - INFO: Fetched Earnings data (Net Income) for 4 years period (Ticker: ICE).
2025-07-06 - 06:25:53 - INFO: Fetched Earnings data (EPS) for 4 years period (Ticker: CS.PA).
2025-07-06 - 06:25:53 - INFO: CFOA (ttm) (Ticker: MO): 24.65 %
2025-07-06 - 06:25:53 - INFO: Calculating Earnings Variability (EVAR) using EPS over 3 year period (Ticker: ICE).
2025-07-06 - 06:25:53 - INFO: EPS (latest) (Ticker: CS.PA): 3.3
2025-07-06 - 06:25:53 - INFO: GPOA (Ticker: MO): 40.84 %
2025-07-06 - 06:25:53 - INFO: EVAR 4Y (EPS) (Ticker: ICE): 63.76%
2025-07-06 - 06:25:53 - INFO: Fetched Earnings data (Net Income) for 4 years period (Ticker: CS.PA).
2025-07-06 - 06:25:53 - INFO: GPMAR (Ticker: MO): 70.27 %
2025-07-06 - 06:25:53 - INFO: Calculating Earnings Variability (EVAR) using Net Income over 3 year period (Ticker: ICE).
2025-07-06 - 06:25:53 - INFO: Calculating Earnings Variability (EVAR) using EPS over 3 year period (Ticker: CS.PA).
2025-07-06 - 06:25:53 - INFO: Profit Margin (Ticker: MO): 50.44 %
2025-07-06 - 06:25:53 - INFO: EVAR 4Y (Net Income) (Ticker: ICE): 64.78%
2025-07-06 - 06:25:53 - INFO: EVAR 4Y (EPS) (Ticker: CS.PA): 38.05%
2025-07-06 - 06:25:53 - INFO: Sector: Consumer Defensive
2025-07-06 - 06:25:53 - INFO: CAGR 4Y (EPS) (Ticker: ICE): -12.72 %
2025-07-06 - 06:25:53 - INFO: Calculating Earnings Variability (EVAR) using Net Income over 3 year period (Ticker: CS.PA).
2025-07-06 - 06:25:53 - INFO: Industry: Tobacco
2025-07-06 - 06:25:53 - INFO: CAGR 4Y (Net Income) (Ticker: ICE): -12.12 %
2025-07-06 - 06:25:53 - INFO: EVAR 4Y (Net Income) (Ticker: CS.PA): 36.4%
2025-07-06 - 06:25:53 - INFO: CAGR 4Y (EPS) (Ticker: CS.PA): 3.51 %
2025-07-06 - 06:25:53 - INFO: Dividend Yield (Ticker: ICE): 1.05 %
2025-07-06 - 06:25:53 - INFO: CAGR 4Y (Net Income) (Ticker: CS.PA): 2.64 %
2025-07-06 - 06:25:53 - INFO: ROE (ttm) (Yahoo Finance) (Ticker: ICE): 10.42 %
2025-07-06 - 06:25:53 - INFO: Dividend Yield (Ticker: CS.PA): 5.16 %
2025-07-06 - 06:25:53 - INFO: EBIT/TEV (Ticker: BBVA): 33.86 %
2025-07-06 - 06:25:53 - INFO: ROE (ttm) (Yahoo Finance) (Ticker: CS.PA): 12.47 %
2025-07-06 - 06:25:53 - INFO: P/B (Ticker: BBVA): 1.64
2025-07-06 - 06:25:53 - ERROR: Error calculating ROE (ttm) (Ticker: CS.PA): Cannot calculate ROE (Ticker: CS.PA): An error occurred: Cannot calculate Net Income TTM! Net Income data is missing in the Quarterly Income Statement (Ticker: CS.PA).
2025-07-06 - 06:25:54 - INFO: CFOA (annual) (Ticker: ORLY): 20.48 %
2025-07-06 - 06:25:54 - INFO: EBIT/TEV (Ticker: AJG): 3.17 %
2025-07-06 - 06:25:54 - ERROR: Unhandled error analyzing stock (Ticker: CS.PA)
2025-07-06 - 06:25:54 - INFO: P/B (Ticker: AJG): 3.65
2025-07-06 - 06:25:54 - ERROR: Cannot calculate Trailing EPS! EPS data is missing (Ticker: CS.PA).
Traceback (most recent call last):
  File "StockFactorScreener.py", line 605, in analyze_stock
  File "ProfitabilityCalculator.py", line 304, in calc_roe_msci
  File "EarningsEngine.py", line 343, in calc_eps_ttm
EarningsEngine.EPSCalcError: Cannot calculate Trailing EPS! EPS data is missing (Ticker: CS.PA).
2025-07-06 - 06:25:54 - INFO: EBIT/TEV (Ticker: ISP.MI): 8.05 %
2025-07-06 - 06:25:54 - INFO: ROE - Calc (Ticker: ICE): 10.27 %
2025-07-06 - 06:25:54 - INFO: P/B (Ticker: ISP.MI): 1.27
2025-07-06 - 06:25:54 - INFO: ROE - MSCI (Ticker: ICE): 9.99 %
2025-07-06 - 06:25:54 - INFO: ROA (ttm) (Yahoo Finance) (Ticker: ICE): 2.09 %
2025-07-06 - 06:25:54 - INFO: ROA - Calc (Ticker: ICE): 1.98 %
2025-07-06 - 06:25:54 - INFO: Fetched Earnings data (EPS) for 4 years period (Ticker: BBVA).
2025-07-06 - 06:25:54 - INFO: EPS (latest) (Ticker: BBVA): 1.68
2025-07-06 - 06:25:54 - INFO: Fetched Earnings data (Net Income) for 4 years period (Ticker: BBVA).
2025-07-06 - 06:25:54 - INFO: Calculating Earnings Variability (EVAR) using EPS over 3 year period (Ticker: BBVA).
2025-07-06 - 06:25:54 - INFO: EVAR 4Y (EPS) (Ticker: BBVA): 8.88%
2025-07-06 - 06:25:54 - INFO: Calculating Earnings Variability (EVAR) using Net Income over 3 year period (Ticker: BBVA).
2025-07-06 - 06:25:54 - INFO: EVAR 4Y (Net Income) (Ticker: BBVA): 6.3%
2025-07-06 - 06:25:54 - INFO: CAGR 4Y (EPS) (Ticker: BBVA): 35.86 %
2025-07-06 - 06:25:54 - INFO: CAGR 4Y (Net Income) (Ticker: BBVA): 29.28 %
2025-07-06 - 06:25:54 - INFO: Dividend Yield (Ticker: BBVA): 5.09 %
2025-07-06 - 06:25:54 - INFO: ROE (ttm) (Yahoo Finance) (Ticker: BBVA): 19.38 %
2025-07-06 - 06:25:54 - INFO: CFOA (ttm) (Ticker: ORLY): 20.96 %
2025-07-06 - 06:25:54 - INFO: GPOA (Ticker: ORLY): 57.44 %
2025-07-06 - 06:25:54 - INFO: GPMAR (Ticker: ORLY): 51.2 %
2025-07-06 - 06:25:54 - INFO: Profit Margin (Ticker: ORLY): 14.1 %
2025-07-06 - 06:25:54 - INFO: Sector: Consumer Cyclical
2025-07-06 - 06:25:54 - INFO: Industry: Auto Parts
2025-07-06 - 06:25:54 - INFO: CFOA (annual) (Ticker: ICE): 3.31 %
2025-07-06 - 06:25:54 - INFO: Fetched Earnings data (EPS) for 4 years period (Ticker: AJG).
2025-07-06 - 06:25:54 - INFO: Fetched Earnings data (EPS) for 4 years period (Ticker: ISP.MI).
2025-07-06 - 06:25:54 - INFO: EPS (latest) (Ticker: AJG): 6.63
2025-07-06 - 06:25:54 - INFO: EPS (latest) (Ticker: ISP.MI): 0.48
2025-07-06 - 06:25:54 - INFO: ROE - Calc (Ticker: BBVA): 19.71 %
2025-07-06 - 06:25:54 - INFO: ---------------------- LLOY.L ----------------------
2025-07-06 - 06:25:54 - INFO: Fetched Earnings data (Net Income) for 4 years period (Ticker: AJG).
2025-07-06 - 06:25:54 - INFO: Fetched Earnings data (Net Income) for 4 years period (Ticker: ISP.MI).
2025-07-06 - 06:25:54 - INFO: ROE - MSCI (Ticker: BBVA): 19.91 %
2025-07-06 - 06:25:54 - INFO: P/E (Forward) (Ticker: LLOY.L): 0.11
2025-07-06 - 06:25:54 - INFO: P/E (Trailing) (Ticker: LLOY.L): 12.56
2025-07-06 - 06:25:54 - INFO: Calculating Earnings Variability (EVAR) using EPS over 3 year period (Ticker: ISP.MI).
2025-07-06 - 06:25:54 - INFO: ROA (ttm) (Yahoo Finance) (Ticker: BBVA): 1.42 %
2025-07-06 - 06:25:54 - INFO: Calculating Earnings Variability (EVAR) using EPS over 3 year period (Ticker: AJG).
2025-07-06 - 06:25:54 - INFO: EVAR 4Y (EPS) (Ticker: ISP.MI): 42.54%
2025-07-06 - 06:25:54 - INFO: ROA - Calc (Ticker: BBVA): 1.30 %
2025-07-06 - 06:25:54 - INFO: EVAR 4Y (EPS) (Ticker: AJG): 30.95%
2025-07-06 - 06:25:54 - INFO: Calculating Earnings Variability (EVAR) using Net Income over 3 year period (Ticker: ISP.MI).
2025-07-06 - 06:25:54 - INFO: Calculating Earnings Variability (EVAR) using Net Income over 3 year period (Ticker: AJG).
2025-07-06 - 06:25:54 - INFO: EVAR 4Y (Net Income) (Ticker: ISP.MI): 39.43%
2025-07-06 - 06:25:54 - INFO: EVAR 4Y (Net Income) (Ticker: AJG): 32.01%
2025-07-06 - 06:25:54 - INFO: CAGR 4Y (EPS) (Ticker: ISP.MI): 29.7 %
2025-07-06 - 06:25:54 - INFO: CAGR 4Y (EPS) (Ticker: AJG): 14.01 %
2025-07-06 - 06:25:54 - INFO: CAGR 4Y (Net Income) (Ticker: ISP.MI): 27.46 %
2025-07-06 - 06:25:54 - INFO: CAGR 4Y (Net Income) (Ticker: AJG): 17.28 %
2025-07-06 - 06:25:54 - INFO: Dividend Yield (Ticker: ISP.MI): 6.99 %
2025-07-06 - 06:25:54 - INFO: Dividend Yield (Ticker: AJG): 0.81 %
2025-07-06 - 06:25:54 - INFO: ROE (ttm) (Yahoo Finance) (Ticker: ISP.MI): 13.52 %
2025-07-06 - 06:25:54 - INFO: ROE (ttm) (Yahoo Finance) (Ticker: AJG): 9.3 %
2025-07-06 - 06:25:54 - INFO: CFOA (ttm) (Ticker: ICE): 3.29 %
2025-07-06 - 06:25:54 - INFO: GPOA (Ticker: ICE): 4.68 %
2025-07-06 - 06:25:54 - INFO: GPMAR (Ticker: ICE): 55.45 %
2025-07-06 - 06:25:54 - INFO: Profit Margin (Ticker: ICE): 29.42 %
2025-07-06 - 06:25:54 - INFO: ---------------------- CSU.TO ----------------------
2025-07-06 - 06:25:54 - INFO: Sector: Financial Services
2025-07-06 - 06:25:55 - INFO: CFOA (annual) (Ticker: BBVA): -2.35 %
2025-07-06 - 06:25:55 - INFO: P/E (Forward) (Ticker: CSU.TO): 37.98
2025-07-06 - 06:25:55 - INFO: Industry: Financial Data & Stock Exchanges
2025-07-06 - 06:25:55 - INFO: ROE - Calc (Ticker: AJG): 9.27 %
2025-07-06 - 06:25:55 - INFO: ROE - Calc (Ticker: ISP.MI): 13.56 %
2025-07-06 - 06:25:55 - INFO: P/E (Trailing) (Ticker: CSU.TO): 105.26
2025-07-06 - 06:25:55 - INFO: ROE - MSCI (Ticker: AJG): 7.61 %
2025-07-06 - 06:25:55 - INFO: ROE - MSCI (Ticker: ISP.MI): 13.15 %
2025-07-06 - 06:25:55 - INFO: ROA (ttm) (Yahoo Finance) (Ticker: AJG): 2.68 %
2025-07-06 - 06:25:55 - INFO: ROA (ttm) (Yahoo Finance) (Ticker: ISP.MI): 0.96 %
2025-07-06 - 06:25:55 - INFO: ROA - Calc (Ticker: AJG): 2.28 %
2025-07-06 - 06:25:55 - INFO: ROA - Calc (Ticker: ISP.MI): 0.93 %
2025-07-06 - 06:25:55 - INFO: EBIT/TEV (Ticker: LLOY.L): 9.85 %
2025-07-06 - 06:25:55 - INFO: ---------------------- SREN.SW ----------------------
2025-07-06 - 06:25:55 - INFO: P/B (Ticker: LLOY.L): 95.51
2025-07-06 - 06:25:55 - INFO: P/E (Forward) (Ticker: SREN.SW): 11.02
2025-07-06 - 06:25:55 - INFO: P/E (Trailing) (Ticker: SREN.SW): 16.18
2025-07-06 - 06:25:55 - INFO: CFOA (ttm) (Ticker: BBVA): -2.06 %
2025-07-06 - 06:25:55 - INFO: CFOA (annual) (Ticker: AJG): 4.02 %
2025-07-06 - 06:25:55 - INFO: Fetched Earnings data (EPS) for 4 years period (Ticker: LLOY.L).
2025-07-06 - 06:25:55 - INFO: CFOA (annual) (Ticker: ISP.MI): -4.31 %
2025-07-06 - 06:25:55 - INFO: EPS (latest) (Ticker: LLOY.L): 0.06
2025-07-06 - 06:25:55 - INFO: Fetched Earnings data (Net Income) for 4 years period (Ticker: LLOY.L).
2025-07-06 - 06:25:55 - INFO: Calculating Earnings Variability (EVAR) using EPS over 3 year period (Ticker: LLOY.L).
2025-07-06 - 06:25:55 - INFO: EVAR 4Y (EPS) (Ticker: LLOY.L): 47.58%
2025-07-06 - 06:25:55 - INFO: Calculating Earnings Variability (EVAR) using Net Income over 3 year period (Ticker: LLOY.L).
2025-07-06 - 06:25:55 - INFO: EVAR 4Y (Net Income) (Ticker: LLOY.L): 40.58%
2025-07-06 - 06:25:55 - INFO: CAGR 4Y (EPS) (Ticker: LLOY.L): -5.65 %
2025-07-06 - 06:25:55 - INFO: CAGR 4Y (Net Income) (Ticker: LLOY.L): -8.57 %
2025-07-06 - 06:25:55 - INFO: Dividend Yield (Ticker: LLOY.L): 4.13 %
2025-07-06 - 06:25:55 - INFO: ROE (ttm) (Yahoo Finance) (Ticker: LLOY.L): 9.24 %
2025-07-06 - 06:25:55 - INFO: EBIT/TEV (Ticker: CSU.TO): 1.59 %
2025-07-06 - 06:25:55 - ERROR: Error calculating CFOA (ttm) (Ticker: ISP.MI): Error occurred while calculcating CFOA TTM (Ticker: ISP.MI): 'Operating Cash Flow'!
2025-07-06 - 06:25:55 - INFO: P/B (Ticker: CSU.TO): 34.82
2025-07-06 - 06:25:55 - INFO: CFOA (ttm) (Ticker: AJG): 4.12 %
2025-07-06 - 06:25:56 - INFO: ROE - Calc (Ticker: LLOY.L): 9.11 %
2025-07-06 - 06:25:56 - INFO: GPOA (Ticker: AJG): 7.59 %
2025-07-06 - 06:25:56 - ERROR: Unhandled error analyzing stock (Ticker: LLOY.L)
2025-07-06 - 06:25:56 - INFO: GPMAR (Ticker: AJG): 42.22 %
2025-07-06 - 06:25:56 - ERROR: Cannot calculate Trailing EPS! Not enough EPS data for the last 4 quarters (Ticker: LLOY.L).
Traceback (most recent call last):
  File "StockFactorScreener.py", line 605, in analyze_stock
  File "ProfitabilityCalculator.py", line 304, in calc_roe_msci
  File "EarningsEngine.py", line 351, in calc_eps_ttm
EarningsEngine.EPSCalcError: Cannot calculate Trailing EPS! Not enough EPS data for the last 4 quarters (Ticker: LLOY.L).
2025-07-06 - 06:25:56 - INFO: Profit Margin (Ticker: AJG): 13.86 %
2025-07-06 - 06:25:56 - INFO: Sector: Financial Services
2025-07-06 - 06:25:56 - INFO: Industry: Insurance Brokers
2025-07-06 - 06:25:56 - INFO: ---------------------- WMB ----------------------
2025-07-06 - 06:25:56 - INFO: P/E (Forward) (Ticker: WMB): 28.06
2025-07-06 - 06:25:56 - INFO: P/E (Trailing) (Ticker: WMB): 31.53
2025-07-06 - 06:25:56 - INFO: GPOA (Ticker: ISP.MI): None %
2025-07-06 - 06:25:56 - INFO: GPMAR (Ticker: ISP.MI): None %
2025-07-06 - 06:25:56 - ERROR: Error calculating GPOA and GPMAR TTM (Ticker: ISP.MI): Cannot calculate GPOA (Ticker: ISP.MI): 'Gross Profit' data is missing in the Income Statement.
2025-07-06 - 06:25:56 - INFO: Profit Margin (Ticker: ISP.MI): 35.31 %
2025-07-06 - 06:25:56 - INFO: Sector: Financial Services
2025-07-06 - 06:25:56 - INFO: Industry: Banks - Regional
2025-07-06 - 06:25:56 - ERROR: Error calculating profitability growth metrics for ISP.MI: Cannot calculate CAGR. No Earnings Growth data available (Ticker: ISP.MI).
2025-07-06 - 06:25:56 - ERROR: Cannot calculate CAGR. No Earnings Growth data available (Ticker: ISP.MI).
Traceback (most recent call last):
  File "StockFactorScreener.py", line 249, in calc_profitability_growth
  File "ProfitabilityCalculator.py", line 1004, in calc_cagr
ProfitabilityCalculator.CAGRCalcError: Cannot calculate CAGR. No Earnings Growth data available (Ticker: ISP.MI).
2025-07-06 - 06:25:56 - INFO: Fetched Earnings data (EPS) for 4 years period (Ticker: CSU.TO).
2025-07-06 - 06:25:56 - INFO: EPS (latest) (Ticker: CSU.TO): 34.48
2025-07-06 - 06:25:56 - INFO: Fetched Earnings data (Net Income) for 4 years period (Ticker: CSU.TO).
2025-07-06 - 06:25:56 - INFO: Calculating Earnings Variability (EVAR) using EPS over 3 year period (Ticker: CSU.TO).
2025-07-06 - 06:25:56 - INFO: EVAR 4Y (EPS) (Ticker: CSU.TO): 27.8%
2025-07-06 - 06:25:56 - INFO: Calculating Earnings Variability (EVAR) using Net Income over 3 year period (Ticker: CSU.TO).
2025-07-06 - 06:25:56 - INFO: EVAR 4Y (Net Income) (Ticker: CSU.TO): 27.83%
2025-07-06 - 06:25:56 - INFO: CAGR 4Y (EPS) (Ticker: CSU.TO): 33.02 %
2025-07-06 - 06:25:56 - INFO: CAGR 4Y (Net Income) (Ticker: CSU.TO): 33.1 %
2025-07-06 - 06:25:56 - INFO: Dividend Yield (Ticker: CSU.TO): 0.11 %
2025-07-06 - 06:25:56 - INFO: ROE (ttm) (Yahoo Finance) (Ticker: CSU.TO): 26.06 %
2025-07-06 - 06:25:56 - INFO: ROE - Calc (Ticker: CSU.TO): 27.66 %
2025-07-06 - 06:25:56 - INFO: ROE - MSCI (Ticker: CSU.TO): 22.89 %
2025-07-06 - 06:25:56 - INFO: EBIT/TEV (Ticker: WMB): 3.46 %
2025-07-06 - 06:25:56 - INFO: ROA (ttm) (Yahoo Finance) (Ticker: CSU.TO): 7.45 %
2025-07-06 - 06:25:56 - INFO: P/B (Ticker: WMB): 5.75
2025-07-06 - 06:25:56 - INFO: ROA - Calc (Ticker: CSU.TO): 5.68 %
2025-07-06 - 06:25:56 - INFO: ---------------------- EL ----------------------
2025-07-06 - 06:25:56 - INFO: P/E (Forward) (Ticker: EL): 32.86
2025-07-06 - 06:25:56 - INFO: P/E (Trailing) (Ticker: EL): N/A
2025-07-06 - 06:25:56 - INFO: ---------------------- DBK.DE ----------------------
2025-07-06 - 06:25:56 - INFO: EBIT/TEV (Ticker: SREN.SW): -9.66 %
2025-07-06 - 06:25:56 - INFO: P/E (Forward) (Ticker: DBK.DE): 9.07
2025-07-06 - 06:25:56 - INFO: ---------------------- III ----------------------
2025-07-06 - 06:25:56 - INFO: P/B (Ticker: SREN.SW): 1.74
2025-07-06 - 06:25:56 - INFO: P/E (Trailing) (Ticker: DBK.DE): 14.93
2025-07-06 - 06:25:56 - INFO: P/E (Forward) (Ticker: III): 15.03
2025-07-06 - 06:25:56 - INFO: Fetched Earnings data (EPS) for 4 years period (Ticker: SREN.SW).
2025-07-06 - 06:25:56 - INFO: CFOA (annual) (Ticker: CSU.TO): 17.07 %
2025-07-06 - 06:25:57 - INFO: P/E (Trailing) (Ticker: III): 31.94
2025-07-06 - 06:25:57 - INFO: EPS (latest) (Ticker: SREN.SW): 10.88
2025-07-06 - 06:25:57 - INFO: Fetched Earnings data (EPS) for 4 years period (Ticker: WMB).
2025-07-06 - 06:25:57 - INFO: Fetched Earnings data (Net Income) for 4 years period (Ticker: SREN.SW).
2025-07-06 - 06:25:57 - INFO: EPS (latest) (Ticker: WMB): 1.82
2025-07-06 - 06:25:57 - INFO: Calculating Earnings Variability (EVAR) using EPS over 3 year period (Ticker: SREN.SW).
2025-07-06 - 06:25:57 - INFO: Fetched Earnings data (Net Income) for 4 years period (Ticker: WMB).
2025-07-06 - 06:25:57 - INFO: EVAR 4Y (EPS) (Ticker: SREN.SW): 334.41%
2025-07-06 - 06:25:57 - INFO: Calculating Earnings Variability (EVAR) using EPS over 3 year period (Ticker: WMB).
2025-07-06 - 06:25:57 - INFO: Calculating Earnings Variability (EVAR) using Net Income over 3 year period (Ticker: SREN.SW).
2025-07-06 - 06:25:57 - INFO: EVAR 4Y (EPS) (Ticker: WMB): 44.63%
2025-07-06 - 06:25:57 - INFO: EVAR 4Y (Net Income) (Ticker: SREN.SW): 342.84%
2025-07-06 - 06:25:57 - INFO: CAGR 4Y (EPS) (Ticker: SREN.SW): 29.84 %
2025-07-06 - 06:25:57 - INFO: Calculating Earnings Variability (EVAR) using Net Income over 3 year period (Ticker: WMB).
2025-07-06 - 06:25:57 - INFO: CAGR 4Y (Net Income) (Ticker: SREN.SW): 31.14 %
2025-07-06 - 06:25:57 - INFO: EVAR 4Y (Net Income) (Ticker: WMB): 44.52%
2025-07-06 - 06:25:57 - INFO: Dividend Yield (Ticker: SREN.SW): 4.36 %
2025-07-06 - 06:25:57 - INFO: CAGR 4Y (EPS) (Ticker: WMB): 13.34 %
2025-07-06 - 06:25:57 - INFO: ROE (ttm) (Yahoo Finance) (Ticker: SREN.SW): 14.25 %
2025-07-06 - 06:25:57 - INFO: CAGR 4Y (Net Income) (Ticker: WMB): 13.62 %
2025-07-06 - 06:25:57 - ERROR: Error calculating ROE (ttm) (Ticker: SREN.SW): Cannot calculate ROE (Ticker: SREN.SW): An error occurred: Cannot calculate Net Income TTM! Net Income data is missing in the Quarterly Income Statement (Ticker: SREN.SW).
2025-07-06 - 06:25:57 - INFO: Dividend Yield (Ticker: WMB): 3.18 %
2025-07-06 - 06:25:57 - ERROR: Unhandled error analyzing stock (Ticker: SREN.SW)
2025-07-06 - 06:25:57 - INFO: ROE (ttm) (Yahoo Finance) (Ticker: WMB): 16.2 %
2025-07-06 - 06:25:57 - ERROR: Cannot calculate Trailing EPS! EPS data is missing (Ticker: SREN.SW).
Traceback (most recent call last):
  File "StockFactorScreener.py", line 605, in analyze_stock
  File "ProfitabilityCalculator.py", line 304, in calc_roe_msci
  File "EarningsEngine.py", line 343, in calc_eps_ttm
EarningsEngine.EPSCalcError: Cannot calculate Trailing EPS! EPS data is missing (Ticker: SREN.SW).
2025-07-06 - 06:25:57 - INFO: GPOA (Ticker: BBVA): 4.35 %
2025-07-06 - 06:25:57 - INFO: GPMAR (Ticker: BBVA): 106.53 %
2025-07-06 - 06:25:57 - ERROR: Error calculating GPOA and GPMAR TTM (Ticker: BBVA): Cannot calculate GPOA (Ticker: BBVA): 'Gross Profit' data is missing in the Income Statement.
2025-07-06 - 06:25:57 - INFO: Profit Margin (Ticker: BBVA): 32.95 %
2025-07-06 - 06:25:57 - INFO: Sector: Financial Services
2025-07-06 - 06:25:57 - INFO: Industry: Banks - Diversified
2025-07-06 - 06:25:57 - INFO: EBIT/TEV (Ticker: EL): 3.45 %
2025-07-06 - 06:25:57 - INFO: P/B (Ticker: EL): 7.35
2025-07-06 - 06:25:57 - INFO: CFOA (ttm) (Ticker: CSU.TO): 17.78 %
2025-07-06 - 06:25:57 - INFO: GPOA (Ticker: CSU.TO): 69.48 %
2025-07-06 - 06:25:57 - INFO: GPMAR (Ticker: CSU.TO): 88.78 %
2025-07-06 - 06:25:57 - INFO: Profit Margin (Ticker: CSU.TO): 7.15 %
2025-07-06 - 06:25:57 - INFO: ROE - Calc (Ticker: WMB): 18.32 %
2025-07-06 - 06:25:57 - INFO: Sector: Technology
2025-07-06 - 06:25:57 - INFO: ROE - MSCI (Ticker: WMB): 24.16 %
2025-07-06 - 06:25:57 - INFO: EBIT/TEV (Ticker: DBK.DE): -27.23 %
2025-07-06 - 06:25:57 - INFO: Industry: Software - Application
2025-07-06 - 06:25:57 - INFO: EBIT/TEV (Ticker: III): 3.99 %
2025-07-06 - 06:25:57 - INFO: ROA (ttm) (Yahoo Finance) (Ticker: WMB): 3.99 %
2025-07-06 - 06:25:57 - INFO: P/B (Ticker: DBK.DE): 0.59
2025-07-06 - 06:25:57 - INFO: P/B (Ticker: III): 2.59
2025-07-06 - 06:25:57 - INFO: ROA - Calc (Ticker: WMB): 4.08 %
2025-07-06 - 06:25:57 - INFO: Fetched Earnings data (EPS) for 4 years period (Ticker: EL).
2025-07-06 - 06:25:57 - INFO: EPS (latest) (Ticker: EL): 1.09
2025-07-06 - 06:25:57 - INFO: Fetched Earnings data (Net Income) for 4 years period (Ticker: EL).
2025-07-06 - 06:25:57 - INFO: Calculating Earnings Variability (EVAR) using EPS over 3 year period (Ticker: EL).
2025-07-06 - 06:25:57 - INFO: EVAR 4Y (EPS) (Ticker: EL): 25.11%
2025-07-06 - 06:25:57 - INFO: Calculating Earnings Variability (EVAR) using Net Income over 3 year period (Ticker: EL).
2025-07-06 - 06:25:57 - INFO: EVAR 4Y (Net Income) (Ticker: EL): 24.79%
2025-07-06 - 06:25:57 - INFO: CAGR 4Y (EPS) (Ticker: EL): -48.35 %
2025-07-06 - 06:25:57 - INFO: CAGR 4Y (Net Income) (Ticker: EL): -48.59 %
2025-07-06 - 06:25:57 - INFO: Dividend Yield (Ticker: EL): 1.73 %
2025-07-06 - 06:25:57 - INFO: ROE (ttm) (Yahoo Finance) (Ticker: EL): -15.98 %
2025-07-06 - 06:25:57 - INFO: ---------------------- FTNT ----------------------
2025-07-06 - 06:25:57 - INFO: P/E (Forward) (Ticker: FTNT): 43.84
2025-07-06 - 06:25:57 - INFO: P/E (Trailing) (Ticker: FTNT): 43.48
2025-07-06 - 06:25:57 - INFO: Fetched Earnings data (EPS) for 4 years period (Ticker: DBK.DE).
2025-07-06 - 06:25:57 - INFO: EPS (latest) (Ticker: DBK.DE): 1.4
2025-07-06 - 06:25:57 - INFO: Fetched Earnings data (Net Income) for 4 years period (Ticker: DBK.DE).
2025-07-06 - 06:25:57 - INFO: Calculating Earnings Variability (EVAR) using EPS over 3 year period (Ticker: DBK.DE).
2025-07-06 - 06:25:57 - INFO: CFOA (annual) (Ticker: WMB): 9.12 %
2025-07-06 - 06:25:57 - INFO: EVAR 4Y (EPS) (Ticker: DBK.DE): 101.72%
2025-07-06 - 06:25:58 - INFO: Fetched Earnings data (EPS) for 4 years period (Ticker: III).
2025-07-06 - 06:25:58 - INFO: ROE - Calc (Ticker: EL): -17.27 %
2025-07-06 - 06:25:58 - INFO: Calculating Earnings Variability (EVAR) using Net Income over 3 year period (Ticker: DBK.DE).
2025-07-06 - 06:25:58 - INFO: EPS (latest) (Ticker: III): 0.06
2025-07-06 - 06:25:58 - INFO: ROE - MSCI (Ticker: EL): -13.04 %
2025-07-06 - 06:25:58 - INFO: ---------------------- AXON ----------------------
2025-07-06 - 06:25:58 - INFO: EVAR 4Y (Net Income) (Ticker: DBK.DE): 89.93%
2025-07-06 - 06:25:58 - INFO: Fetched Earnings data (Net Income) for 4 years period (Ticker: III).
2025-07-06 - 06:25:58 - INFO: ROA (ttm) (Yahoo Finance) (Ticker: EL): 3.88 %
2025-07-06 - 06:25:58 - INFO: P/E (Forward) (Ticker: AXON): 128.3
2025-07-06 - 06:25:58 - INFO: CAGR 4Y (EPS) (Ticker: DBK.DE): 13.4 %
2025-07-06 - 06:25:58 - INFO: Calculating Earnings Variability (EVAR) using EPS over 3 year period (Ticker: III).
2025-07-06 - 06:25:58 - INFO: ROA - Calc (Ticker: EL): 1.80 %
2025-07-06 - 06:25:58 - INFO: P/E (Trailing) (Ticker: AXON): 192.14
2025-07-06 - 06:25:58 - INFO: EVAR 4Y (EPS) (Ticker: III): 52.0%
2025-07-06 - 06:25:58 - INFO: CAGR 4Y (Net Income) (Ticker: DBK.DE): 12.48 %
2025-07-06 - 06:25:58 - INFO: Calculating Earnings Variability (EVAR) using Net Income over 3 year period (Ticker: III).
2025-07-06 - 06:25:58 - INFO: Dividend Yield (Ticker: DBK.DE): 2.62 %
2025-07-06 - 06:25:58 - INFO: EVAR 4Y (Net Income) (Ticker: III): 51.56%
2025-07-06 - 06:25:58 - INFO: ROE (ttm) (Yahoo Finance) (Ticker: DBK.DE): 5.17 %
2025-07-06 - 06:25:58 - INFO: CAGR 4Y (EPS) (Ticker: III): -42.76 %
2025-07-06 - 06:25:58 - INFO: CAGR 4Y (Net Income) (Ticker: III): -43.24 %
2025-07-06 - 06:25:58 - INFO: Dividend Yield (Ticker: III): 3.75 %
2025-07-06 - 06:25:58 - INFO: CFOA (ttm) (Ticker: WMB): 9.59 %
2025-07-06 - 06:25:58 - INFO: ROE (ttm) (Yahoo Finance) (Ticker: III): 8.09 %
2025-07-06 - 06:25:58 - INFO: GPOA (Ticker: WMB): 11.31 %
2025-07-06 - 06:25:58 - INFO: GPMAR (Ticker: WMB): 58.71 %
2025-07-06 - 06:25:58 - INFO: Profit Margin (Ticker: WMB): 20.61 %
2025-07-06 - 06:25:58 - INFO: Sector: Energy
2025-07-06 - 06:25:58 - INFO: Industry: Oil & Gas Midstream
2025-07-06 - 06:25:58 - INFO: CFOA (annual) (Ticker: EL): 10.89 %
2025-07-06 - 06:25:58 - INFO: ---------------------- GLE ----------------------
2025-07-06 - 06:25:58 - INFO: P/E (Forward) (Ticker: GLE): N/A
2025-07-06 - 06:25:58 - INFO: P/E (Trailing) (Ticker: GLE): N/A
2025-07-06 - 06:25:58 - INFO: EBIT/TEV (Ticker: FTNT): 2.51 %
2025-07-06 - 06:25:58 - INFO: P/B (Ticker: FTNT): 41.4
2025-07-06 - 06:25:58 - INFO: ROE - Calc (Ticker: III): 8.09 %
2025-07-06 - 06:25:58 - INFO: ROE - MSCI (Ticker: III): 7.61 %
2025-07-06 - 06:25:58 - INFO: ROA (ttm) (Yahoo Finance) (Ticker: III): 3.3 %
2025-07-06 - 06:25:58 - INFO: ROE - Calc (Ticker: DBK.DE): 5.08 %
2025-07-06 - 06:25:58 - INFO: ROA - Calc (Ticker: III): 1.39 %
2025-07-06 - 06:25:58 - INFO: CFOA (ttm) (Ticker: EL): 7.55 %
2025-07-06 - 06:25:58 - INFO: ROE - MSCI (Ticker: DBK.DE): 4.95 %
2025-07-06 - 06:25:58 - INFO: GPOA (Ticker: EL): 51.59 %
2025-07-06 - 06:25:58 - INFO: ROA (ttm) (Yahoo Finance) (Ticker: DBK.DE): 0.3 %
2025-07-06 - 06:25:58 - INFO: Fetched Earnings data (EPS) for 4 years period (Ticker: FTNT).
2025-07-06 - 06:25:58 - INFO: GPMAR (Ticker: EL): 71.66 %
2025-07-06 - 06:25:58 - INFO: EBIT/TEV (Ticker: AXON): 0.05 %
2025-07-06 - 06:25:58 - INFO: ROA - Calc (Ticker: DBK.DE): 0.24 %
2025-07-06 - 06:25:58 - INFO: EPS (latest) (Ticker: FTNT): 2.28
2025-07-06 - 06:25:58 - INFO: Profit Margin (Ticker: EL): -5.89 %
2025-07-06 - 06:25:58 - INFO: P/B (Ticker: AXON): 24.23
2025-07-06 - 06:25:58 - INFO: Fetched Earnings data (Net Income) for 4 years period (Ticker: FTNT).
2025-07-06 - 06:25:58 - INFO: Sector: Consumer Defensive
2025-07-06 - 06:25:59 - INFO: Calculating Earnings Variability (EVAR) using EPS over 3 year period (Ticker: FTNT).
2025-07-06 - 06:25:59 - INFO: Industry: Household & Personal Products
2025-07-06 - 06:25:59 - INFO: EVAR 4Y (EPS) (Ticker: FTNT): 9.5%
2025-07-06 - 06:25:59 - INFO: CFOA (annual) (Ticker: III): 9.71 %
2025-07-06 - 06:25:59 - INFO: Calculating Earnings Variability (EVAR) using Net Income over 3 year period (Ticker: FTNT).
2025-07-06 - 06:25:59 - INFO: EVAR 4Y (Net Income) (Ticker: FTNT): 9.13%
2025-07-06 - 06:25:59 - INFO: CAGR 4Y (EPS) (Ticker: FTNT): 45.25 %
2025-07-06 - 06:25:59 - INFO: CAGR 4Y (Net Income) (Ticker: FTNT): 42.21 %
2025-07-06 - 06:25:59 - INFO: Dividend Yield (Ticker: FTNT): N/A
2025-07-06 - 06:25:59 - INFO: ROE (ttm) (Yahoo Finance) (Ticker: FTNT): 205.91 %
2025-07-06 - 06:25:59 - INFO: ---------------------- RSG ----------------------
2025-07-06 - 06:25:59 - INFO: P/E (Forward) (Ticker: RSG): 35.41
2025-07-06 - 06:25:59 - INFO: P/E (Trailing) (Ticker: RSG): 36.37
2025-07-06 - 06:25:59 - INFO: CFOA (annual) (Ticker: DBK.DE): -2.06 %
2025-07-06 - 06:25:59 - INFO: Fetched Earnings data (EPS) for 4 years period (Ticker: AXON).
2025-07-06 - 06:25:59 - INFO: EPS (latest) (Ticker: AXON): 4.98
2025-07-06 - 06:25:59 - INFO: Fetched Earnings data (Net Income) for 4 years period (Ticker: AXON).
2025-07-06 - 06:25:59 - INFO: Calculating Earnings Variability (EVAR) using EPS over 3 year period (Ticker: AXON).
2025-07-06 - 06:25:59 - INFO: CFOA (ttm) (Ticker: III): 8.52 %
2025-07-06 - 06:25:59 - INFO: EVAR 4Y (EPS) (Ticker: AXON): 160.58%
2025-07-06 - 06:25:59 - INFO: GPOA (Ticker: III): 47.57 %
2025-07-06 - 06:25:59 - INFO: Calculating Earnings Variability (EVAR) using Net Income over 3 year period (Ticker: AXON).
2025-07-06 - 06:25:59 - INFO: GPMAR (Ticker: III): 39.29 %
2025-07-06 - 06:25:59 - ERROR: Error calculating CFOA (ttm) (Ticker: DBK.DE): Error occurred while calculcating CFOA TTM (Ticker: DBK.DE): 'Operating Cash Flow'!
2025-07-06 - 06:25:59 - INFO: EVAR 4Y (Net Income) (Ticker: AXON): 167.22%
2025-07-06 - 06:25:59 - INFO: ROE - Calc (Ticker: FTNT): 205.91 %
2025-07-06 - 06:25:59 - INFO: Profit Margin (Ticker: III): 3.18 %
2025-07-06 - 06:25:59 - INFO: CAGR 4Y (EPS) (Ticker: AXON): 95.5 %
2025-07-06 - 06:25:59 - INFO: ROE - MSCI (Ticker: FTNT): 95.93 %
2025-07-06 - 06:25:59 - INFO: Sector: Technology
2025-07-06 - 06:25:59 - INFO: CAGR 4Y (Net Income) (Ticker: AXON): 102.32 %
2025-07-06 - 06:25:59 - INFO: ROA (ttm) (Yahoo Finance) (Ticker: FTNT): 13.33 %
2025-07-06 - 06:25:59 - INFO: Industry: Information Technology Services
2025-07-06 - 06:25:59 - INFO: Dividend Yield (Ticker: AXON): N/A
2025-07-06 - 06:25:59 - INFO: ROA - Calc (Ticker: FTNT): 17.88 %
2025-07-06 - 06:25:59 - INFO: ROE (ttm) (Yahoo Finance) (Ticker: AXON): 15.17 %
2025-07-06 - 06:25:59 - INFO: GPOA (Ticker: DBK.DE): None %
2025-07-06 - 06:25:59 - INFO: GPMAR (Ticker: DBK.DE): None %
2025-07-06 - 06:25:59 - INFO: EBIT/TEV (Ticker: RSG): 3.71 %
2025-07-06 - 06:25:59 - ERROR: Error calculating GPOA and GPMAR TTM (Ticker: DBK.DE): Cannot calculate GPOA (Ticker: DBK.DE): 'Gross Profit' data is missing in the Income Statement.
2025-07-06 - 06:25:59 - INFO: CFOA (annual) (Ticker: FTNT): 23.13 %
2025-07-06 - 06:25:59 - INFO: Profit Margin (Ticker: DBK.DE): 13.5 %
2025-07-06 - 06:25:59 - INFO: Sector: Financial Services
2025-07-06 - 06:25:59 - ERROR: Error while calculating EBIT/TEV ratio (Ticker: GLE): No historical data found for GLE around 2024-06-30. Cannot calculate (annual) Market Cap!
2025-07-06 - 06:25:59 - INFO: ROE - Calc (Ticker: AXON): 15.13 %
2025-07-06 - 06:25:59 - INFO: P/B (Ticker: RSG): 6.45
2025-07-06 - 06:25:59 - INFO: Industry: Banks - Regional
2025-07-06 - 06:25:59 - ERROR: No historical data found for GLE around 2024-06-30. Cannot calculate (annual) Market Cap!
Traceback (most recent call last):
  File "ValueMetrics.py", line 540, in calc_ebit_to_tev
  File "ValueMetrics.py", line 91, in get_operating_income_ttm
ValueMetrics.OperatingIncomeError: No Income Statement (quarterly) data found (Ticker: GLE). Cannot calculate EBIT/TEV ratio!

During handling of the above exception, another exception occurred:

Traceback (most recent call last):
  File "StockFactorScreener.py", line 217, in get_ebit_to_tev
  File "ValueMetrics.py", line 570, in calc_ebit_to_tev
  File "ValueMetrics.py", line 451, in calc_enterprise_value_annual
  File "ValueMetrics.py", line 325, in get_market_cap_annual
ValueError: No historical data found for GLE around 2024-06-30. Cannot calculate (annual) Market Cap!
2025-07-06 - 06:25:59 - INFO: ---------------------- SE ----------------------
2025-07-06 - 06:25:59 - INFO: ROE - MSCI (Ticker: AXON): 13.22 %
2025-07-06 - 06:25:59 - INFO: EBIT/TEV (Ticker: GLE): N/A
2025-07-06 - 06:25:59 - INFO: P/E (Forward) (Ticker: SE): 70.84
2025-07-06 - 06:25:59 - INFO: ROA (ttm) (Yahoo Finance) (Ticker: AXON): 0.68 %
2025-07-06 - 06:25:59 - ERROR: Error calculating profitability growth metrics for DBK.DE: Cannot calculate CAGR. No Earnings Growth data available (Ticker: DBK.DE).
2025-07-06 - 06:25:59 - INFO: P/B (Ticker: GLE): 0.41
2025-07-06 - 06:25:59 - INFO: P/E (Trailing) (Ticker: SE): 104.52
2025-07-06 - 06:26:00 - INFO: ROA - Calc (Ticker: AXON): 8.43 %
2025-07-06 - 06:26:00 - ERROR: Cannot calculate CAGR. No Earnings Growth data available (Ticker: DBK.DE).
Traceback (most recent call last):
  File "StockFactorScreener.py", line 249, in calc_profitability_growth
  File "ProfitabilityCalculator.py", line 1004, in calc_cagr
ProfitabilityCalculator.CAGRCalcError: Cannot calculate CAGR. No Earnings Growth data available (Ticker: DBK.DE).
2025-07-06 - 06:26:00 - INFO: Fetched Earnings data (EPS) for 4 years period (Ticker: RSG).
2025-07-06 - 06:26:00 - INFO: EPS (latest) (Ticker: RSG): 6.5
2025-07-06 - 06:26:00 - INFO: Fetched Earnings data (Net Income) for 4 years period (Ticker: RSG).
2025-07-06 - 06:26:00 - INFO: Calculating Earnings Variability (EVAR) using EPS over 3 year period (Ticker: RSG).
2025-07-06 - 06:26:00 - INFO: EVAR 4Y (EPS) (Ticker: RSG): 1.52%
2025-07-06 - 06:26:00 - INFO: Calculating Earnings Variability (EVAR) using Net Income over 3 year period (Ticker: RSG).
2025-07-06 - 06:26:00 - INFO: CFOA (ttm) (Ticker: FTNT): 24.72 %
2025-07-06 - 06:26:00 - INFO: CFOA (annual) (Ticker: AXON): 9.13 %
2025-07-06 - 06:26:00 - INFO: EVAR 4Y (Net Income) (Ticker: RSG): 1.37%
2025-07-06 - 06:26:00 - INFO: Fetched Earnings data (EPS) for 3 years period (Ticker: GLE).
2025-07-06 - 06:26:00 - INFO: GPOA (Ticker: FTNT): 49.15 %
2025-07-06 - 06:26:00 - INFO: CAGR 4Y (EPS) (Ticker: RSG): 17.08 %
2025-07-06 - 06:26:00 - INFO: EPS (latest) (Ticker: GLE): 0.17
2025-07-06 - 06:26:00 - INFO: GPMAR (Ticker: FTNT): 80.56 %
2025-07-06 - 06:26:00 - INFO: CAGR 4Y (Net Income) (Ticker: RSG): 16.55 %
2025-07-06 - 06:26:00 - INFO: Dividend Yield (Ticker: RSG): 0.94 %
2025-07-06 - 06:26:00 - INFO: Profit Margin (Ticker: FTNT): 30.6 %
2025-07-06 - 06:26:00 - INFO: Fetched Earnings data (Net Income) for 4 years period (Ticker: GLE).
2025-07-06 - 06:26:00 - INFO: ROE (ttm) (Yahoo Finance) (Ticker: RSG): 18.55 %
2025-07-06 - 06:26:00 - INFO: Sector: Technology
2025-07-06 - 06:26:00 - INFO: Calculating Earnings Variability (EVAR) using EPS over 2 year period (Ticker: GLE).
2025-07-06 - 06:26:00 - INFO: EVAR 3Y (EPS) (Ticker: GLE): 59.67%
2025-07-06 - 06:26:00 - INFO: Industry: Software - Infrastructure
2025-07-06 - 06:26:00 - INFO: Calculating Earnings Variability (EVAR) using Net Income over 3 year period (Ticker: GLE).
2025-07-06 - 06:26:00 - INFO: EVAR 4Y (Net Income) (Ticker: GLE): 44.16%
2025-07-06 - 06:26:00 - INFO: CAGR 3Y (EPS) (Ticker: GLE): -38.18 %
2025-07-06 - 06:26:00 - INFO: CAGR 4Y (Net Income) (Ticker: GLE): -28.07 %
2025-07-06 - 06:26:00 - INFO: Dividend Yield (Ticker: GLE): N/A
2025-07-06 - 06:26:00 - INFO: ROE (ttm) (Yahoo Finance) (Ticker: GLE): 1.62 %
2025-07-06 - 06:26:00 - ERROR: Error calculating ROE (ttm) (Ticker: GLE): Cannot calculate ROE (Ticker: GLE): An error occurred: Cannot calculate Net Income TTM! Net Income data is missing in the Quarterly Income Statement (Ticker: GLE).
2025-07-06 - 06:26:00 - ERROR: Unhandled error analyzing stock (Ticker: GLE)
2025-07-06 - 06:26:00 - ERROR: Cannot calculate Trailing EPS! EPS data is missing (Ticker: GLE).
Traceback (most recent call last):
  File "StockFactorScreener.py", line 605, in analyze_stock
  File "ProfitabilityCalculator.py", line 304, in calc_roe_msci
  File "EarningsEngine.py", line 343, in calc_eps_ttm
EarningsEngine.EPSCalcError: Cannot calculate Trailing EPS! EPS data is missing (Ticker: GLE).
2025-07-06 - 06:26:00 - INFO: ---------------------- BN ----------------------
2025-07-06 - 06:26:00 - INFO: P/E (Forward) (Ticker: BN): 10.95
2025-07-06 - 06:26:00 - INFO: P/E (Trailing) (Ticker: BN): 221.72
2025-07-06 - 06:26:00 - INFO: EBIT/TEV (Ticker: SE): 1.24 %
2025-07-06 - 06:26:00 - INFO: CFOA (ttm) (Ticker: AXON): 9.83 %
2025-07-06 - 06:26:00 - INFO: P/B (Ticker: SE): 9.84
2025-07-06 - 06:26:00 - INFO: ROE - Calc (Ticker: RSG): 18.54 %
2025-07-06 - 06:26:00 - INFO: GPOA (Ticker: AXON): 27.74 %
2025-07-06 - 06:26:00 - INFO: ROE - MSCI (Ticker: RSG): 17.77 %
2025-07-06 - 06:26:00 - INFO: GPMAR (Ticker: AXON): 59.61 %
2025-07-06 - 06:26:00 - INFO: ROA (ttm) (Yahoo Finance) (Ticker: RSG): 6.4 %
2025-07-06 - 06:26:00 - INFO: Profit Margin (Ticker: AXON): 14.9 %
2025-07-06 - 06:26:00 - INFO: ROA - Calc (Ticker: RSG): 6.31 %
2025-07-06 - 06:26:00 - INFO: Sector: Industrials
2025-07-06 - 06:26:00 - INFO: Industry: Aerospace & Defense
2025-07-06 - 06:26:01 - INFO: Fetched Earnings data (EPS) for 4 years period (Ticker: SE).
2025-07-06 - 06:26:01 - INFO: EPS (latest) (Ticker: SE): 0.77
2025-07-06 - 06:26:01 - INFO: Fetched Earnings data (Net Income) for 4 years period (Ticker: SE).
2025-07-06 - 06:26:01 - INFO: Calculating Earnings Variability (EVAR) using EPS over 3 year period (Ticker: SE).
2025-07-06 - 06:26:01 - INFO: EVAR 4Y (EPS) (Ticker: SE): 81.19%
2025-07-06 - 06:26:01 - INFO: Calculating Earnings Variability (EVAR) using Net Income over 3 year period (Ticker: SE).
2025-07-06 - 06:26:01 - INFO: ---------------------- BARC.L ----------------------
2025-07-06 - 06:26:01 - INFO: CFOA (annual) (Ticker: RSG): 12.15 %
2025-07-06 - 06:26:01 - INFO: EVAR 4Y (Net Income) (Ticker: SE): 87.74%
2025-07-06 - 06:26:01 - INFO: ---------------------- NWG ----------------------
2025-07-06 - 06:26:01 - INFO: P/E (Forward) (Ticker: BARC.L): 0.08
2025-07-06 - 06:26:01 - INFO: CAGR 4Y (EPS) (Ticker: SE): 30.07 %
2025-07-06 - 06:26:01 - INFO: EBIT/TEV (Ticker: BN): 5.61 %
2025-07-06 - 06:26:01 - INFO: P/E (Forward) (Ticker: NWG): 11.79
2025-07-06 - 06:26:01 - INFO: P/E (Trailing) (Ticker: BARC.L): 8.7
2025-07-06 - 06:26:01 - INFO: ---------------------- LSEG.L ----------------------
2025-07-06 - 06:26:01 - INFO: CAGR 4Y (Net Income) (Ticker: SE): 30.39 %
2025-07-06 - 06:26:01 - INFO: P/B (Ticker: BN): 2.34
2025-07-06 - 06:26:01 - INFO: P/E (Trailing) (Ticker: NWG): 8.56
2025-07-06 - 06:26:01 - INFO: P/E (Forward) (Ticker: LSEG.L): 0.27
2025-07-06 - 06:26:01 - INFO: Dividend Yield (Ticker: SE): N/A
2025-07-06 - 06:26:01 - INFO: P/E (Trailing) (Ticker: LSEG.L): 83.59
2025-07-06 - 06:26:01 - INFO: ROE (ttm) (Yahoo Finance) (Ticker: SE): 11.13 %
2025-07-06 - 06:26:01 - INFO: CFOA (ttm) (Ticker: RSG): 12.84 %
2025-07-06 - 06:26:01 - INFO: GPOA (Ticker: RSG): 20.62 %
2025-07-06 - 06:26:01 - INFO: GPMAR (Ticker: RSG): 41.68 %
2025-07-06 - 06:26:01 - INFO: Profit Margin (Ticker: RSG): 12.88 %
2025-07-06 - 06:26:01 - INFO: Sector: Industrials
2025-07-06 - 06:26:01 - INFO: Industry: Waste Management
2025-07-06 - 06:26:01 - INFO: Fetched Earnings data (EPS) for 4 years period (Ticker: BN).
2025-07-06 - 06:26:01 - INFO: EPS (latest) (Ticker: BN): 0.31
2025-07-06 - 06:26:01 - INFO: Fetched Earnings data (Net Income) for 4 years period (Ticker: BN).
2025-07-06 - 06:26:01 - INFO: Calculating Earnings Variability (EVAR) using EPS over 3 year period (Ticker: BN).
2025-07-06 - 06:26:01 - INFO: EVAR 4Y (EPS) (Ticker: BN): 0.72%
2025-07-06 - 06:26:01 - INFO: Calculating Earnings Variability (EVAR) using Net Income over 3 year period (Ticker: BN).
2025-07-06 - 06:26:01 - INFO: ---------------------- DUK ----------------------
2025-07-06 - 06:26:01 - INFO: EVAR 4Y (Net Income) (Ticker: BN): 2.47%
2025-07-06 - 06:26:01 - INFO: ROE - Calc (Ticker: SE): 11.20 %
2025-07-06 - 06:26:01 - INFO: P/E (Forward) (Ticker: DUK): 18.5
2025-07-06 - 06:26:01 - INFO: CAGR 4Y (EPS) (Ticker: BN): -49.93 %
2025-07-06 - 06:26:01 - INFO: ROE - MSCI (Ticker: SE): 8.09 %
2025-07-06 - 06:26:01 - INFO: P/E (Trailing) (Ticker: DUK): 19.45
2025-07-06 - 06:26:01 - INFO: CAGR 4Y (Net Income) (Ticker: BN): -45.53 %
2025-07-06 - 06:26:01 - INFO: ROA (ttm) (Yahoo Finance) (Ticker: SE): 3.05 %
2025-07-06 - 06:26:01 - INFO: Dividend Yield (Ticker: BN): 0.58 %
2025-07-06 - 06:26:01 - INFO: ROA - Calc (Ticker: SE): 1.96 %
2025-07-06 - 06:26:01 - INFO: EBIT/TEV (Ticker: BARC.L): -10.4 %
2025-07-06 - 06:26:01 - INFO: ROE (ttm) (Yahoo Finance) (Ticker: BN): 0.95 %
2025-07-06 - 06:26:02 - INFO: EBIT/TEV (Ticker: NWG): -17.72 %
2025-07-06 - 06:26:02 - INFO: P/B (Ticker: BARC.L): 76.77
2025-07-06 - 06:26:02 - INFO: P/B (Ticker: NWG): 2.61
2025-07-06 - 06:26:02 - INFO: Fetched Earnings data (EPS) for 4 years period (Ticker: NWG).
2025-07-06 - 06:26:02 - INFO: Fetched Earnings data (EPS) for 4 years period (Ticker: BARC.L).
2025-07-06 - 06:26:02 - INFO: EPS (latest) (Ticker: NWG): 1.07
2025-07-06 - 06:26:02 - INFO: EPS (latest) (Ticker: BARC.L): 0.36
2025-07-06 - 06:26:02 - INFO: ROE - Calc (Ticker: BN): 1.36 %
2025-07-06 - 06:26:02 - INFO: Fetched Earnings data (Net Income) for 4 years period (Ticker: NWG).
2025-07-06 - 06:26:02 - INFO: Fetched Earnings data (Net Income) for 4 years period (Ticker: BARC.L).
2025-07-06 - 06:26:02 - INFO: CFOA (annual) (Ticker: SE): 14.49 %
2025-07-06 - 06:26:02 - INFO: EBIT/TEV (Ticker: DUK): 4.67 %
2025-07-06 - 06:26:02 - INFO: ROE - MSCI (Ticker: BN): -0.65 %
2025-07-06 - 06:26:02 - INFO: Calculating Earnings Variability (EVAR) using EPS over 3 year period (Ticker: NWG).
2025-07-06 - 06:26:02 - INFO: ROA (ttm) (Yahoo Finance) (Ticker: BN): 2.69 %
2025-07-06 - 06:26:02 - INFO: P/B (Ticker: DUK): 1.83
2025-07-06 - 06:26:02 - INFO: Calculating Earnings Variability (EVAR) using EPS over 3 year period (Ticker: BARC.L).
2025-07-06 - 06:26:02 - INFO: EVAR 4Y (EPS) (Ticker: BARC.L): 25.66%
2025-07-06 - 06:26:02 - INFO: ROA - Calc (Ticker: BN): 0.13 %
2025-07-06 - 06:26:02 - INFO: EVAR 4Y (EPS) (Ticker: NWG): 15.12%
2025-07-06 - 06:26:02 - INFO: Calculating Earnings Variability (EVAR) using Net Income over 3 year period (Ticker: BARC.L).
2025-07-06 - 06:26:02 - INFO: Calculating Earnings Variability (EVAR) using Net Income over 3 year period (Ticker: NWG).
2025-07-06 - 06:26:02 - INFO: EVAR 4Y (Net Income) (Ticker: BARC.L): 19.33%
2025-07-06 - 06:26:02 - INFO: EVAR 4Y (Net Income) (Ticker: NWG): 13.34%
2025-07-06 - 06:26:02 - INFO: CAGR 4Y (EPS) (Ticker: BARC.L): -1.35 %
2025-07-06 - 06:26:02 - INFO: CAGR 4Y (EPS) (Ticker: NWG): 25.06 %
2025-07-06 - 06:26:02 - INFO: EBIT/TEV (Ticker: LSEG.L): 0.03 %
2025-07-06 - 06:26:02 - INFO: CAGR 4Y (Net Income) (Ticker: BARC.L): -3.46 %
2025-07-06 - 06:26:02 - INFO: CAGR 4Y (Net Income) (Ticker: NWG): 13.69 %
2025-07-06 - 06:26:02 - INFO: P/B (Ticker: LSEG.L): 246.36
2025-07-06 - 06:26:02 - INFO: Dividend Yield (Ticker: BARC.L): 2.49 %
2025-07-06 - 06:26:02 - INFO: ROE (ttm) (Yahoo Finance) (Ticker: BARC.L): 8.98 %
2025-07-06 - 06:26:02 - INFO: Fetched Earnings data (EPS) for 4 years period (Ticker: LSEG.L).
2025-07-06 - 06:26:02 - INFO: Dividend Yield (Ticker: NWG): 3.85 %
2025-07-06 - 06:26:02 - INFO: ROE (ttm) (Yahoo Finance) (Ticker: NWG): 12.78 %
2025-07-06 - 06:26:02 - INFO: EPS (latest) (Ticker: LSEG.L): 1.29
2025-07-06 - 06:26:02 - INFO: ---------------------- MMM ----------------------
2025-07-06 - 06:26:02 - INFO: Fetched Earnings data (Net Income) for 4 years period (Ticker: LSEG.L).
2025-07-06 - 06:26:02 - INFO: P/E (Forward) (Ticker: MMM): 19.36
2025-07-06 - 06:26:02 - INFO: Calculating Earnings Variability (EVAR) using EPS over 3 year period (Ticker: LSEG.L).
2025-07-06 - 06:26:02 - INFO: P/E (Trailing) (Ticker: MMM): 19.05
2025-07-06 - 06:26:02 - INFO: EVAR 4Y (EPS) (Ticker: LSEG.L): 26.58%
2025-07-06 - 06:26:02 - INFO: Calculating Earnings Variability (EVAR) using Net Income over 3 year period (Ticker: LSEG.L).
2025-07-06 - 06:26:02 - INFO: EVAR 4Y (Net Income) (Ticker: LSEG.L): 24.56%
2025-07-06 - 06:26:02 - INFO: CAGR 4Y (EPS) (Ticker: LSEG.L): -39.5 %
2025-07-06 - 06:26:02 - INFO: CAGR 4Y (Net Income) (Ticker: LSEG.L): -39.73 %
2025-07-06 - 06:26:02 - INFO: Dividend Yield (Ticker: LSEG.L): 1.22 %
2025-07-06 - 06:26:02 - INFO: ROE (ttm) (Yahoo Finance) (Ticker: LSEG.L): 3.6 %
2025-07-06 - 06:26:02 - ERROR: Error calculating ROE (ttm) (Ticker: LSEG.L): Cannot calculate ROE (Ticker: LSEG.L): An error occurred: Cannot calculate Net Income TTM! Net Income data is missing in the Quarterly Income Statement (Ticker: LSEG.L).
2025-07-06 - 06:26:02 - ERROR: Unhandled error analyzing stock (Ticker: LSEG.L)
2025-07-06 - 06:26:02 - ERROR: Cannot calculate Trailing EPS! EPS data is missing (Ticker: LSEG.L).
Traceback (most recent call last):
  File "StockFactorScreener.py", line 605, in analyze_stock
  File "ProfitabilityCalculator.py", line 304, in calc_roe_msci
  File "EarningsEngine.py", line 343, in calc_eps_ttm
EarningsEngine.EPSCalcError: Cannot calculate Trailing EPS! EPS data is missing (Ticker: LSEG.L).
2025-07-06 - 06:26:02 - INFO: CFOA (annual) (Ticker: BN): 1.54 %
2025-07-06 - 06:26:02 - INFO: CFOA (ttm) (Ticker: SE): 16.26 %
2025-07-06 - 06:26:02 - INFO: Fetched Earnings data (EPS) for 4 years period (Ticker: DUK).
2025-07-06 - 06:26:02 - INFO: ROE - Calc (Ticker: NWG): 13.01 %
2025-07-06 - 06:26:02 - INFO: GPOA (Ticker: SE): 31.85 %
2025-07-06 - 06:26:02 - INFO: EPS (latest) (Ticker: DUK): 5.71
2025-07-06 - 06:26:03 - INFO: ROE - MSCI (Ticker: NWG): 10.47 %
2025-07-06 - 06:26:03 - INFO: GPMAR (Ticker: SE): 42.84 %
2025-07-06 - 06:26:03 - INFO: Fetched Earnings data (Net Income) for 4 years period (Ticker: DUK).
2025-07-06 - 06:26:03 - INFO: ROA (ttm) (Yahoo Finance) (Ticker: NWG): 0.72 %
2025-07-06 - 06:26:03 - INFO: Profit Margin (Ticker: SE): 4.86 %
2025-07-06 - 06:26:03 - INFO: ROE - Calc (Ticker: BARC.L): 9.00 %
2025-07-06 - 06:26:03 - INFO: Calculating Earnings Variability (EVAR) using EPS over 3 year period (Ticker: DUK).
2025-07-06 - 06:26:03 - INFO: ROA - Calc (Ticker: NWG): 0.68 %
2025-07-06 - 06:26:03 - INFO: Sector: Consumer Cyclical
2025-07-06 - 06:26:03 - ERROR: Unhandled error analyzing stock (Ticker: BARC.L)
2025-07-06 - 06:26:03 - INFO: EVAR 4Y (EPS) (Ticker: DUK): 47.17%
2025-07-06 - 06:26:03 - INFO: Industry: Internet Retail
2025-07-06 - 06:26:03 - ERROR: Cannot calculate Trailing EPS! Not enough EPS data for the last 4 quarters (Ticker: BARC.L).
Traceback (most recent call last):
  File "StockFactorScreener.py", line 605, in analyze_stock
  File "ProfitabilityCalculator.py", line 304, in calc_roe_msci
  File "EarningsEngine.py", line 351, in calc_eps_ttm
EarningsEngine.EPSCalcError: Cannot calculate Trailing EPS! Not enough EPS data for the last 4 quarters (Ticker: BARC.L).
2025-07-06 - 06:26:03 - INFO: Calculating Earnings Variability (EVAR) using Net Income over 3 year period (Ticker: DUK).
2025-07-06 - 06:26:03 - INFO: EVAR 4Y (Net Income) (Ticker: DUK): 47.0%
2025-07-06 - 06:26:03 - INFO: CAGR 4Y (EPS) (Ticker: DUK): 4.95 %
2025-07-06 - 06:26:03 - INFO: CAGR 4Y (Net Income) (Ticker: DUK): 5.0 %
2025-07-06 - 06:26:03 - INFO: Dividend Yield (Ticker: DUK): 3.54 %
2025-07-06 - 06:26:03 - INFO: ROE (ttm) (Yahoo Finance) (Ticker: DUK): 9.48 %
2025-07-06 - 06:26:03 - ERROR: Error calculating CFOA (ttm) (Ticker: BN): Error occurred while calculcating CFOA TTM (Ticker: BN): Cannot calculate CFOA TTM (Ticker: BN): The latest quarter dates for Cash Flow from Operating Activities and Total Assets do not match. 
 Cash Flow from Operating Activities date: 2024-12-31 00:00:00, Total Assets date: 2025-03-31 00:00:00.!
2025-07-06 - 06:26:03 - INFO: GPOA (Ticker: BN): 3.68 %
2025-07-06 - 06:26:03 - INFO: GPMAR (Ticker: BN): 21.01 %
2025-07-06 - 06:26:03 - INFO: Profit Margin (Ticker: BN): 0.73 %
2025-07-06 - 06:26:03 - INFO: Sector: Financial Services
2025-07-06 - 06:26:03 - INFO: Industry: Asset Management
2025-07-06 - 06:26:03 - INFO: EBIT/TEV (Ticker: MMM): 5.51 %
2025-07-06 - 06:26:03 - INFO: P/B (Ticker: MMM): 18.44
2025-07-06 - 06:26:03 - INFO: CFOA (annual) (Ticker: NWG): 0.25 %
2025-07-06 - 06:26:03 - INFO: ROE - Calc (Ticker: DUK): 9.51 %
2025-07-06 - 06:26:03 - INFO: ROE - MSCI (Ticker: DUK): 9.46 %
2025-07-06 - 06:26:03 - INFO: ROA (ttm) (Yahoo Finance) (Ticker: DUK): 2.84 %
2025-07-06 - 06:26:03 - INFO: ROA - Calc (Ticker: DUK): 2.43 %
2025-07-06 - 06:26:03 - INFO: ---------------------- SO ----------------------
2025-07-06 - 06:26:03 - ERROR: Error calculating CFOA (ttm) (Ticker: NWG): Error occurred while calculcating CFOA TTM (Ticker: NWG): 'Operating Cash Flow'!
2025-07-06 - 06:26:03 - INFO: P/E (Forward) (Ticker: SO): 21.18
2025-07-06 - 06:26:03 - INFO: ---------------------- TTWO ----------------------
2025-07-06 - 06:26:03 - INFO: Fetched Earnings data (EPS) for 4 years period (Ticker: MMM).
2025-07-06 - 06:26:03 - INFO: P/E (Trailing) (Ticker: SO): 21.94
2025-07-06 - 06:26:03 - INFO: CFOA (annual) (Ticker: DUK): 6.62 %
2025-07-06 - 06:26:03 - INFO: P/E (Forward) (Ticker: TTWO): 30.63
2025-07-06 - 06:26:03 - INFO: EPS (latest) (Ticker: MMM): 7.58
2025-07-06 - 06:26:03 - INFO: ---------------------- DG ----------------------
2025-07-06 - 06:26:03 - INFO: P/E (Trailing) (Ticker: TTWO): N/A
2025-07-06 - 06:26:03 - INFO: Fetched Earnings data (Net Income) for 4 years period (Ticker: MMM).
2025-07-06 - 06:26:03 - INFO: P/E (Forward) (Ticker: DG): 18.35
2025-07-06 - 06:26:03 - INFO: Calculating Earnings Variability (EVAR) using EPS over 3 year period (Ticker: MMM).
2025-07-06 - 06:26:03 - INFO: P/E (Trailing) (Ticker: DG): 21.78
2025-07-06 - 06:26:03 - INFO: EVAR 4Y (EPS) (Ticker: MMM): 192.73%
2025-07-06 - 06:26:03 - INFO: Calculating Earnings Variability (EVAR) using Net Income over 3 year period (Ticker: MMM).
2025-07-06 - 06:26:03 - INFO: EVAR 4Y (Net Income) (Ticker: MMM): 191.07%
2025-07-06 - 06:26:03 - INFO: CAGR 4Y (EPS) (Ticker: MMM): -9.51 %
2025-07-06 - 06:26:03 - INFO: CAGR 4Y (Net Income) (Ticker: MMM): -11.01 %
2025-07-06 - 06:26:03 - INFO: Dividend Yield (Ticker: MMM): 1.92 %
2025-07-06 - 06:26:03 - INFO: ROE (ttm) (Yahoo Finance) (Ticker: MMM): 93.82 %
2025-07-06 - 06:26:04 - INFO: CFOA (ttm) (Ticker: DUK): 6.51 %
2025-07-06 - 06:26:04 - INFO: GPOA (Ticker: DUK): 8.16 %
2025-07-06 - 06:26:04 - INFO: GPMAR (Ticker: DUK): 50.06 %
2025-07-06 - 06:26:04 - INFO: Profit Margin (Ticker: DUK): 15.62 %
2025-07-06 - 06:26:04 - INFO: ---------------------- D05.SI ----------------------
2025-07-06 - 06:26:04 - INFO: Sector: Utilities
2025-07-06 - 06:26:04 - INFO: ROE - Calc (Ticker: MMM): 93.48 %
2025-07-06 - 06:26:04 - INFO: P/E (Forward) (Ticker: D05.SI): 11.74
2025-07-06 - 06:26:04 - INFO: Industry: Utilities - Regulated Electric
2025-07-06 - 06:26:04 - INFO: ROE - MSCI (Ticker: MMM): 97.13 %
2025-07-06 - 06:26:04 - INFO: P/E (Trailing) (Ticker: D05.SI): 11.53
2025-07-06 - 06:26:04 - INFO: ROA (ttm) (Yahoo Finance) (Ticker: MMM): 5.45 %
2025-07-06 - 06:26:04 - INFO: ROA - Calc (Ticker: MMM): 10.47 %
2025-07-06 - 06:26:04 - INFO: EBIT/TEV (Ticker: TTWO): -1.59 %
2025-07-06 - 06:26:04 - INFO: EBIT/TEV (Ticker: SO): 4.38 %
2025-07-06 - 06:26:05 - INFO: P/B (Ticker: TTWO): 19.89
2025-07-06 - 06:26:05 - INFO: EBIT/TEV (Ticker: D05.SI): 10.06 %
2025-07-06 - 06:26:05 - INFO: P/B (Ticker: SO): 2.97
2025-07-06 - 06:26:05 - INFO: EBIT/TEV (Ticker: DG): 4.22 %
2025-07-06 - 06:26:05 - INFO: CFOA (annual) (Ticker: MMM): 4.56 %
2025-07-06 - 06:26:05 - INFO: P/B (Ticker: D05.SI): 1.93
2025-07-06 - 06:26:05 - INFO: P/B (Ticker: DG): 3.26
2025-07-06 - 06:26:05 - INFO: GPOA (Ticker: NWG): 2.03 %
2025-07-06 - 06:26:05 - INFO: GPMAR (Ticker: NWG): 97.89 %
2025-07-06 - 06:26:05 - ERROR: Error calculating GPOA and GPMAR TTM (Ticker: NWG): Cannot calculate GPOA (Ticker: NWG): 'Gross Profit' data is missing in the Income Statement.
2025-07-06 - 06:26:05 - INFO: Profit Margin (Ticker: NWG): 35.02 %
2025-07-06 - 06:26:05 - INFO: Sector: Financial Services
2025-07-06 - 06:26:05 - INFO: Industry: Banks - Regional
2025-07-06 - 06:26:05 - INFO: Fetched Earnings data (EPS) for 4 years period (Ticker: D05.SI).
2025-07-06 - 06:26:05 - INFO: Fetched Earnings data (EPS) for 4 years period (Ticker: TTWO).
2025-07-06 - 06:26:05 - INFO: EPS (latest) (Ticker: D05.SI): 3.94
2025-07-06 - 06:26:05 - INFO: Fetched Earnings data (EPS) for 4 years period (Ticker: SO).
2025-07-06 - 06:26:05 - INFO: EPS (latest) (Ticker: TTWO): -25.58
2025-07-06 - 06:26:05 - INFO: Fetched Earnings data (Net Income) for 4 years period (Ticker: D05.SI).
2025-07-06 - 06:26:05 - INFO: ---------------------- HEI ----------------------
2025-07-06 - 06:26:05 - INFO: Fetched Earnings data (EPS) for 4 years period (Ticker: DG).
2025-07-06 - 06:26:05 - INFO: EPS (latest) (Ticker: SO): 3.64
2025-07-06 - 06:26:05 - INFO: Fetched Earnings data (Net Income) for 4 years period (Ticker: TTWO).
2025-07-06 - 06:26:05 - INFO: Calculating Earnings Variability (EVAR) using EPS over 3 year period (Ticker: D05.SI).
2025-07-06 - 06:26:05 - INFO: CFOA (ttm) (Ticker: MMM): 2.37 %
2025-07-06 - 06:26:05 - INFO: P/E (Forward) (Ticker: HEI): 75.86
2025-07-06 - 06:26:05 - INFO: EPS (latest) (Ticker: DG): 5.12
2025-07-06 - 06:26:05 - INFO: Fetched Earnings data (Net Income) for 4 years period (Ticker: SO).
2025-07-06 - 06:26:05 - INFO: Calculating Earnings Variability (EVAR) using EPS over 3 year period (Ticker: TTWO).
2025-07-06 - 06:26:05 - INFO: EVAR 4Y (EPS) (Ticker: D05.SI): 5.81%
2025-07-06 - 06:26:05 - INFO: GPOA (Ticker: MMM): 25.4 %
2025-07-06 - 06:26:05 - INFO: P/E (Trailing) (Ticker: HEI): 75.68
2025-07-06 - 06:26:05 - INFO: Calculating Earnings Variability (EVAR) using EPS over 3 year period (Ticker: SO).
2025-07-06 - 06:26:05 - INFO: EVAR 4Y (EPS) (Ticker: TTWO): 142.95%
2025-07-06 - 06:26:05 - INFO: Calculating Earnings Variability (EVAR) using Net Income over 3 year period (Ticker: D05.SI).
2025-07-06 - 06:26:05 - INFO: EVAR 4Y (Net Income) (Ticker: D05.SI): 5.57%
2025-07-06 - 06:26:05 - INFO: Fetched Earnings data (Net Income) for 4 years period (Ticker: DG).
2025-07-06 - 06:26:05 - INFO: EVAR 4Y (EPS) (Ticker: SO): 34.26%
2025-07-06 - 06:26:05 - INFO: Calculating Earnings Variability (EVAR) using Net Income over 3 year period (Ticker: TTWO).
2025-07-06 - 06:26:05 - INFO: GPMAR (Ticker: MMM): 41.21 %
2025-07-06 - 06:26:05 - INFO: CAGR 4Y (EPS) (Ticker: D05.SI): 18.42 %
2025-07-06 - 06:26:05 - INFO: Calculating Earnings Variability (EVAR) using EPS over 3 year period (Ticker: DG).
2025-07-06 - 06:26:05 - INFO: Calculating Earnings Variability (EVAR) using Net Income over 3 year period (Ticker: SO).
2025-07-06 - 06:26:05 - INFO: EVAR 4Y (Net Income) (Ticker: TTWO): 176.14%
2025-07-06 - 06:26:05 - INFO: Profit Margin (Ticker: MMM): 17.79 %
2025-07-06 - 06:26:05 - INFO: CAGR 4Y (Net Income) (Ticker: D05.SI): 18.38 %
2025-07-06 - 06:26:05 - INFO: EVAR 4Y (EPS) (Ticker: DG): 20.66%
2025-07-06 - 06:26:05 - INFO: EVAR 4Y (Net Income) (Ticker: SO): 20.35%
2025-07-06 - 06:26:05 - INFO: CAGR 4Y (EPS) (Ticker: TTWO): -100 %
2025-07-06 - 06:26:05 - INFO: Sector: Industrials
2025-07-06 - 06:26:05 - INFO: Dividend Yield (Ticker: D05.SI): 6.68 %
2025-07-06 - 06:26:05 - INFO: Calculating Earnings Variability (EVAR) using Net Income over 3 year period (Ticker: DG).
2025-07-06 - 06:26:05 - INFO: CAGR 4Y (EPS) (Ticker: SO): 7.26 %
2025-07-06 - 06:26:05 - INFO: CAGR 4Y (Net Income) (Ticker: TTWO): -100 %
2025-07-06 - 06:26:05 - INFO: Dividend Yield (Ticker: TTWO): N/A
2025-07-06 - 06:26:05 - INFO: ROE (ttm) (Yahoo Finance) (Ticker: D05.SI): N/A
2025-07-06 - 06:26:05 - INFO: EVAR 4Y (Net Income) (Ticker: DG): 18.74%
2025-07-06 - 06:26:05 - INFO: CAGR 4Y (Net Income) (Ticker: SO): 22.26 %
2025-07-06 - 06:26:05 - INFO: Industry: Conglomerates
2025-07-06 - 06:26:05 - INFO: ROE (ttm) (Yahoo Finance) (Ticker: TTWO): -114.76 %
2025-07-06 - 06:26:05 - INFO: CAGR 4Y (EPS) (Ticker: DG): -20.63 %
2025-07-06 - 06:26:05 - INFO: Dividend Yield (Ticker: SO): 3.22 %
2025-07-06 - 06:26:05 - INFO: CAGR 4Y (Net Income) (Ticker: DG): -22.31 %
2025-07-06 - 06:26:05 - INFO: ROE (ttm) (Yahoo Finance) (Ticker: SO): 12.24 %
2025-07-06 - 06:26:05 - INFO: Dividend Yield (Ticker: DG): 2.06 %
2025-07-06 - 06:26:05 - INFO: ROE (ttm) (Yahoo Finance) (Ticker: DG): 15.7 %
2025-07-06 - 06:26:06 - INFO: ROE - Calc (Ticker: D05.SI): N/A
2025-07-06 - 06:26:06 - ERROR: Unhandled error analyzing stock (Ticker: D05.SI)
2025-07-06 - 06:26:06 - ERROR: Cannot calculate Trailing EPS! Not enough EPS data for the last 4 quarters (Ticker: D05.SI).
Traceback (most recent call last):
  File "StockFactorScreener.py", line 605, in analyze_stock
  File "ProfitabilityCalculator.py", line 304, in calc_roe_msci
  File "EarningsEngine.py", line 351, in calc_eps_ttm
EarningsEngine.EPSCalcError: Cannot calculate Trailing EPS! Not enough EPS data for the last 4 quarters (Ticker: D05.SI).
2025-07-06 - 06:26:06 - INFO: ROE - Calc (Ticker: SO): 14.01 %
2025-07-06 - 06:26:06 - INFO: ROE - Calc (Ticker: DG): 15.69 %
2025-07-06 - 06:26:06 - INFO: ROE - MSCI (Ticker: SO): 15.21 %
2025-07-06 - 06:26:06 - INFO: ---------------------- IMB.L ----------------------
2025-07-06 - 06:26:06 - INFO: ROE - MSCI (Ticker: DG): 14.97 %
2025-07-06 - 06:26:06 - INFO: ROE - Calc (Ticker: TTWO): -114.76 %
2025-07-06 - 06:26:06 - INFO: ROA (ttm) (Yahoo Finance) (Ticker: SO): 3.46 %
2025-07-06 - 06:26:06 - INFO: P/E (Forward) (Ticker: IMB.L): 0.09
2025-07-06 - 06:26:06 - INFO: ROA (ttm) (Yahoo Finance) (Ticker: DG): 3.97 %
2025-07-06 - 06:26:06 - INFO: EBIT/TEV (Ticker: HEI): 2.21 %
2025-07-06 - 06:26:06 - INFO: ROE - MSCI (Ticker: TTWO): -182.48 %
2025-07-06 - 06:26:06 - INFO: ROA - Calc (Ticker: SO): 3.03 %
2025-07-06 - 06:26:06 - INFO: P/E (Trailing) (Ticker: IMB.L): 9.5
2025-07-06 - 06:26:06 - INFO: ROA - Calc (Ticker: DG): 3.61 %
2025-07-06 - 06:26:06 - INFO: P/B (Ticker: HEI): 11.38
2025-07-06 - 06:26:06 - INFO: ROA (ttm) (Yahoo Finance) (Ticker: TTWO): -2.64 %
2025-07-06 - 06:26:06 - INFO: ROA - Calc (Ticker: TTWO): -48.79 %
2025-07-06 - 06:26:06 - INFO: ---------------------- BK ----------------------
2025-07-06 - 06:26:06 - INFO: P/E (Forward) (Ticker: BK): 14.15
2025-07-06 - 06:26:06 - INFO: P/E (Trailing) (Ticker: BK): 15.08
2025-07-06 - 06:26:07 - INFO: Fetched Earnings data (EPS) for 4 years period (Ticker: HEI).
2025-07-06 - 06:26:07 - INFO: CFOA (annual) (Ticker: TTWO): -0.49 %
2025-07-06 - 06:26:07 - INFO: CFOA (annual) (Ticker: DG): 9.62 %
2025-07-06 - 06:26:07 - INFO: EPS (latest) (Ticker: HEI): 3.71
2025-07-06 - 06:26:07 - INFO: CFOA (annual) (Ticker: SO): 6.74 %
2025-07-06 - 06:26:07 - INFO: Fetched Earnings data (Net Income) for 4 years period (Ticker: HEI).
2025-07-06 - 06:26:07 - INFO: Calculating Earnings Variability (EVAR) using EPS over 3 year period (Ticker: HEI).
2025-07-06 - 06:26:07 - INFO: EVAR 4Y (EPS) (Ticker: HEI): 6.9%
2025-07-06 - 06:26:07 - INFO: Calculating Earnings Variability (EVAR) using Net Income over 3 year period (Ticker: HEI).
2025-07-06 - 06:26:07 - INFO: EVAR 4Y (Net Income) (Ticker: HEI): 7.06%
2025-07-06 - 06:26:07 - INFO: CAGR 4Y (EPS) (Ticker: HEI): 18.14 %
2025-07-06 - 06:26:07 - INFO: CAGR 4Y (Net Income) (Ticker: HEI): 19.11 %
2025-07-06 - 06:26:07 - INFO: ---------------------- COR ----------------------
2025-07-06 - 06:26:07 - INFO: CFOA (ttm) (Ticker: TTWO): -0.38 %
2025-07-06 - 06:26:07 - INFO: Dividend Yield (Ticker: HEI): 0.07 %
2025-07-06 - 06:26:07 - INFO: P/E (Forward) (Ticker: COR): 18.11
2025-07-06 - 06:26:07 - INFO: GPOA (Ticker: TTWO): 33.35 %
2025-07-06 - 06:26:07 - INFO: ROE (ttm) (Yahoo Finance) (Ticker: HEI): 15.71 %
2025-07-06 - 06:26:07 - INFO: CFOA (ttm) (Ticker: SO): 6.72 %
2025-07-06 - 06:26:07 - INFO: P/E (Trailing) (Ticker: COR): 34.25
2025-07-06 - 06:26:07 - INFO: CFOA (ttm) (Ticker: DG): 10.14 %
2025-07-06 - 06:26:07 - INFO: EBIT/TEV (Ticker: BK): -8.75 %
2025-07-06 - 06:26:07 - INFO: GPMAR (Ticker: TTWO): 54.36 %
2025-07-06 - 06:26:08 - INFO: GPOA (Ticker: SO): 9.19 %
2025-07-06 - 06:26:08 - INFO: GPOA (Ticker: DG): 38.6 %
2025-07-06 - 06:26:08 - INFO: P/B (Ticker: BK): 1.75
2025-07-06 - 06:26:08 - INFO: Profit Margin (Ticker: TTWO): -79.5 %
2025-07-06 - 06:26:08 - INFO: GPMAR (Ticker: SO): 49.93 %
2025-07-06 - 06:26:08 - INFO: ROE - Calc (Ticker: HEI): 16.34 %
2025-07-06 - 06:26:08 - INFO: GPMAR (Ticker: DG): 29.59 %
2025-07-06 - 06:26:08 - INFO: Sector: Communication Services
2025-07-06 - 06:26:08 - INFO: EBIT/TEV (Ticker: IMB.L): 0.19 %
2025-07-06 - 06:26:08 - INFO: Profit Margin (Ticker: SO): 16.54 %
2025-07-06 - 06:26:08 - INFO: ROE - MSCI (Ticker: HEI): 6.9 %
2025-07-06 - 06:26:08 - INFO: Profit Margin (Ticker: DG): 2.8 %
2025-07-06 - 06:26:08 - INFO: Industry: Electronic Gaming & Multimedia
2025-07-06 - 06:26:08 - INFO: ROA (ttm) (Yahoo Finance) (Ticker: HEI): 7.39 %
2025-07-06 - 06:26:08 - INFO: Sector: Consumer Defensive
2025-07-06 - 06:26:08 - INFO: Industry: Discount Stores
2025-07-06 - 06:26:08 - INFO: Sector: Utilities
2025-07-06 - 06:26:08 - INFO: ROA - Calc (Ticker: HEI): 6.77 %
2025-07-06 - 06:26:08 - INFO: P/B (Ticker: IMB.L): 479.15
2025-07-06 - 06:26:08 - INFO: Industry: Utilities - Regulated Electric
2025-07-06 - 06:26:08 - INFO: Fetched Earnings data (EPS) for 4 years period (Ticker: IMB.L).
2025-07-06 - 06:26:08 - INFO: EPS (latest) (Ticker: IMB.L): 2.52
2025-07-06 - 06:26:08 - INFO: Fetched Earnings data (Net Income) for 4 years period (Ticker: IMB.L).
2025-07-06 - 06:26:08 - INFO: Calculating Earnings Variability (EVAR) using EPS over 3 year period (Ticker: IMB.L).
2025-07-06 - 06:26:08 - INFO: EVAR 4Y (EPS) (Ticker: IMB.L): 69.23%
2025-07-06 - 06:26:08 - INFO: Calculating Earnings Variability (EVAR) using Net Income over 3 year period (Ticker: IMB.L).
2025-07-06 - 06:26:08 - INFO: EVAR 4Y (Net Income) (Ticker: IMB.L): 46.83%
2025-07-06 - 06:26:08 - INFO: CAGR 4Y (EPS) (Ticker: IMB.L): 16.83 %
2025-07-06 - 06:26:08 - INFO: CAGR 4Y (Net Income) (Ticker: IMB.L): -2.67 %
2025-07-06 - 06:26:08 - INFO: Dividend Yield (Ticker: IMB.L): 6.56 %
2025-07-06 - 06:26:08 - INFO: ROE (ttm) (Yahoo Finance) (Ticker: IMB.L): 51.21 %
2025-07-06 - 06:26:08 - INFO: Fetched Earnings data (EPS) for 4 years period (Ticker: BK).
2025-07-06 - 06:26:08 - ERROR: Error calculating ROE (ttm) (Ticker: IMB.L): Cannot calculate ROE (Ticker: IMB.L): An error occurred: Cannot calculate Net Income TTM! Net Income data is missing in the Quarterly Income Statement (Ticker: IMB.L).
2025-07-06 - 06:26:08 - INFO: EPS (latest) (Ticker: BK): 5.84
2025-07-06 - 06:26:08 - INFO: EBIT/TEV (Ticker: COR): 5.51 %
2025-07-06 - 06:26:08 - INFO: CFOA (annual) (Ticker: HEI): 8.86 %
2025-07-06 - 06:26:08 - ERROR: Unhandled error analyzing stock (Ticker: IMB.L)
2025-07-06 - 06:26:08 - INFO: Fetched Earnings data (Net Income) for 4 years period (Ticker: BK).
2025-07-06 - 06:26:08 - INFO: P/B (Ticker: COR): 56.67
2025-07-06 - 06:26:08 - ERROR: Cannot calculate Trailing EPS! EPS data is missing (Ticker: IMB.L).
Traceback (most recent call last):
  File "StockFactorScreener.py", line 605, in analyze_stock
  File "ProfitabilityCalculator.py", line 304, in calc_roe_msci
  File "EarningsEngine.py", line 343, in calc_eps_ttm
EarningsEngine.EPSCalcError: Cannot calculate Trailing EPS! EPS data is missing (Ticker: IMB.L).
2025-07-06 - 06:26:08 - INFO: Calculating Earnings Variability (EVAR) using EPS over 3 year period (Ticker: BK).
2025-07-06 - 06:26:08 - INFO: EVAR 4Y (EPS) (Ticker: BK): 41.72%
2025-07-06 - 06:26:08 - INFO: Calculating Earnings Variability (EVAR) using Net Income over 3 year period (Ticker: BK).
2025-07-06 - 06:26:08 - INFO: EVAR 4Y (Net Income) (Ticker: BK): 37.85%
2025-07-06 - 06:26:08 - INFO: CAGR 4Y (EPS) (Ticker: BK): 11.88 %
2025-07-06 - 06:26:08 - INFO: CAGR 4Y (Net Income) (Ticker: BK): 6.42 %
2025-07-06 - 06:26:08 - INFO: Dividend Yield (Ticker: BK): 2.06 %
2025-07-06 - 06:26:08 - INFO: ROE (ttm) (Yahoo Finance) (Ticker: BK): 11.23 %
2025-07-06 - 06:26:09 - INFO: ---------------------- BN ----------------------
2025-07-06 - 06:26:09 - INFO: P/E (Forward) (Ticker: BN): 10.95
2025-07-06 - 06:26:09 - INFO: P/E (Trailing) (Ticker: BN): 221.72
2025-07-06 - 06:26:09 - INFO: ---------------------- AZO ----------------------
2025-07-06 - 06:26:09 - INFO: ---------------------- TT ----------------------
2025-07-06 - 06:26:09 - INFO: P/E (Forward) (Ticker: AZO): 21.62
2025-07-06 - 06:26:09 - INFO: Fetched Earnings data (EPS) for 4 years period (Ticker: COR).
2025-07-06 - 06:26:09 - INFO: P/E (Forward) (Ticker: TT): 34.58
2025-07-06 - 06:26:09 - INFO: CFOA (ttm) (Ticker: HEI): 10.68 %
2025-07-06 - 06:26:09 - INFO: P/E (Trailing) (Ticker: AZO): 25.51
2025-07-06 - 06:26:09 - INFO: ROE - Calc (Ticker: BK): 11.29 %
2025-07-06 - 06:26:09 - INFO: EPS (latest) (Ticker: COR): 7.6
2025-07-06 - 06:26:09 - INFO: P/E (Trailing) (Ticker: TT): 35.97
2025-07-06 - 06:26:09 - INFO: GPOA (Ticker: HEI): 19.78 %
2025-07-06 - 06:26:09 - INFO: ROE - MSCI (Ticker: BK): 10.39 %
2025-07-06 - 06:26:09 - INFO: Fetched Earnings data (Net Income) for 4 years period (Ticker: COR).
2025-07-06 - 06:26:09 - INFO: Calculating Earnings Variability (EVAR) using EPS over 3 year period (Ticker: COR).
2025-07-06 - 06:26:09 - INFO: GPMAR (Ticker: HEI): 38.93 %
2025-07-06 - 06:26:09 - INFO: ROA (ttm) (Yahoo Finance) (Ticker: BK): 1.08 %
2025-07-06 - 06:26:09 - INFO: EVAR 4Y (EPS) (Ticker: COR): 11.2%
2025-07-06 - 06:26:09 - INFO: Profit Margin (Ticker: HEI): 14.54 %
2025-07-06 - 06:26:09 - INFO: ROA - Calc (Ticker: BK): 1.09 %
2025-07-06 - 06:26:09 - INFO: Calculating Earnings Variability (EVAR) using Net Income over 3 year period (Ticker: COR).
2025-07-06 - 06:26:09 - INFO: Sector: Industrials
2025-07-06 - 06:26:09 - INFO: EVAR 4Y (Net Income) (Ticker: COR): 12.19%
2025-07-06 - 06:26:09 - INFO: Industry: Aerospace & Defense
2025-07-06 - 06:26:09 - INFO: CAGR 4Y (EPS) (Ticker: COR): 0.53 %
2025-07-06 - 06:26:09 - INFO: CAGR 4Y (Net Income) (Ticker: COR): -0.67 %
2025-07-06 - 06:26:09 - INFO: Dividend Yield (Ticker: COR): 0.73 %
2025-07-06 - 06:26:09 - INFO: ROE (ttm) (Yahoo Finance) (Ticker: COR): 141.78 %
2025-07-06 - 06:26:09 - INFO: ---------------------- TRP ----------------------
2025-07-06 - 06:26:09 - INFO: P/E (Forward) (Ticker: TRP): 18.17
2025-07-06 - 06:26:09 - INFO: P/E (Trailing) (Ticker: TRP): 16.27
2025-07-06 - 06:26:10 - INFO: CFOA (annual) (Ticker: BK): 0.17 %
2025-07-06 - 06:26:10 - INFO: EBIT/TEV (Ticker: TT): 3.63 %
2025-07-06 - 06:26:10 - INFO: P/B (Ticker: TT): 13.05
2025-07-06 - 06:26:10 - INFO: EBIT/TEV (Ticker: AZO): 4.95 %
2025-07-06 - 06:26:10 - INFO: P/B (Ticker: AZO): -15.86
2025-07-06 - 06:26:10 - INFO: ---------------------- CTAS ----------------------
2025-07-06 - 06:26:10 - INFO: Fetched Earnings data (EPS) for 4 years period (Ticker: TT).
2025-07-06 - 06:26:10 - INFO: Fetched Earnings data (EPS) for 4 years period (Ticker: AZO).
2025-07-06 - 06:26:10 - INFO: EBIT/TEV (Ticker: BN): 5.61 %
2025-07-06 - 06:26:10 - INFO: CFOA (ttm) (Ticker: BK): 0.88 %
2025-07-06 - 06:26:10 - INFO: P/E (Forward) (Ticker: CTAS): 46.87
2025-07-06 - 06:26:10 - INFO: EPS (latest) (Ticker: TT): 11.44
2025-07-06 - 06:26:10 - INFO: Fetched Earnings data (Net Income) for 4 years period (Ticker: TT).
2025-07-06 - 06:26:10 - INFO: P/B (Ticker: BN): 2.34
2025-07-06 - 06:26:10 - INFO: P/E (Trailing) (Ticker: CTAS): 51.01
2025-07-06 - 06:26:10 - INFO: EPS (latest) (Ticker: AZO): 153.82
2025-07-06 - 06:26:10 - INFO: Calculating Earnings Variability (EVAR) using EPS over 3 year period (Ticker: TT).
2025-07-06 - 06:26:10 - INFO: Fetched Earnings data (Net Income) for 4 years period (Ticker: AZO).
2025-07-06 - 06:26:10 - INFO: EVAR 4Y (EPS) (Ticker: TT): 6.34%
2025-07-06 - 06:26:10 - INFO: Calculating Earnings Variability (EVAR) using EPS over 3 year period (Ticker: AZO).
2025-07-06 - 06:26:10 - INFO: Calculating Earnings Variability (EVAR) using Net Income over 3 year period (Ticker: TT).
2025-07-06 - 06:26:10 - INFO: EVAR 4Y (EPS) (Ticker: AZO): 6.34%
2025-07-06 - 06:26:10 - INFO: EVAR 4Y (Net Income) (Ticker: TT): 5.98%
2025-07-06 - 06:26:10 - INFO: Calculating Earnings Variability (EVAR) using Net Income over 3 year period (Ticker: AZO).
2025-07-06 - 06:26:10 - INFO: CAGR 4Y (EPS) (Ticker: TT): 24.28 %
2025-07-06 - 06:26:10 - INFO: CAGR 4Y (Net Income) (Ticker: TT): 21.74 %
2025-07-06 - 06:26:10 - INFO: Dividend Yield (Ticker: TT): 0.86 %
2025-07-06 - 06:26:10 - INFO: EVAR 4Y (Net Income) (Ticker: AZO): 4.24%
2025-07-06 - 06:26:10 - INFO: CAGR 4Y (EPS) (Ticker: AZO): 16.37 %
2025-07-06 - 06:26:10 - INFO: CAGR 4Y (Net Income) (Ticker: AZO): 7.05 %
2025-07-06 - 06:26:10 - INFO: ROE (ttm) (Yahoo Finance) (Ticker: TT): 38.63 %
2025-07-06 - 06:26:10 - INFO: Dividend Yield (Ticker: AZO): N/A
2025-07-06 - 06:26:10 - INFO: ROE (ttm) (Yahoo Finance) (Ticker: AZO): N/A
2025-07-06 - 06:26:11 - INFO: EBIT/TEV (Ticker: TRP): 5.03 %
2025-07-06 - 06:26:11 - INFO: Fetched Earnings data (EPS) for 4 years period (Ticker: BN).
2025-07-06 - 06:26:11 - INFO: P/B (Ticker: TRP): 1.99
2025-07-06 - 06:26:11 - INFO: EPS (latest) (Ticker: BN): 0.31
2025-07-06 - 06:26:11 - INFO: ROE - Calc (Ticker: COR): 161.58 %
2025-07-06 - 06:26:11 - INFO: ROE - Calc (Ticker: AZO): N/A
2025-07-06 - 06:26:11 - INFO: ROE - Calc (Ticker: TT): 38.06 %
2025-07-06 - 06:26:11 - INFO: Fetched Earnings data (Net Income) for 4 years period (Ticker: BN).
2025-07-06 - 06:26:11 - INFO: ROE - MSCI (Ticker: COR): 198.89 %
2025-07-06 - 06:26:11 - INFO: ROE - MSCI (Ticker: AZO): -57.46 %
2025-07-06 - 06:26:11 - INFO: ROE - MSCI (Ticker: TT): 36.27 %
2025-07-06 - 06:26:11 - INFO: Calculating Earnings Variability (EVAR) using EPS over 3 year period (Ticker: BN).
2025-07-06 - 06:26:11 - INFO: ROA (ttm) (Yahoo Finance) (Ticker: COR): 2.97 %
2025-07-06 - 06:26:11 - INFO: ROA (ttm) (Yahoo Finance) (Ticker: AZO): 12.98 %
2025-07-06 - 06:26:11 - INFO: ROA (ttm) (Yahoo Finance) (Ticker: TT): 11.36 %
2025-07-06 - 06:26:11 - INFO: EVAR 4Y (EPS) (Ticker: BN): 0.72%
2025-07-06 - 06:26:11 - INFO: ROA - Calc (Ticker: COR): 2.25 %
2025-07-06 - 06:26:11 - INFO: ROA - Calc (Ticker: AZO): 15.50 %
2025-07-06 - 06:26:11 - INFO: ROA - Calc (Ticker: TT): 12.75 %
2025-07-06 - 06:26:11 - INFO: Calculating Earnings Variability (EVAR) using Net Income over 3 year period (Ticker: BN).
2025-07-06 - 06:26:11 - INFO: EVAR 4Y (Net Income) (Ticker: BN): 2.47%
2025-07-06 - 06:26:11 - INFO: CAGR 4Y (EPS) (Ticker: BN): -49.93 %
2025-07-06 - 06:26:11 - INFO: CAGR 4Y (Net Income) (Ticker: BN): -45.53 %
2025-07-06 - 06:26:11 - INFO: Dividend Yield (Ticker: BN): 0.58 %
2025-07-06 - 06:26:11 - INFO: ROE (ttm) (Yahoo Finance) (Ticker: BN): 0.95 %
2025-07-06 - 06:26:11 - INFO: Fetched Earnings data (EPS) for 4 years period (Ticker: TRP).
2025-07-06 - 06:26:11 - INFO: EBIT/TEV (Ticker: CTAS): 2.54 %
2025-07-06 - 06:26:11 - INFO: EPS (latest) (Ticker: TRP): 4.43
2025-07-06 - 06:26:11 - INFO: ROE - Calc (Ticker: BN): 1.36 %
2025-07-06 - 06:26:11 - INFO: CFOA (annual) (Ticker: AZO): 17.49 %
2025-07-06 - 06:26:12 - INFO: CFOA (annual) (Ticker: COR): 5.19 %
2025-07-06 - 06:26:12 - INFO: P/B (Ticker: CTAS): 19.28
2025-07-06 - 06:26:12 - INFO: CFOA (annual) (Ticker: TT): 15.61 %
2025-07-06 - 06:26:12 - INFO: Fetched Earnings data (Net Income) for 4 years period (Ticker: TRP).
2025-07-06 - 06:26:12 - INFO: ROE - MSCI (Ticker: BN): -0.65 %
2025-07-06 - 06:26:12 - INFO: GPOA (Ticker: BK): 4.39 %
2025-07-06 - 06:26:12 - INFO: Calculating Earnings Variability (EVAR) using EPS over 3 year period (Ticker: TRP).
2025-07-06 - 06:26:12 - INFO: ROA (ttm) (Yahoo Finance) (Ticker: BN): 2.69 %
2025-07-06 - 06:26:12 - INFO: GPMAR (Ticker: BK): 98.43 %
2025-07-06 - 06:26:12 - ERROR: Error calculating GPOA and GPMAR TTM (Ticker: BK): Cannot calculate GPOA (Ticker: BK): 'Gross Profit' data is missing in the Income Statement.
2025-07-06 - 06:26:12 - INFO: EVAR 4Y (EPS) (Ticker: TRP): 201.92%
2025-07-06 - 06:26:12 - INFO: Calculating Earnings Variability (EVAR) using Net Income over 3 year period (Ticker: TRP).
2025-07-06 - 06:26:12 - INFO: Profit Margin (Ticker: BK): 25.1 %
2025-07-06 - 06:26:12 - INFO: Sector: Financial Services
2025-07-06 - 06:26:12 - INFO: Industry: Banks - Diversified
2025-07-06 - 06:26:12 - INFO: ROA - Calc (Ticker: BN): 0.13 %
2025-07-06 - 06:26:12 - INFO: EVAR 4Y (Net Income) (Ticker: TRP): 178.89%
2025-07-06 - 06:26:12 - INFO: CAGR 4Y (EPS) (Ticker: TRP): 33.31 %
2025-07-06 - 06:26:12 - INFO: CAGR 4Y (Net Income) (Ticker: TRP): 33.94 %
2025-07-06 - 06:26:12 - INFO: Dividend Yield (Ticker: TRP): 5.05 %
2025-07-06 - 06:26:12 - INFO: ROE (ttm) (Yahoo Finance) (Ticker: TRP): 12.74 %
2025-07-06 - 06:26:12 - INFO: Fetched Earnings data (EPS) for 4 years period (Ticker: CTAS).
2025-07-06 - 06:26:12 - INFO: CFOA (ttm) (Ticker: TT): 15.92 %
2025-07-06 - 06:26:12 - INFO: CFOA (ttm) (Ticker: COR): 6.0 %
2025-07-06 - 06:26:12 - INFO: EPS (latest) (Ticker: CTAS): 3.85
2025-07-06 - 06:26:12 - INFO: GPOA (Ticker: TT): 35.14 %
2025-07-06 - 06:26:12 - INFO: GPOA (Ticker: COR): 14.77 %
2025-07-06 - 06:26:12 - INFO: CFOA (ttm) (Ticker: AZO): 18.13 %
2025-07-06 - 06:26:12 - INFO: GPMAR (Ticker: TT): 35.69 %
2025-07-06 - 06:26:12 - INFO: CFOA (annual) (Ticker: BN): 1.54 %
2025-07-06 - 06:26:12 - INFO: Fetched Earnings data (Net Income) for 4 years period (Ticker: CTAS).
2025-07-06 - 06:26:12 - INFO: GPMAR (Ticker: COR): 3.37 %
2025-07-06 - 06:26:12 - INFO: GPOA (Ticker: AZO): 57.15 %
2025-07-06 - 06:26:12 - INFO: Profit Margin (Ticker: TT): 13.47 %
2025-07-06 - 06:26:12 - INFO: ROE - Calc (Ticker: TRP): 15.50 %
2025-07-06 - 06:26:12 - INFO: Calculating Earnings Variability (EVAR) using EPS over 3 year period (Ticker: CTAS).
2025-07-06 - 06:26:12 - INFO: Profit Margin (Ticker: COR): 0.55 %
2025-07-06 - 06:26:12 - INFO: GPMAR (Ticker: AZO): 53.09 %
2025-07-06 - 06:26:12 - INFO: Sector: Industrials
2025-07-06 - 06:26:12 - INFO: ROE - MSCI (Ticker: TRP): 25.83 %
2025-07-06 - 06:26:12 - INFO: EVAR 4Y (EPS) (Ticker: CTAS): 2.89%
2025-07-06 - 06:26:12 - INFO: Sector: Healthcare
2025-07-06 - 06:26:12 - INFO: Profit Margin (Ticker: AZO): 13.56 %
2025-07-06 - 06:26:12 - INFO: Industry: Building Products & Equipment
2025-07-06 - 06:26:12 - INFO: ROA (ttm) (Yahoo Finance) (Ticker: TRP): 2.95 %
2025-07-06 - 06:26:12 - INFO: Calculating Earnings Variability (EVAR) using Net Income over 3 year period (Ticker: CTAS).
2025-07-06 - 06:26:12 - INFO: Industry: Medical Distribution
2025-07-06 - 06:26:12 - INFO: Sector: Consumer Cyclical
2025-07-06 - 06:26:12 - INFO: EVAR 4Y (Net Income) (Ticker: CTAS): 3.86%
2025-07-06 - 06:26:12 - INFO: ROA - Calc (Ticker: TRP): 3.97 %
2025-07-06 - 06:26:12 - INFO: CAGR 4Y (EPS) (Ticker: CTAS): 13.55 %
2025-07-06 - 06:26:12 - INFO: Industry: Auto Parts
2025-07-06 - 06:26:12 - INFO: CAGR 4Y (Net Income) (Ticker: CTAS): 12.26 %
2025-07-06 - 06:26:12 - INFO: Dividend Yield (Ticker: CTAS): 0.7 %
2025-07-06 - 06:26:12 - INFO: ROE (ttm) (Yahoo Finance) (Ticker: CTAS): 40.3 %
2025-07-06 - 06:26:13 - ERROR: Error calculating CFOA (ttm) (Ticker: BN): Error occurred while calculcating CFOA TTM (Ticker: BN): Cannot calculate CFOA TTM (Ticker: BN): The latest quarter dates for Cash Flow from Operating Activities and Total Assets do not match. 
 Cash Flow from Operating Activities date: 2024-12-31 00:00:00, Total Assets date: 2025-03-31 00:00:00.!
2025-07-06 - 06:26:13 - INFO: GPOA (Ticker: BN): 3.68 %
2025-07-06 - 06:26:13 - INFO: GPMAR (Ticker: BN): 21.01 %
2025-07-06 - 06:26:13 - INFO: ---------------------- 8316.T ----------------------
2025-07-06 - 06:26:13 - INFO: Profit Margin (Ticker: BN): 0.73 %
2025-07-06 - 06:26:13 - INFO: P/E (Forward) (Ticker: 8316.T): 11.62
2025-07-06 - 06:26:13 - INFO: Sector: Financial Services
2025-07-06 - 06:26:13 - INFO: CFOA (annual) (Ticker: TRP): 6.51 %
2025-07-06 - 06:26:13 - INFO: P/E (Trailing) (Ticker: 8316.T): 12.24
2025-07-06 - 06:26:13 - INFO: ROE - Calc (Ticker: CTAS): 40.30 %
2025-07-06 - 06:26:13 - INFO: Industry: Asset Management
2025-07-06 - 06:26:13 - INFO: ROE - MSCI (Ticker: CTAS): 38.56 %
2025-07-06 - 06:26:13 - INFO: ROA (ttm) (Yahoo Finance) (Ticker: CTAS): 15.53 %
2025-07-06 - 06:26:13 - INFO: ROA - Calc (Ticker: CTAS): 17.14 %
2025-07-06 - 06:26:13 - INFO: CFOA (annual) (Ticker: CTAS): 22.68 %
2025-07-06 - 06:26:13 - INFO: ---------------------- LNG ----------------------
2025-07-06 - 06:26:13 - INFO: ---------------------- TDG ----------------------
2025-07-06 - 06:26:13 - INFO: P/E (Forward) (Ticker: LNG): 21.19
2025-07-06 - 06:26:13 - INFO: ---------------------- CM ----------------------
2025-07-06 - 06:26:13 - INFO: P/E (Trailing) (Ticker: LNG): 17.58
2025-07-06 - 06:26:13 - INFO: P/E (Forward) (Ticker: TDG): 35.03
2025-07-06 - 06:26:13 - INFO: P/E (Forward) (Ticker: CM): 13.44
2025-07-06 - 06:26:13 - INFO: CFOA (ttm) (Ticker: TRP): 5.59 %
2025-07-06 - 06:26:13 - INFO: P/E (Trailing) (Ticker: TDG): 51.28
2025-07-06 - 06:26:13 - INFO: P/E (Trailing) (Ticker: CM): 12.38
2025-07-06 - 06:26:13 - INFO: GPOA (Ticker: TRP): 5.59 %
2025-07-06 - 06:26:13 - INFO: GPMAR (Ticker: TRP): 47.97 %
2025-07-06 - 06:26:14 - INFO: Profit Margin (Ticker: TRP): 32.25 %
2025-07-06 - 06:26:14 - INFO: Sector: Energy
2025-07-06 - 06:26:14 - INFO: Industry: Oil & Gas Midstream
2025-07-06 - 06:26:14 - INFO: CFOA (ttm) (Ticker: CTAS): 23.9 %
2025-07-06 - 06:26:14 - INFO: EBIT/TEV (Ticker: 8316.T): -5.9 %
2025-07-06 - 06:26:14 - INFO: GPOA (Ticker: CTAS): 51.11 %
2025-07-06 - 06:26:14 - INFO: P/B (Ticker: 8316.T): 0.99
2025-07-06 - 06:26:14 - INFO: GPMAR (Ticker: CTAS): 48.83 %
2025-07-06 - 06:26:14 - INFO: ---------------------- WBC.AX ----------------------
2025-07-06 - 06:26:14 - INFO: Profit Margin (Ticker: CTAS): 17.53 %
2025-07-06 - 06:26:14 - INFO: P/E (Forward) (Ticker: WBC.AX): 16.33
2025-07-06 - 06:26:14 - INFO: Sector: Industrials
2025-07-06 - 06:26:14 - INFO: EBIT/TEV (Ticker: TDG): 3.59 %
2025-07-06 - 06:26:14 - INFO: P/E (Trailing) (Ticker: WBC.AX): 17.16
2025-07-06 - 06:26:14 - INFO: EBIT/TEV (Ticker: CM): 6.83 %
2025-07-06 - 06:26:14 - INFO: Industry: Specialty Business Services
2025-07-06 - 06:26:14 - INFO: P/B (Ticker: TDG): -15.1
2025-07-06 - 06:26:14 - INFO: EBIT/TEV (Ticker: LNG): 7.81 %
2025-07-06 - 06:26:14 - INFO: P/B (Ticker: CM): 1.13
2025-07-06 - 06:26:14 - INFO: Fetched Earnings data (EPS) for 4 years period (Ticker: 8316.T).
2025-07-06 - 06:26:14 - INFO: P/B (Ticker: LNG): 9.57
2025-07-06 - 06:26:14 - INFO: EPS (latest) (Ticker: 8316.T): 241.52
2025-07-06 - 06:26:14 - INFO: Fetched Earnings data (Net Income) for 4 years period (Ticker: 8316.T).
2025-07-06 - 06:26:14 - INFO: Calculating Earnings Variability (EVAR) using EPS over 3 year period (Ticker: 8316.T).
2025-07-06 - 06:26:14 - INFO: EVAR 4Y (EPS) (Ticker: 8316.T): 11.77%
2025-07-06 - 06:26:14 - INFO: Calculating Earnings Variability (EVAR) using Net Income over 3 year period (Ticker: 8316.T).
2025-07-06 - 06:26:14 - INFO: EVAR 4Y (Net Income) (Ticker: 8316.T): 4.21%
2025-07-06 - 06:26:14 - INFO: CAGR 4Y (EPS) (Ticker: 8316.T): 24.63 %
2025-07-06 - 06:26:14 - INFO: CAGR 4Y (Net Income) (Ticker: 8316.T): 18.57 %
2025-07-06 - 06:26:14 - INFO: Dividend Yield (Ticker: 8316.T): 3.74 %
2025-07-06 - 06:26:14 - INFO: ROE (ttm) (Yahoo Finance) (Ticker: 8316.T): 3.15 %
2025-07-06 - 06:26:15 - INFO: ---------------------- RCL ----------------------
2025-07-06 - 06:26:15 - INFO: P/E (Forward) (Ticker: RCL): 23.41
2025-07-06 - 06:26:15 - INFO: P/E (Trailing) (Ticker: RCL): 27.24
2025-07-06 - 06:26:15 - INFO: Fetched Earnings data (EPS) for 4 years period (Ticker: TDG).
2025-07-06 - 06:26:15 - INFO: EPS (latest) (Ticker: TDG): 25.62
2025-07-06 - 06:26:15 - INFO: Fetched Earnings data (EPS) for 4 years period (Ticker: CM).
2025-07-06 - 06:26:15 - INFO: Fetched Earnings data (Net Income) for 4 years period (Ticker: TDG).
2025-07-06 - 06:26:15 - INFO: EPS (latest) (Ticker: CM): 7.29
2025-07-06 - 06:26:15 - INFO: Fetched Earnings data (EPS) for 4 years period (Ticker: LNG).
2025-07-06 - 06:26:15 - INFO: Calculating Earnings Variability (EVAR) using EPS over 3 year period (Ticker: TDG).
2025-07-06 - 06:26:15 - INFO: Fetched Earnings data (Net Income) for 4 years period (Ticker: CM).
2025-07-06 - 06:26:15 - INFO: EPS (latest) (Ticker: LNG): 14.24
2025-07-06 - 06:26:15 - INFO: EVAR 4Y (EPS) (Ticker: TDG): 24.97%
2025-07-06 - 06:26:15 - INFO: ROE - Calc (Ticker: 8316.T): 8.02 %
2025-07-06 - 06:26:15 - INFO: Calculating Earnings Variability (EVAR) using EPS over 3 year period (Ticker: CM).
2025-07-06 - 06:26:15 - INFO: Fetched Earnings data (Net Income) for 4 years period (Ticker: LNG).
2025-07-06 - 06:26:15 - INFO: Calculating Earnings Variability (EVAR) using Net Income over 3 year period (Ticker: TDG).
2025-07-06 - 06:26:15 - ERROR: Unhandled error analyzing stock (Ticker: 8316.T)
2025-07-06 - 06:26:15 - INFO: EVAR 4Y (EPS) (Ticker: CM): 32.8%
2025-07-06 - 06:26:15 - INFO: Calculating Earnings Variability (EVAR) using EPS over 3 year period (Ticker: LNG).
2025-07-06 - 06:26:15 - INFO: EVAR 4Y (Net Income) (Ticker: TDG): 11.89%
2025-07-06 - 06:26:15 - ERROR: Cannot calculate Trailing EPS! Not enough EPS data for the last 4 quarters (Ticker: 8316.T).
Traceback (most recent call last):
  File "StockFactorScreener.py", line 605, in analyze_stock
  File "ProfitabilityCalculator.py", line 304, in calc_roe_msci
  File "EarningsEngine.py", line 351, in calc_eps_ttm
EarningsEngine.EPSCalcError: Cannot calculate Trailing EPS! Not enough EPS data for the last 4 quarters (Ticker: 8316.T).
2025-07-06 - 06:26:15 - INFO: Calculating Earnings Variability (EVAR) using Net Income over 3 year period (Ticker: CM).
2025-07-06 - 06:26:15 - INFO: EVAR 4Y (EPS) (Ticker: LNG): 349.31%
2025-07-06 - 06:26:15 - INFO: CAGR 4Y (EPS) (Ticker: TDG): 35.01 %
2025-07-06 - 06:26:15 - INFO: EVAR 4Y (Net Income) (Ticker: CM): 32.06%
2025-07-06 - 06:26:15 - INFO: Calculating Earnings Variability (EVAR) using Net Income over 3 year period (Ticker: LNG).
2025-07-06 - 06:26:15 - INFO: CAGR 4Y (Net Income) (Ticker: TDG): 36.09 %
2025-07-06 - 06:26:15 - INFO: CAGR 4Y (EPS) (Ticker: CM): 1.46 %
2025-07-06 - 06:26:15 - INFO: CAGR 4Y (Net Income) (Ticker: CM): 3.44 %
2025-07-06 - 06:26:15 - INFO: Dividend Yield (Ticker: CM): 3.99 %
2025-07-06 - 06:26:15 - INFO: EVAR 4Y (Net Income) (Ticker: LNG): 334.69%
2025-07-06 - 06:26:15 - INFO: Dividend Yield (Ticker: TDG): N/A
2025-07-06 - 06:26:15 - INFO: ROE (ttm) (Yahoo Finance) (Ticker: TDG): N/A
2025-07-06 - 06:26:15 - INFO: CAGR 4Y (EPS) (Ticker: LNG): 52.4 %
2025-07-06 - 06:26:15 - INFO: ROE (ttm) (Yahoo Finance) (Ticker: CM): 13.36 %
2025-07-06 - 06:26:15 - INFO: CAGR 4Y (Net Income) (Ticker: LNG): 50.19 %
2025-07-06 - 06:26:15 - INFO: Dividend Yield (Ticker: LNG): 0.82 %
2025-07-06 - 06:26:15 - INFO: ROE (ttm) (Yahoo Finance) (Ticker: LNG): 46.98 %
2025-07-06 - 06:26:15 - INFO: EBIT/TEV (Ticker: RCL): 3.89 %
2025-07-06 - 06:26:15 - INFO: P/B (Ticker: RCL): 11.41
2025-07-06 - 06:26:15 - INFO: ---------------------- KMI ----------------------
2025-07-06 - 06:26:15 - INFO: P/E (Forward) (Ticker: KMI): 22.55
2025-07-06 - 06:26:15 - INFO: P/E (Trailing) (Ticker: KMI): 24.49
2025-07-06 - 06:26:15 - INFO: ROE - Calc (Ticker: LNG): 63.13 %
2025-07-06 - 06:26:15 - INFO: ROE - Calc (Ticker: CM): 13.36 %
2025-07-06 - 06:26:15 - INFO: ROE - MSCI (Ticker: LNG): 285.72 %
2025-07-06 - 06:26:16 - INFO: ROE - MSCI (Ticker: CM): 11.98 %
2025-07-06 - 06:26:16 - INFO: ROE - Calc (Ticker: TDG): N/A
2025-07-06 - 06:26:16 - INFO: ROA (ttm) (Yahoo Finance) (Ticker: LNG): 8.56 %
2025-07-06 - 06:26:16 - INFO: ROA (ttm) (Yahoo Finance) (Ticker: CM): 0.75 %
2025-07-06 - 06:26:16 - INFO: ROE - MSCI (Ticker: TDG): -29.3 %
2025-07-06 - 06:26:16 - INFO: ROA - Calc (Ticker: LNG): 7.41 %
2025-07-06 - 06:26:16 - INFO: ROA - Calc (Ticker: CM): 0.68 %
2025-07-06 - 06:26:16 - INFO: Fetched Earnings data (EPS) for 4 years period (Ticker: RCL).
2025-07-06 - 06:26:16 - INFO: EBIT/TEV (Ticker: WBC.AX): 6.87 %
2025-07-06 - 06:26:16 - INFO: ROA (ttm) (Yahoo Finance) (Ticker: TDG): 11.24 %
2025-07-06 - 06:26:16 - INFO: EPS (latest) (Ticker: RCL): 11.0
2025-07-06 - 06:26:16 - INFO: P/B (Ticker: WBC.AX): 1.6
2025-07-06 - 06:26:16 - INFO: ROA - Calc (Ticker: TDG): 6.70 %
2025-07-06 - 06:26:16 - INFO: Fetched Earnings data (Net Income) for 4 years period (Ticker: RCL).
2025-07-06 - 06:26:16 - INFO: Fetched Earnings data (EPS) for 4 years period (Ticker: WBC.AX).
2025-07-06 - 06:26:16 - INFO: Calculating Earnings Variability (EVAR) using EPS over 3 year period (Ticker: RCL).
2025-07-06 - 06:26:16 - INFO: EPS (latest) (Ticker: WBC.AX): 2.05
2025-07-06 - 06:26:16 - INFO: EVAR 4Y (EPS) (Ticker: RCL): 66.89%
2025-07-06 - 06:26:16 - INFO: Fetched Earnings data (Net Income) for 4 years period (Ticker: WBC.AX).
2025-07-06 - 06:26:16 - INFO: Calculating Earnings Variability (EVAR) using Net Income over 3 year period (Ticker: RCL).
2025-07-06 - 06:26:16 - INFO: Calculating Earnings Variability (EVAR) using EPS over 3 year period (Ticker: WBC.AX).
2025-07-06 - 06:26:16 - INFO: EVAR 4Y (Net Income) (Ticker: RCL): 66.28%
2025-07-06 - 06:26:16 - INFO: EVAR 4Y (EPS) (Ticker: WBC.AX): 68.29%
2025-07-06 - 06:26:16 - INFO: CAGR 4Y (EPS) (Ticker: RCL): 36.2 %
2025-07-06 - 06:26:16 - INFO: Calculating Earnings Variability (EVAR) using Net Income over 3 year period (Ticker: WBC.AX).
2025-07-06 - 06:26:16 - INFO: CAGR 4Y (Net Income) (Ticker: RCL): 36.57 %
2025-07-06 - 06:26:16 - INFO: EVAR 4Y (Net Income) (Ticker: WBC.AX): 15.22%
2025-07-06 - 06:26:16 - INFO: Dividend Yield (Ticker: RCL): 0.96 %
2025-07-06 - 06:26:16 - INFO: CAGR 4Y (EPS) (Ticker: WBC.AX): 47.71 %
2025-07-06 - 06:26:16 - INFO: ROE (ttm) (Yahoo Finance) (Ticker: RCL): 48.52 %
2025-07-06 - 06:26:16 - INFO: CAGR 4Y (Net Income) (Ticker: WBC.AX): 8.6 %
2025-07-06 - 06:26:16 - INFO: Dividend Yield (Ticker: WBC.AX): 4.49 %
2025-07-06 - 06:26:16 - INFO: ROE (ttm) (Yahoo Finance) (Ticker: WBC.AX): 9.62 %
2025-07-06 - 06:26:16 - ERROR: Error calculating ROE (ttm) (Ticker: WBC.AX): Cannot calculate ROE (Ticker: WBC.AX): An error occurred: Cannot calculate Net Income TTM! Net Income data is missing in the Quarterly Income Statement (Ticker: WBC.AX).
2025-07-06 - 06:26:16 - ERROR: Unhandled error analyzing stock (Ticker: WBC.AX)
2025-07-06 - 06:26:16 - ERROR: Cannot calculate Trailing EPS! EPS data is missing (Ticker: WBC.AX).
Traceback (most recent call last):
  File "StockFactorScreener.py", line 605, in analyze_stock
  File "ProfitabilityCalculator.py", line 304, in calc_roe_msci
  File "EarningsEngine.py", line 343, in calc_eps_ttm
EarningsEngine.EPSCalcError: Cannot calculate Trailing EPS! EPS data is missing (Ticker: WBC.AX).
2025-07-06 - 06:26:16 - INFO: CFOA (annual) (Ticker: LNG): 12.3 %
2025-07-06 - 06:26:16 - INFO: CFOA (annual) (Ticker: CM): 1.06 %
2025-07-06 - 06:26:16 - INFO: CFOA (annual) (Ticker: TDG): 7.99 %
2025-07-06 - 06:26:16 - INFO: ---------------------- KR ----------------------
2025-07-06 - 06:26:16 - INFO: ROE - Calc (Ticker: RCL): 49.53 %
2025-07-06 - 06:26:16 - INFO: EBIT/TEV (Ticker: KMI): 4.52 %
2025-07-06 - 06:26:16 - INFO: P/E (Forward) (Ticker: KR): 15.25
2025-07-06 - 06:26:16 - INFO: ROE - MSCI (Ticker: RCL): 42.98 %
2025-07-06 - 06:26:16 - INFO: P/B (Ticker: KMI): 2.06
2025-07-06 - 06:26:16 - INFO: P/E (Trailing) (Ticker: KR): 19.03
2025-07-06 - 06:26:16 - INFO: ROA (ttm) (Yahoo Finance) (Ticker: RCL): 7.43 %
2025-07-06 - 06:26:17 - INFO: CFOA (ttm) (Ticker: LNG): 12.45 %
2025-07-06 - 06:26:17 - INFO: CFOA (ttm) (Ticker: TDG): 9.16 %
2025-07-06 - 06:26:17 - INFO: CFOA (ttm) (Ticker: CM): 2.24 %
2025-07-06 - 06:26:17 - INFO: ROA - Calc (Ticker: RCL): 7.76 %
2025-07-06 - 06:26:17 - INFO: GPOA (Ticker: TDG): 18.26 %
2025-07-06 - 06:26:17 - INFO: GPOA (Ticker: LNG): 15.06 %
2025-07-06 - 06:26:17 - INFO: GPMAR (Ticker: TDG): 58.84 %
2025-07-06 - 06:26:17 - INFO: GPMAR (Ticker: LNG): 42.06 %
2025-07-06 - 06:26:17 - INFO: ---------------------- RBLX ----------------------
2025-07-06 - 06:26:17 - INFO: Profit Margin (Ticker: TDG): 22.66 %
2025-07-06 - 06:26:17 - INFO: Fetched Earnings data (EPS) for 4 years period (Ticker: KMI).
2025-07-06 - 06:26:17 - INFO: Profit Margin (Ticker: LNG): 18.54 %
2025-07-06 - 06:26:17 - INFO: P/E (Forward) (Ticker: RBLX): -74.53
2025-07-06 - 06:26:17 - INFO: CFOA (annual) (Ticker: RCL): 14.2 %
2025-07-06 - 06:26:17 - INFO: Sector: Industrials
2025-07-06 - 06:26:17 - INFO: EPS (latest) (Ticker: KMI): 1.17
2025-07-06 - 06:26:17 - INFO: Sector: Energy
2025-07-06 - 06:26:17 - INFO: P/E (Trailing) (Ticker: RBLX): N/A
2025-07-06 - 06:26:17 - INFO: GPOA (Ticker: CM): None %
2025-07-06 - 06:26:17 - INFO: Industry: Aerospace & Defense
2025-07-06 - 06:26:17 - INFO: Fetched Earnings data (Net Income) for 4 years period (Ticker: KMI).
2025-07-06 - 06:26:17 - INFO: Industry: Oil & Gas Midstream
2025-07-06 - 06:26:17 - INFO: GPMAR (Ticker: CM): None %
2025-07-06 - 06:26:17 - ERROR: Error calculating GPOA and GPMAR TTM (Ticker: CM): Cannot calculate GPOA (Ticker: CM): 'Gross Profit' data is missing in the Income Statement.
2025-07-06 - 06:26:17 - INFO: Calculating Earnings Variability (EVAR) using EPS over 3 year period (Ticker: KMI).
2025-07-06 - 06:26:17 - INFO: Profit Margin (Ticker: CM): 30.74 %
2025-07-06 - 06:26:17 - INFO: EVAR 4Y (EPS) (Ticker: KMI): 24.99%
2025-07-06 - 06:26:17 - INFO: Sector: Financial Services
2025-07-06 - 06:26:17 - INFO: Calculating Earnings Variability (EVAR) using Net Income over 3 year period (Ticker: KMI).
2025-07-06 - 06:26:17 - INFO: Industry: Banks - Diversified
2025-07-06 - 06:26:17 - INFO: EVAR 4Y (Net Income) (Ticker: KMI): 25.04%
2025-07-06 - 06:26:17 - INFO: CAGR 4Y (EPS) (Ticker: KMI): 14.47 %
2025-07-06 - 06:26:17 - ERROR: Error calculating profitability growth metrics for CM: Cannot calculate CAGR. No Earnings Growth data available (Ticker: CM).
2025-07-06 - 06:26:17 - INFO: CAGR 4Y (Net Income) (Ticker: KMI): 13.57 %
2025-07-06 - 06:26:17 - ERROR: Cannot calculate CAGR. No Earnings Growth data available (Ticker: CM).
Traceback (most recent call last):
  File "StockFactorScreener.py", line 249, in calc_profitability_growth
  File "ProfitabilityCalculator.py", line 1004, in calc_cagr
ProfitabilityCalculator.CAGRCalcError: Cannot calculate CAGR. No Earnings Growth data available (Ticker: CM).
2025-07-06 - 06:26:17 - INFO: Dividend Yield (Ticker: KMI): 3.98 %
2025-07-06 - 06:26:17 - INFO: ROE (ttm) (Yahoo Finance) (Ticker: KMI): 8.45 %
2025-07-06 - 06:26:17 - INFO: EBIT/TEV (Ticker: KR): 5.92 %
2025-07-06 - 06:26:17 - INFO: P/B (Ticker: KR): 5.66
2025-07-06 - 06:26:17 - INFO: CFOA (ttm) (Ticker: RCL): 14.98 %
2025-07-06 - 06:26:17 - INFO: GPOA (Ticker: RCL): 21.13 %
2025-07-06 - 06:26:17 - INFO: GPMAR (Ticker: RCL): 47.52 %
2025-07-06 - 06:26:17 - INFO: Profit Margin (Ticker: RCL): 19.38 %
2025-07-06 - 06:26:18 - INFO: Sector: Consumer Cyclical
2025-07-06 - 06:26:18 - INFO: Industry: Travel Services
2025-07-06 - 06:26:18 - INFO: Fetched Earnings data (EPS) for 4 years period (Ticker: KR).
2025-07-06 - 06:26:18 - INFO: ROE - Calc (Ticker: KMI): 8.48 %
2025-07-06 - 06:26:18 - INFO: EPS (latest) (Ticker: KR): 3.7
2025-07-06 - 06:26:18 - INFO: EBIT/TEV (Ticker: RBLX): -1.47 %
2025-07-06 - 06:26:18 - INFO: ROE - MSCI (Ticker: KMI): 8.8 %
2025-07-06 - 06:26:18 - INFO: Fetched Earnings data (Net Income) for 4 years period (Ticker: KR).
2025-07-06 - 06:26:18 - INFO: P/B (Ticker: RBLX): 226.18
2025-07-06 - 06:26:18 - INFO: ROA (ttm) (Yahoo Finance) (Ticker: KMI): 3.73 %
2025-07-06 - 06:26:18 - INFO: Calculating Earnings Variability (EVAR) using EPS over 3 year period (Ticker: KR).
2025-07-06 - 06:26:18 - INFO: ROA - Calc (Ticker: KMI): 3.66 %
2025-07-06 - 06:26:18 - INFO: EVAR 4Y (EPS) (Ticker: KR): 22.42%
2025-07-06 - 06:26:18 - INFO: Calculating Earnings Variability (EVAR) using Net Income over 3 year period (Ticker: KR).
2025-07-06 - 06:26:18 - INFO: EVAR 4Y (Net Income) (Ticker: KR): 20.01%
2025-07-06 - 06:26:18 - INFO: CAGR 4Y (EPS) (Ticker: KR): 18.92 %
2025-07-06 - 06:26:18 - INFO: CAGR 4Y (Net Income) (Ticker: KR): 17.21 %
2025-07-06 - 06:26:18 - INFO: Dividend Yield (Ticker: KR): 1.95 %
2025-07-06 - 06:26:18 - INFO: ROE (ttm) (Yahoo Finance) (Ticker: KR): 24.24 %
2025-07-06 - 06:26:18 - INFO: Fetched Earnings data (EPS) for 4 years period (Ticker: RBLX).
2025-07-06 - 06:26:18 - INFO: EPS (latest) (Ticker: RBLX): -1.87
2025-07-06 - 06:26:18 - INFO: CFOA (annual) (Ticker: KMI): 7.89 %
2025-07-06 - 06:26:18 - INFO: Fetched Earnings data (Net Income) for 4 years period (Ticker: RBLX).
2025-07-06 - 06:26:18 - INFO: ROE - Calc (Ticker: KR): 24.11 %
2025-07-06 - 06:26:18 - INFO: Calculating Earnings Variability (EVAR) using EPS over 3 year period (Ticker: RBLX).
2025-07-06 - 06:26:18 - INFO: ROE - MSCI (Ticker: KR): 30.32 %
2025-07-06 - 06:26:18 - INFO: ---------------------- DOL.TO ----------------------
2025-07-06 - 06:26:18 - INFO: EVAR 4Y (EPS) (Ticker: RBLX): 42.13%
2025-07-06 - 06:26:18 - INFO: ROA (ttm) (Yahoo Finance) (Ticker: KR): 5.92 %
2025-07-06 - 06:26:18 - INFO: P/E (Forward) (Ticker: DOL.TO): 41.88
2025-07-06 - 06:26:18 - INFO: Calculating Earnings Variability (EVAR) using Net Income over 3 year period (Ticker: RBLX).
2025-07-06 - 06:26:18 - INFO: EVAR 4Y (Net Income) (Ticker: RBLX): 53.72%
2025-07-06 - 06:26:18 - INFO: CAGR 4Y (EPS) (Ticker: RBLX): -58.06 %
2025-07-06 - 06:26:18 - INFO: ROA - Calc (Ticker: KR): 5.06 %
2025-07-06 - 06:26:18 - INFO: ---------------------- CAH ----------------------
2025-07-06 - 06:26:18 - INFO: P/E (Trailing) (Ticker: DOL.TO): 43.7
2025-07-06 - 06:26:18 - INFO: CAGR 4Y (Net Income) (Ticker: RBLX): -23.91 %
2025-07-06 - 06:26:18 - INFO: P/E (Forward) (Ticker: CAH): 19.09
2025-07-06 - 06:26:18 - INFO: ---------------------- JCI ----------------------
2025-07-06 - 06:26:18 - INFO: Dividend Yield (Ticker: RBLX): N/A
2025-07-06 - 06:26:18 - INFO: P/E (Trailing) (Ticker: CAH): 25.85
2025-07-06 - 06:26:18 - INFO: P/E (Forward) (Ticker: JCI): 25.47
2025-07-06 - 06:26:18 - INFO: ROE (ttm) (Yahoo Finance) (Ticker: RBLX): -492.67 %
2025-07-06 - 06:26:18 - INFO: P/E (Trailing) (Ticker: JCI): 32.24
2025-07-06 - 06:26:18 - INFO: CFOA (ttm) (Ticker: KMI): 7.86 %
2025-07-06 - 06:26:18 - INFO: GPOA (Ticker: KMI): 11.78 %
2025-07-06 - 06:26:18 - INFO: GPMAR (Ticker: KMI): 55.69 %
2025-07-06 - 06:26:18 - INFO: Profit Margin (Ticker: KMI): 16.67 %
2025-07-06 - 06:26:19 - INFO: ---------------------- WPM ----------------------
2025-07-06 - 06:26:19 - INFO: Sector: Energy
2025-07-06 - 06:26:19 - INFO: P/E (Forward) (Ticker: WPM): 51.16
2025-07-06 - 06:26:19 - INFO: Industry: Oil & Gas Midstream
2025-07-06 - 06:26:19 - INFO: CFOA (annual) (Ticker: KR): 11.01 %
2025-07-06 - 06:26:19 - INFO: P/E (Trailing) (Ticker: WPM): 66.59
2025-07-06 - 06:26:19 - INFO: ROE - Calc (Ticker: RBLX): -460.30 %
2025-07-06 - 06:26:19 - INFO: ROE - MSCI (Ticker: RBLX): -259.93 %
2025-07-06 - 06:26:19 - INFO: ROA (ttm) (Yahoo Finance) (Ticker: RBLX): -9.06 %
2025-07-06 - 06:26:19 - INFO: ROA - Calc (Ticker: RBLX): -13.04 %
2025-07-06 - 06:26:19 - INFO: EBIT/TEV (Ticker: CAH): 5.2 %
2025-07-06 - 06:26:19 - INFO: P/B (Ticker: CAH): -13.37
2025-07-06 - 06:26:19 - INFO: CFOA (annual) (Ticker: RBLX): 11.46 %
2025-07-06 - 06:26:19 - INFO: EBIT/TEV (Ticker: JCI): 4.0 %
2025-07-06 - 06:26:19 - INFO: EBIT/TEV (Ticker: DOL.TO): 2.84 %
2025-07-06 - 06:26:19 - ERROR: Error calculating CFOA (ttm) (Ticker: KR): Error occurred while calculcating CFOA TTM (Ticker: KR): Cannot calculate CFOA TTM (Ticker: KR): The latest quarter dates for Cash Flow from Operating Activities and Total Assets do not match. 
 Cash Flow from Operating Activities date: 2025-04-30 00:00:00, Total Assets date: 2025-05-31 00:00:00.!
2025-07-06 - 06:26:19 - INFO: P/B (Ticker: JCI): 4.44
2025-07-06 - 06:26:19 - INFO: P/B (Ticker: DOL.TO): 40.08
2025-07-06 - 06:26:19 - INFO: GPOA (Ticker: KR): 63.48 %
2025-07-06 - 06:26:19 - INFO: GPMAR (Ticker: KR): 22.7 %
2025-07-06 - 06:26:19 - INFO: Profit Margin (Ticker: KR): 1.76 %
2025-07-06 - 06:26:19 - INFO: Sector: Consumer Defensive
2025-07-06 - 06:26:19 - INFO: Industry: Grocery Stores
2025-07-06 - 06:26:20 - INFO: CFOA (ttm) (Ticker: RBLX): 14.79 %
2025-07-06 - 06:26:20 - INFO: GPOA (Ticker: RBLX): 39.04 %
2025-07-06 - 06:26:20 - INFO: GPMAR (Ticker: RBLX): 77.76 %
2025-07-06 - 06:26:20 - INFO: Profit Margin (Ticker: RBLX): -22.94 %
2025-07-06 - 06:26:20 - INFO: Sector: Communication Services
2025-07-06 - 06:26:20 - INFO: Industry: Electronic Gaming & Multimedia
2025-07-06 - 06:26:20 - INFO: Fetched Earnings data (EPS) for 4 years period (Ticker: CAH).
2025-07-06 - 06:26:20 - INFO: EPS (latest) (Ticker: CAH): 3.48
2025-07-06 - 06:26:20 - INFO: Fetched Earnings data (Net Income) for 4 years period (Ticker: CAH).
2025-07-06 - 06:26:20 - INFO: Calculating Earnings Variability (EVAR) using EPS over 3 year period (Ticker: CAH).
2025-07-06 - 06:26:20 - INFO: EBIT/TEV (Ticker: WPM): 2.16 %
2025-07-06 - 06:26:20 - INFO: EVAR 4Y (EPS) (Ticker: CAH): 266.0%
2025-07-06 - 06:26:20 - INFO: Fetched Earnings data (EPS) for 4 years period (Ticker: JCI).
2025-07-06 - 06:26:20 - INFO: P/B (Ticker: WPM): 5.5
2025-07-06 - 06:26:20 - INFO: Calculating Earnings Variability (EVAR) using Net Income over 3 year period (Ticker: CAH).
2025-07-06 - 06:26:20 - INFO: EPS (latest) (Ticker: JCI): 2.53
2025-07-06 - 06:26:20 - INFO: Fetched Earnings data (EPS) for 4 years period (Ticker: DOL.TO).
2025-07-06 - 06:26:20 - INFO: EVAR 4Y (Net Income) (Ticker: CAH): 231.34%
2025-07-06 - 06:26:20 - INFO: Fetched Earnings data (Net Income) for 4 years period (Ticker: JCI).
2025-07-06 - 06:26:20 - INFO: EPS (latest) (Ticker: DOL.TO): 4.18
2025-07-06 - 06:26:20 - INFO: ---------------------- VST ----------------------
2025-07-06 - 06:26:20 - INFO: CAGR 4Y (EPS) (Ticker: CAH): 18.53 %
2025-07-06 - 06:26:20 - INFO: Calculating Earnings Variability (EVAR) using EPS over 3 year period (Ticker: JCI).
2025-07-06 - 06:26:20 - INFO: Fetched Earnings data (Net Income) for 4 years period (Ticker: DOL.TO).
2025-07-06 - 06:26:20 - INFO: P/E (Forward) (Ticker: VST): 27.86
2025-07-06 - 06:26:20 - INFO: CAGR 4Y (Net Income) (Ticker: CAH): 11.72 %
2025-07-06 - 06:26:20 - INFO: EVAR 4Y (EPS) (Ticker: JCI): 15.36%
2025-07-06 - 06:26:20 - INFO: Calculating Earnings Variability (EVAR) using EPS over 3 year period (Ticker: DOL.TO).
2025-07-06 - 06:26:20 - INFO: P/E (Trailing) (Ticker: VST): 30.51
2025-07-06 - 06:26:20 - INFO: Dividend Yield (Ticker: CAH): 1.22 %
2025-07-06 - 06:26:20 - INFO: Calculating Earnings Variability (EVAR) using Net Income over 3 year period (Ticker: JCI).
2025-07-06 - 06:26:20 - INFO: EVAR 4Y (EPS) (Ticker: DOL.TO): 6.23%
2025-07-06 - 06:26:20 - INFO: ROE (ttm) (Yahoo Finance) (Ticker: CAH): N/A
2025-07-06 - 06:26:20 - INFO: EVAR 4Y (Net Income) (Ticker: JCI): 16.06%
2025-07-06 - 06:26:20 - INFO: Calculating Earnings Variability (EVAR) using Net Income over 3 year period (Ticker: DOL.TO).
2025-07-06 - 06:26:20 - INFO: CAGR 4Y (EPS) (Ticker: JCI): 3.08 %
2025-07-06 - 06:26:20 - INFO: EVAR 4Y (Net Income) (Ticker: DOL.TO): 5.18%
2025-07-06 - 06:26:20 - INFO: CAGR 4Y (Net Income) (Ticker: JCI): 1.37 %
2025-07-06 - 06:26:20 - INFO: CAGR 4Y (EPS) (Ticker: DOL.TO): 24.04 %
2025-07-06 - 06:26:20 - INFO: Dividend Yield (Ticker: JCI): 1.4 %
2025-07-06 - 06:26:20 - INFO: CAGR 4Y (Net Income) (Ticker: DOL.TO): 20.78 %
2025-07-06 - 06:26:20 - INFO: ROE (ttm) (Yahoo Finance) (Ticker: JCI): 13.14 %
2025-07-06 - 06:26:20 - INFO: Dividend Yield (Ticker: DOL.TO): 0.22 %
2025-07-06 - 06:26:20 - INFO: ROE (ttm) (Yahoo Finance) (Ticker: DOL.TO): 140.36 %
2025-07-06 - 06:26:20 - INFO: Fetched Earnings data (EPS) for 4 years period (Ticker: WPM).
2025-07-06 - 06:26:20 - INFO: EPS (latest) (Ticker: WPM): 1.17
2025-07-06 - 06:26:20 - INFO: Fetched Earnings data (Net Income) for 4 years period (Ticker: WPM).
2025-07-06 - 06:26:20 - INFO: Calculating Earnings Variability (EVAR) using EPS over 3 year period (Ticker: WPM).
2025-07-06 - 06:26:20 - INFO: ---------------------- IFC.TO ----------------------
2025-07-06 - 06:26:20 - INFO: EVAR 4Y (EPS) (Ticker: WPM): 9.12%
2025-07-06 - 06:26:20 - INFO: P/E (Forward) (Ticker: IFC.TO): 19.03
2025-07-06 - 06:26:20 - INFO: Calculating Earnings Variability (EVAR) using Net Income over 3 year period (Ticker: WPM).
2025-07-06 - 06:26:20 - INFO: ROE - Calc (Ticker: CAH): N/A
2025-07-06 - 06:26:20 - INFO: P/E (Trailing) (Ticker: IFC.TO): 25.19
2025-07-06 - 06:26:20 - INFO: EVAR 4Y (Net Income) (Ticker: WPM): 9.04%
2025-07-06 - 06:26:20 - INFO: ROE - MSCI (Ticker: CAH): -38.39 %
2025-07-06 - 06:26:20 - INFO: CAGR 4Y (EPS) (Ticker: WPM): -11.38 %
2025-07-06 - 06:26:20 - INFO: ROE - Calc (Ticker: DOL.TO): 140.36 %
2025-07-06 - 06:26:20 - INFO: ROE - Calc (Ticker: JCI): 15.92 %
2025-07-06 - 06:26:20 - INFO: ROA (ttm) (Yahoo Finance) (Ticker: CAH): 3.13 %
2025-07-06 - 06:26:20 - INFO: CAGR 4Y (Net Income) (Ticker: WPM): -11.17 %
2025-07-06 - 06:26:20 - INFO: ROE - MSCI (Ticker: DOL.TO): 78.95 %
2025-07-06 - 06:26:20 - INFO: ROE - MSCI (Ticker: JCI): 16.97 %
2025-07-06 - 06:26:21 - INFO: ROA - Calc (Ticker: CAH): 1.89 %
2025-07-06 - 06:26:21 - INFO: Dividend Yield (Ticker: WPM): 0.73 %
2025-07-06 - 06:26:21 - INFO: ROA (ttm) (Yahoo Finance) (Ticker: DOL.TO): 16.89 %
2025-07-06 - 06:26:21 - INFO: ROA (ttm) (Yahoo Finance) (Ticker: JCI): 4.84 %
2025-07-06 - 06:26:21 - INFO: ---------------------- VRSN ----------------------
2025-07-06 - 06:26:21 - INFO: ROE (ttm) (Yahoo Finance) (Ticker: WPM): 8.51 %
2025-07-06 - 06:26:21 - INFO: EBIT/TEV (Ticker: VST): 4.71 %
2025-07-06 - 06:26:21 - INFO: ROA - Calc (Ticker: DOL.TO): 18.03 %
2025-07-06 - 06:26:21 - INFO: ROA - Calc (Ticker: JCI): 3.99 %
2025-07-06 - 06:26:21 - INFO: P/E (Forward) (Ticker: VRSN): 33.1
2025-07-06 - 06:26:21 - INFO: P/B (Ticker: VST): 27.82
2025-07-06 - 06:26:21 - INFO: P/E (Trailing) (Ticker: VRSN): 34.96
2025-07-06 - 06:26:21 - INFO: CFOA (annual) (Ticker: CAH): 8.34 %
2025-07-06 - 06:26:21 - INFO: EBIT/TEV (Ticker: IFC.TO): 6.96 %
2025-07-06 - 06:26:21 - INFO: P/B (Ticker: IFC.TO): 3.19
2025-07-06 - 06:26:21 - INFO: CFOA (annual) (Ticker: JCI): 4.91 %
2025-07-06 - 06:26:21 - INFO: CFOA (annual) (Ticker: DOL.TO): 25.36 %
2025-07-06 - 06:26:21 - INFO: ROE - Calc (Ticker: WPM): 8.51 %
2025-07-06 - 06:26:21 - INFO: Fetched Earnings data (EPS) for 4 years period (Ticker: VST).
2025-07-06 - 06:26:21 - INFO: ROE - MSCI (Ticker: WPM): 9.32 %
2025-07-06 - 06:26:21 - INFO: EPS (latest) (Ticker: VST): 3.82
2025-07-06 - 06:26:21 - INFO: ROA (ttm) (Yahoo Finance) (Ticker: WPM): 6.4 %
2025-07-06 - 06:26:21 - INFO: Fetched Earnings data (Net Income) for 4 years period (Ticker: VST).
2025-07-06 - 06:26:21 - INFO: ROA - Calc (Ticker: WPM): 7.13 %
2025-07-06 - 06:26:21 - INFO: CFOA (ttm) (Ticker: CAH): 6.37 %
2025-07-06 - 06:26:21 - INFO: Calculating Earnings Variability (EVAR) using EPS over 3 year period (Ticker: VST).
2025-07-06 - 06:26:21 - INFO: Fetched Earnings data (EPS) for 4 years period (Ticker: IFC.TO).
2025-07-06 - 06:26:22 - INFO: EBIT/TEV (Ticker: VRSN): 3.82 %
2025-07-06 - 06:26:22 - INFO: CFOA (ttm) (Ticker: JCI): 7.96 %
2025-07-06 - 06:26:22 - INFO: CFOA (ttm) (Ticker: DOL.TO): 26.01 %
2025-07-06 - 06:26:22 - INFO: GPOA (Ticker: CAH): 16.43 %
2025-07-06 - 06:26:22 - INFO: EVAR 4Y (EPS) (Ticker: VST): 265.64%
2025-07-06 - 06:26:22 - INFO: EPS (latest) (Ticker: IFC.TO): 12.37
2025-07-06 - 06:26:22 - INFO: P/B (Ticker: VRSN): -13.63
2025-07-06 - 06:26:22 - INFO: GPOA (Ticker: JCI): 18.92 %
2025-07-06 - 06:26:22 - INFO: GPOA (Ticker: DOL.TO): 44.64 %
2025-07-06 - 06:26:22 - INFO: GPMAR (Ticker: CAH): 3.27 %
2025-07-06 - 06:26:22 - INFO: Calculating Earnings Variability (EVAR) using Net Income over 3 year period (Ticker: VST).
2025-07-06 - 06:26:22 - INFO: Fetched Earnings data (Net Income) for 4 years period (Ticker: IFC.TO).
2025-07-06 - 06:26:22 - INFO: GPMAR (Ticker: JCI): 35.19 %
2025-07-06 - 06:26:22 - INFO: GPMAR (Ticker: DOL.TO): 45.12 %
2025-07-06 - 06:26:22 - INFO: Profit Margin (Ticker: CAH): 0.7 %
2025-07-06 - 06:26:22 - INFO: EVAR 4Y (Net Income) (Ticker: VST): 110.81%
2025-07-06 - 06:26:22 - INFO: Calculating Earnings Variability (EVAR) using EPS over 3 year period (Ticker: IFC.TO).
2025-07-06 - 06:26:22 - INFO: Profit Margin (Ticker: JCI): 10.78 %
2025-07-06 - 06:26:22 - INFO: Profit Margin (Ticker: DOL.TO): 18.79 %
2025-07-06 - 06:26:22 - INFO: Sector: Healthcare
2025-07-06 - 06:26:22 - INFO: CAGR 4Y (EPS) (Ticker: VST): 43.25 %
2025-07-06 - 06:26:22 - INFO: EVAR 4Y (EPS) (Ticker: IFC.TO): 62.89%
2025-07-06 - 06:26:22 - INFO: Sector: Industrials
2025-07-06 - 06:26:22 - INFO: Sector: Consumer Defensive
2025-07-06 - 06:26:22 - INFO: Industry: Medical Distribution
2025-07-06 - 06:26:22 - INFO: CAGR 4Y (Net Income) (Ticker: VST): 59.88 %
2025-07-06 - 06:26:22 - INFO: Calculating Earnings Variability (EVAR) using Net Income over 3 year period (Ticker: IFC.TO).
2025-07-06 - 06:26:22 - INFO: Industry: Building Products & Equipment
2025-07-06 - 06:26:22 - INFO: Industry: Discount Stores
2025-07-06 - 06:26:22 - INFO: Dividend Yield (Ticker: VST): 0.46 %
2025-07-06 - 06:26:22 - INFO: EVAR 4Y (Net Income) (Ticker: IFC.TO): 60.52%
2025-07-06 - 06:26:22 - INFO: ROE (ttm) (Yahoo Finance) (Ticker: VST): 41.68 %
2025-07-06 - 06:26:22 - INFO: CAGR 4Y (EPS) (Ticker: IFC.TO): -0.08 %
2025-07-06 - 06:26:22 - INFO: CAGR 4Y (Net Income) (Ticker: IFC.TO): 3.58 %
2025-07-06 - 06:26:22 - INFO: Dividend Yield (Ticker: IFC.TO): 1.68 %
2025-07-06 - 06:26:22 - INFO: ROE (ttm) (Yahoo Finance) (Ticker: IFC.TO): 12.92 %
2025-07-06 - 06:26:22 - INFO: CFOA (annual) (Ticker: WPM): 13.84 %
2025-07-06 - 06:26:22 - INFO: Fetched Earnings data (EPS) for 4 years period (Ticker: VRSN).
2025-07-06 - 06:26:22 - INFO: EPS (latest) (Ticker: VRSN): 8.01
2025-07-06 - 06:26:22 - INFO: Fetched Earnings data (Net Income) for 4 years period (Ticker: VRSN).
2025-07-06 - 06:26:22 - INFO: Calculating Earnings Variability (EVAR) using EPS over 3 year period (Ticker: VRSN).
2025-07-06 - 06:26:22 - INFO: EVAR 4Y (EPS) (Ticker: VRSN): 19.26%
2025-07-06 - 06:26:22 - INFO: Calculating Earnings Variability (EVAR) using Net Income over 3 year period (Ticker: VRSN).
2025-07-06 - 06:26:22 - INFO: EVAR 4Y (Net Income) (Ticker: VRSN): 18.26%
2025-07-06 - 06:26:22 - INFO: ROE - Calc (Ticker: IFC.TO): 12.95 %
2025-07-06 - 06:26:22 - INFO: CAGR 4Y (EPS) (Ticker: VRSN): 4.55 %
2025-07-06 - 06:26:22 - INFO: ROE - MSCI (Ticker: IFC.TO): 11.88 %
2025-07-06 - 06:26:22 - INFO: CAGR 4Y (Net Income) (Ticker: VRSN): 0.04 %
2025-07-06 - 06:26:22 - INFO: ROA (ttm) (Yahoo Finance) (Ticker: IFC.TO): 3.37 %
2025-07-06 - 06:26:22 - INFO: Dividend Yield (Ticker: VRSN): 1.07 %
2025-07-06 - 06:26:22 - INFO: ROA - Calc (Ticker: IFC.TO): 3.86 %
2025-07-06 - 06:26:22 - INFO: ROE (ttm) (Yahoo Finance) (Ticker: VRSN): N/A
2025-07-06 - 06:26:22 - INFO: ROE - Calc (Ticker: VST): 46.29 %
2025-07-06 - 06:26:22 - INFO: ROE - MSCI (Ticker: VST): 38.27 %
2025-07-06 - 06:26:22 - INFO: CFOA (ttm) (Ticker: WPM): 15.69 %
2025-07-06 - 06:26:22 - INFO: ROA (ttm) (Yahoo Finance) (Ticker: VST): 6.3 %
2025-07-06 - 06:26:22 - INFO: GPOA (Ticker: WPM): 10.81 %
2025-07-06 - 06:26:22 - INFO: ROA - Calc (Ticker: VST): 7.04 %
2025-07-06 - 06:26:22 - INFO: GPMAR (Ticker: WPM): 62.48 %
2025-07-06 - 06:26:22 - INFO: Profit Margin (Ticker: WPM): 42.45 %
2025-07-06 - 06:26:22 - INFO: Sector: Basic Materials
2025-07-06 - 06:26:22 - INFO: Industry: Gold
2025-07-06 - 06:26:22 - ERROR: Invalid Stock Ticker Symbol: EOAN
2025-07-06 - 06:26:22 - ERROR: Skipping Stock Analysis for EOAN.
2025-07-06 - 06:26:22 - INFO: CFOA (annual) (Ticker: IFC.TO): 5.69 %
2025-07-06 - 06:26:22 - INFO: ---------------------- USD ----------------------
2025-07-06 - 06:26:22 - INFO: CFOA (annual) (Ticker: VST): 12.08 %
2025-07-06 - 06:26:22 - INFO: P/E (Forward) (Ticker: USD): N/A
2025-07-06 - 06:26:22 - INFO: ROE - Calc (Ticker: VRSN): N/A
2025-07-06 - 06:26:22 - INFO: P/E (Trailing) (Ticker: USD): 48.94
2025-07-06 - 06:26:22 - INFO: ROE - MSCI (Ticker: VRSN): -38.9 %
2025-07-06 - 06:26:23 - INFO: ---------------------- 8766.T ----------------------
2025-07-06 - 06:26:23 - INFO: ROA (ttm) (Yahoo Finance) (Ticker: VRSN): 42.14 %
2025-07-06 - 06:26:23 - INFO: P/E (Forward) (Ticker: 8766.T): 11.97
2025-07-06 - 06:26:23 - INFO: ROA - Calc (Ticker: VRSN): 55.86 %
2025-07-06 - 06:26:23 - INFO: P/E (Trailing) (Ticker: 8766.T): 10.88
2025-07-06 - 06:26:23 - INFO: CFOA (ttm) (Ticker: IFC.TO): 6.26 %
2025-07-06 - 06:26:23 - ERROR: Invalid Stock Ticker Symbol: HO
2025-07-06 - 06:26:23 - ERROR: Skipping Stock Analysis for HO.
2025-07-06 - 06:26:23 - INFO: CFOA (annual) (Ticker: VRSN): 64.17 %
2025-07-06 - 06:26:23 - INFO: CFOA (ttm) (Ticker: VST): 12.68 %
2025-07-06 - 06:26:23 - INFO: GPOA (Ticker: VST): 19.92 %
2025-07-06 - 06:26:23 - INFO: GPMAR (Ticker: VST): 43.69 %
2025-07-06 - 06:26:23 - ERROR: Error while calculating EBIT/TEV ratio (Ticker: USD): No Income Statement (annual) data found (Ticker: USD). Cannot calculate EBIT/TEV ratio!
2025-07-06 - 06:26:23 - INFO: Profit Margin (Ticker: VST): 13.4 %
2025-07-06 - 06:26:23 - ERROR: No Income Statement (annual) data found (Ticker: USD). Cannot calculate EBIT/TEV ratio!
Traceback (most recent call last):
  File "ValueMetrics.py", line 540, in calc_ebit_to_tev
  File "ValueMetrics.py", line 91, in get_operating_income_ttm
ValueMetrics.OperatingIncomeError: No Income Statement (quarterly) data found (Ticker: USD). Cannot calculate EBIT/TEV ratio!

During handling of the above exception, another exception occurred:

Traceback (most recent call last):
  File "StockFactorScreener.py", line 217, in get_ebit_to_tev
  File "ValueMetrics.py", line 562, in calc_ebit_to_tev
  File "ValueMetrics.py", line 161, in get_operating_income_annual
ValueMetrics.OperatingIncomeError: No Income Statement (annual) data found (Ticker: USD). Cannot calculate EBIT/TEV ratio!
2025-07-06 - 06:26:23 - INFO: Sector: Utilities
2025-07-06 - 06:26:23 - INFO: EBIT/TEV (Ticker: USD): N/A
2025-07-06 - 06:26:23 - INFO: Industry: Utilities - Independent Power Producers
2025-07-06 - 06:26:23 - INFO: P/B (Ticker: USD): None
2025-07-06 - 06:26:23 - ERROR: Unhandled error analyzing stock (Ticker: USD)
2025-07-06 - 06:26:23 - ERROR: Error fetching Earnings (USD): No Annual Income Statement data found on Yahoo Finance (Ticker: USD).
Traceback (most recent call last):
  File "EarningsEngine.py", line 151, in get_earnings
EarningsEngine.NetIncomeCalcError: No Annual Income Statement data found on Yahoo Finance (Ticker: USD).

The above exception was the direct cause of the following exception:

Traceback (most recent call last):
  File "StockFactorScreener.py", line 437, in analyze_stock
  File "EarningsEngine.py", line 318, in get_earnings
EarningsEngine.NetIncomeCalcError: Error fetching Earnings (USD): No Annual Income Statement data found on Yahoo Finance (Ticker: USD).
2025-07-06 - 06:26:23 - INFO: GPOA (Ticker: IFC.TO): None %
2025-07-06 - 06:26:23 - INFO: GPMAR (Ticker: IFC.TO): None %
2025-07-06 - 06:26:23 - ERROR: Error calculating GPOA and GPMAR TTM (Ticker: IFC.TO): Cannot calculate GPOA (Ticker: IFC.TO): 'Gross Profit' data is missing in the Income Statement.
2025-07-06 - 06:26:23 - INFO: Profit Margin (Ticker: IFC.TO): 7.89 %
2025-07-06 - 06:26:23 - INFO: Sector: Financial Services
2025-07-06 - 06:26:23 - INFO: Industry: Insurance - Property & Casualty
2025-07-06 - 06:26:23 - ERROR: Error calculating profitability growth metrics for IFC.TO: Cannot calculate CAGR. No Earnings Growth data available (Ticker: IFC.TO).
2025-07-06 - 06:26:23 - ERROR: Cannot calculate CAGR. No Earnings Growth data available (Ticker: IFC.TO).
Traceback (most recent call last):
  File "StockFactorScreener.py", line 249, in calc_profitability_growth
  File "ProfitabilityCalculator.py", line 1004, in calc_cagr
ProfitabilityCalculator.CAGRCalcError: Cannot calculate CAGR. No Earnings Growth data available (Ticker: IFC.TO).
2025-07-06 - 06:26:23 - INFO: CFOA (ttm) (Ticker: VRSN): 64.36 %
2025-07-06 - 06:26:23 - INFO: GPOA (Ticker: VRSN): 97.12 %
2025-07-06 - 06:26:23 - INFO: GPMAR (Ticker: VRSN): 87.71 %
2025-07-06 - 06:26:23 - INFO: Profit Margin (Ticker: VRSN): 50.2 %
2025-07-06 - 06:26:23 - INFO: Sector: Technology
2025-07-06 - 06:26:23 - INFO: Industry: Software - Infrastructure
2025-07-06 - 06:26:23 - ERROR: Invalid Stock Ticker Symbol: AD
2025-07-06 - 06:26:23 - ERROR: Skipping Stock Analysis for AD.
2025-07-06 - 06:26:23 - INFO: EBIT/TEV (Ticker: 8766.T): 5.24 %
2025-07-06 - 06:26:23 - INFO: P/B (Ticker: 8766.T): 2.23
2025-07-06 - 06:26:23 - INFO: Fetched Earnings data (EPS) for 4 years period (Ticker: 8766.T).
2025-07-06 - 06:26:23 - INFO: EPS (latest) (Ticker: 8766.T): 542.16
2025-07-06 - 06:26:23 - INFO: Fetched Earnings data (Net Income) for 4 years period (Ticker: 8766.T).
2025-07-06 - 06:26:23 - INFO: Calculating Earnings Variability (EVAR) using EPS over 3 year period (Ticker: 8766.T).
2025-07-06 - 06:26:23 - INFO: EVAR 4Y (EPS) (Ticker: 8766.T): 49.41%
2025-07-06 - 06:26:23 - INFO: ---------------------- TRV ----------------------
2025-07-06 - 06:26:23 - INFO: Calculating Earnings Variability (EVAR) using Net Income over 3 year period (Ticker: 8766.T).
2025-07-06 - 06:26:23 - INFO: P/E (Forward) (Ticker: TRV): 12.43
2025-07-06 - 06:26:23 - ERROR: Invalid Stock Ticker Symbol: 6701
2025-07-06 - 06:26:23 - ERROR: Invalid Stock Ticker Symbol: 9434
2025-07-06 - 06:26:23 - INFO: EVAR 4Y (Net Income) (Ticker: 8766.T): 49.02%
2025-07-06 - 06:26:23 - INFO: P/E (Trailing) (Ticker: TRV): 14.39
2025-07-06 - 06:26:23 - ERROR: Skipping Stock Analysis for 6701.
2025-07-06 - 06:26:23 - ERROR: Invalid Stock Ticker Symbol: LDO
2025-07-06 - 06:26:23 - ERROR: Skipping Stock Analysis for 9434.
2025-07-06 - 06:26:23 - INFO: CAGR 4Y (EPS) (Ticker: 8766.T): 38.41 %
2025-07-06 - 06:26:23 - ERROR: Skipping Stock Analysis for LDO.
2025-07-06 - 06:26:23 - INFO: CAGR 4Y (Net Income) (Ticker: 8766.T): 35.9 %
2025-07-06 - 06:26:23 - INFO: Dividend Yield (Ticker: 8766.T): 3.44 %
2025-07-06 - 06:26:23 - INFO: ROE (ttm) (Yahoo Finance) (Ticker: 8766.T): 20.49 %
2025-07-06 - 06:26:24 - ERROR: Invalid Stock Ticker Symbol: FFH
2025-07-06 - 06:26:24 - ERROR: Skipping Stock Analysis for FFH.
2025-07-06 - 06:26:24 - ERROR: Error calculating ROE (ttm) (Ticker: 8766.T): Cannot calculate ROE (Ticker: 8766.T): An error occurred: Cannot calculate Net Income TTM! Not enough Net Income Quarterly data is available (Ticker: 8766.T). 
 Data for at least 4 quarters is required .
2025-07-06 - 06:26:24 - ERROR: Unhandled error analyzing stock (Ticker: 8766.T)
2025-07-06 - 06:26:24 - ERROR: Cannot calculate Trailing EPS! Not enough EPS data for the last 4 quarters (Ticker: 8766.T).
Traceback (most recent call last):
  File "StockFactorScreener.py", line 605, in analyze_stock
  File "ProfitabilityCalculator.py", line 304, in calc_roe_msci
  File "EarningsEngine.py", line 351, in calc_eps_ttm
EarningsEngine.EPSCalcError: Cannot calculate Trailing EPS! Not enough EPS data for the last 4 quarters (Ticker: 8766.T).
2025-07-06 - 06:26:24 - ERROR: Invalid Stock Ticker Symbol: LUMI
2025-07-06 - 06:26:24 - ERROR: Skipping Stock Analysis for LUMI.
2025-07-06 - 06:26:24 - INFO: ---------------------- AEP ----------------------
2025-07-06 - 06:26:24 - INFO: P/E (Forward) (Ticker: AEP): 17.63
2025-07-06 - 06:26:24 - INFO: P/E (Trailing) (Ticker: AEP): 20.05
2025-07-06 - 06:26:24 - INFO: ---------------------- MFC ----------------------
2025-07-06 - 06:26:24 - INFO: P/E (Forward) (Ticker: MFC): 10.81
2025-07-06 - 06:26:24 - INFO: EBIT/TEV (Ticker: TRV): -23.15 %
2025-07-06 - 06:26:24 - INFO: P/E (Trailing) (Ticker: MFC): 16.43
2025-07-06 - 06:26:24 - INFO: P/B (Ticker: TRV): 2.12
2025-07-06 - 06:26:24 - INFO: ---------------------- MSI ----------------------
2025-07-06 - 06:26:24 - INFO: P/E (Forward) (Ticker: MSI): 28.92
2025-07-06 - 06:26:24 - INFO: P/E (Trailing) (Ticker: MSI): 35.46
2025-07-06 - 06:26:24 - INFO: ---------------------- G ----------------------
2025-07-06 - 06:26:24 - INFO: P/E (Forward) (Ticker: G): 13.31
2025-07-06 - 06:26:24 - INFO: P/E (Trailing) (Ticker: G): 15.62
2025-07-06 - 06:26:24 - INFO: Fetched Earnings data (EPS) for 4 years period (Ticker: TRV).
2025-07-06 - 06:26:24 - INFO: EPS (latest) (Ticker: TRV): 21.76
2025-07-06 - 06:26:24 - INFO: Fetched Earnings data (Net Income) for 4 years period (Ticker: TRV).
2025-07-06 - 06:26:24 - INFO: Calculating Earnings Variability (EVAR) using EPS over 3 year period (Ticker: TRV).
2025-07-06 - 06:26:24 - INFO: EVAR 4Y (EPS) (Ticker: TRV): 44.45%
2025-07-06 - 06:26:24 - INFO: Calculating Earnings Variability (EVAR) using Net Income over 3 year period (Ticker: TRV).
2025-07-06 - 06:26:24 - INFO: EVAR 4Y (Net Income) (Ticker: TRV): 45.84%
2025-07-06 - 06:26:24 - INFO: CAGR 4Y (EPS) (Ticker: TRV): 14.15 %
2025-07-06 - 06:26:24 - INFO: CAGR 4Y (Net Income) (Ticker: TRV): 10.93 %
2025-07-06 - 06:26:24 - INFO: Dividend Yield (Ticker: TRV): 1.64 %
2025-07-06 - 06:26:24 - INFO: ROE (ttm) (Yahoo Finance) (Ticker: TRV): 16.05 %
2025-07-06 - 06:26:24 - INFO: ---------------------- AFL ----------------------
2025-07-06 - 06:26:24 - INFO: P/E (Forward) (Ticker: AFL): 14.58
2025-07-06 - 06:26:24 - INFO: P/E (Trailing) (Ticker: AFL): 16.26
2025-07-06 - 06:26:24 - INFO: ROE - Calc (Ticker: TRV): 16.05 %
2025-07-06 - 06:26:25 - INFO: ROE - MSCI (Ticker: TRV): 15.0 %
2025-07-06 - 06:26:25 - INFO: EBIT/TEV (Ticker: AEP): 4.47 %
2025-07-06 - 06:26:25 - INFO: ROA (ttm) (Yahoo Finance) (Ticker: TRV): 2.69 %
2025-07-06 - 06:26:25 - INFO: P/B (Ticker: AEP): 2.03
2025-07-06 - 06:26:25 - INFO: ROA - Calc (Ticker: TRV): 3.75 %
2025-07-06 - 06:26:25 - INFO: EBIT/TEV (Ticker: MFC): 15.11 %
2025-07-06 - 06:26:25 - INFO: EBIT/TEV (Ticker: MSI): 3.62 %
2025-07-06 - 06:26:25 - INFO: P/B (Ticker: MFC): 1.11
2025-07-06 - 06:26:25 - INFO: P/B (Ticker: MSI): 43.21
2025-07-06 - 06:26:25 - INFO: ---------------------- ETR ----------------------
2025-07-06 - 06:26:25 - INFO: P/E (Forward) (Ticker: ETR): 10.58
2025-07-06 - 06:26:25 - INFO: P/E (Trailing) (Ticker: ETR): 26.51
2025-07-06 - 06:26:25 - INFO: EBIT/TEV (Ticker: G): 8.14 %
2025-07-06 - 06:26:25 - INFO: P/B (Ticker: G): 3.27
2025-07-06 - 06:26:25 - INFO: CFOA (annual) (Ticker: TRV): 6.81 %
2025-07-06 - 06:26:25 - INFO: Fetched Earnings data (EPS) for 4 years period (Ticker: AEP).
2025-07-06 - 06:26:25 - INFO: EBIT/TEV (Ticker: AFL): -54.06 %
2025-07-06 - 06:26:25 - INFO: EPS (latest) (Ticker: AEP): 5.6
2025-07-06 - 06:26:25 - INFO: P/B (Ticker: AFL): 2.15
2025-07-06 - 06:26:25 - INFO: Fetched Earnings data (Net Income) for 4 years period (Ticker: AEP).
2025-07-06 - 06:26:25 - INFO: Fetched Earnings data (EPS) for 4 years period (Ticker: MFC).
2025-07-06 - 06:26:25 - INFO: Calculating Earnings Variability (EVAR) using EPS over 3 year period (Ticker: AEP).
2025-07-06 - 06:26:25 - INFO: EPS (latest) (Ticker: MFC): 2.85
2025-07-06 - 06:26:25 - INFO: EVAR 4Y (EPS) (Ticker: AEP): 22.51%
2025-07-06 - 06:26:25 - INFO: Fetched Earnings data (EPS) for 4 years period (Ticker: G).
2025-07-06 - 06:26:25 - INFO: Fetched Earnings data (Net Income) for 4 years period (Ticker: MFC).
2025-07-06 - 06:26:25 - INFO: Calculating Earnings Variability (EVAR) using Net Income over 3 year period (Ticker: AEP).
2025-07-06 - 06:26:25 - INFO: EPS (latest) (Ticker: G): 3.46
2025-07-06 - 06:26:25 - INFO: Calculating Earnings Variability (EVAR) using EPS over 3 year period (Ticker: MFC).
2025-07-06 - 06:26:25 - INFO: EVAR 4Y (Net Income) (Ticker: AEP): 23.23%
2025-07-06 - 06:26:25 - INFO: Fetched Earnings data (Net Income) for 4 years period (Ticker: G).
2025-07-06 - 06:26:25 - INFO: EVAR 4Y (EPS) (Ticker: MFC): 20.38%
2025-07-06 - 06:26:25 - INFO: CAGR 4Y (EPS) (Ticker: AEP): 4.06 %
2025-07-06 - 06:26:25 - INFO: Calculating Earnings Variability (EVAR) using EPS over 3 year period (Ticker: G).
2025-07-06 - 06:26:25 - INFO: Calculating Earnings Variability (EVAR) using Net Income over 3 year period (Ticker: MFC).
2025-07-06 - 06:26:25 - INFO: CAGR 4Y (Net Income) (Ticker: AEP): 6.04 %
2025-07-06 - 06:26:25 - INFO: EVAR 4Y (EPS) (Ticker: G): 42.55%
2025-07-06 - 06:26:25 - INFO: EVAR 4Y (Net Income) (Ticker: MFC): 254.09%
2025-07-06 - 06:26:25 - INFO: Dividend Yield (Ticker: AEP): 3.59 %
2025-07-06 - 06:26:25 - INFO: Calculating Earnings Variability (EVAR) using Net Income over 3 year period (Ticker: G).
2025-07-06 - 06:26:25 - INFO: CAGR 4Y (EPS) (Ticker: MFC): -7.06 %
2025-07-06 - 06:26:25 - INFO: ROE (ttm) (Yahoo Finance) (Ticker: AEP): 10.42 %
2025-07-06 - 06:26:25 - INFO: EVAR 4Y (Net Income) (Ticker: G): 52.51%
2025-07-06 - 06:26:25 - INFO: CAGR 4Y (Net Income) (Ticker: MFC): -5.43 %
2025-07-06 - 06:26:25 - INFO: CAGR 4Y (EPS) (Ticker: G): 28.78 %
2025-07-06 - 06:26:25 - INFO: Dividend Yield (Ticker: MFC): 4.02 %
2025-07-06 - 06:26:25 - INFO: CAGR 4Y (Net Income) (Ticker: G): 11.61 %
2025-07-06 - 06:26:25 - INFO: ROE (ttm) (Yahoo Finance) (Ticker: MFC): 10.73 %
2025-07-06 - 06:26:25 - INFO: Dividend Yield (Ticker: G): 1.55 %
2025-07-06 - 06:26:25 - INFO: ROE (ttm) (Yahoo Finance) (Ticker: G): 22.21 %
2025-07-06 - 06:26:25 - INFO: Fetched Earnings data (EPS) for 4 years period (Ticker: MSI).
2025-07-06 - 06:26:25 - INFO: Fetched Earnings data (EPS) for 4 years period (Ticker: AFL).
2025-07-06 - 06:26:25 - INFO: EPS (latest) (Ticker: MSI): 9.45
2025-07-06 - 06:26:25 - INFO: EPS (latest) (Ticker: AFL): 9.68
2025-07-06 - 06:26:25 - INFO: Fetched Earnings data (Net Income) for 4 years period (Ticker: MSI).
2025-07-06 - 06:26:25 - INFO: Fetched Earnings data (Net Income) for 4 years period (Ticker: AFL).
2025-07-06 - 06:26:25 - INFO: Calculating Earnings Variability (EVAR) using EPS over 3 year period (Ticker: MSI).
2025-07-06 - 06:26:26 - INFO: ROE - Calc (Ticker: MFC): 10.51 %
2025-07-06 - 06:26:26 - INFO: Calculating Earnings Variability (EVAR) using EPS over 3 year period (Ticker: AFL).
2025-07-06 - 06:26:26 - INFO: CFOA (ttm) (Ticker: TRV): 6.74 %
2025-07-06 - 06:26:26 - INFO: EBIT/TEV (Ticker: ETR): 4.68 %
2025-07-06 - 06:26:26 - INFO: EVAR 4Y (EPS) (Ticker: MSI): 16.67%
2025-07-06 - 06:26:26 - INFO: ROE - Calc (Ticker: G): 22.21 %
2025-07-06 - 06:26:26 - INFO: ROE - MSCI (Ticker: MFC): 7.59 %
2025-07-06 - 06:26:26 - INFO: EVAR 4Y (EPS) (Ticker: AFL): 8.1%
2025-07-06 - 06:26:26 - INFO: P/B (Ticker: ETR): 2.32
2025-07-06 - 06:26:26 - INFO: ROE - Calc (Ticker: AEP): 10.41 %
2025-07-06 - 06:26:26 - INFO: Calculating Earnings Variability (EVAR) using Net Income over 3 year period (Ticker: MSI).
2025-07-06 - 06:26:26 - INFO: ROE - MSCI (Ticker: G): 21.32 %
2025-07-06 - 06:26:26 - INFO: ROA (ttm) (Yahoo Finance) (Ticker: MFC): 0.55 %
2025-07-06 - 06:26:26 - INFO: Calculating Earnings Variability (EVAR) using Net Income over 3 year period (Ticker: AFL).
2025-07-06 - 06:26:26 - INFO: ROE - MSCI (Ticker: AEP): 11.46 %
2025-07-06 - 06:26:26 - INFO: EVAR 4Y (Net Income) (Ticker: MSI): 16.56%
2025-07-06 - 06:26:26 - INFO: ROA (ttm) (Yahoo Finance) (Ticker: G): 9.38 %
2025-07-06 - 06:26:26 - INFO: ROA - Calc (Ticker: MFC): 0.58 %
2025-07-06 - 06:26:26 - INFO: EVAR 4Y (Net Income) (Ticker: AFL): 6.88%
2025-07-06 - 06:26:26 - INFO: ROA (ttm) (Yahoo Finance) (Ticker: AEP): 2.89 %
2025-07-06 - 06:26:26 - INFO: CAGR 4Y (EPS) (Ticker: MSI): 8.69 %
2025-07-06 - 06:26:26 - INFO: ROA - Calc (Ticker: G): 10.30 %
2025-07-06 - 06:26:26 - INFO: CAGR 4Y (EPS) (Ticker: AFL): 14.67 %
2025-07-06 - 06:26:26 - INFO: ROA - Calc (Ticker: AEP): 2.88 %
2025-07-06 - 06:26:26 - INFO: CAGR 4Y (Net Income) (Ticker: MSI): 8.2 %
2025-07-06 - 06:26:26 - INFO: CAGR 4Y (Net Income) (Ticker: AFL): 8.76 %
2025-07-06 - 06:26:26 - INFO: Dividend Yield (Ticker: MSI): 1.04 %
2025-07-06 - 06:26:26 - INFO: Dividend Yield (Ticker: AFL): 2.2 %
2025-07-06 - 06:26:26 - INFO: ROE (ttm) (Yahoo Finance) (Ticker: MSI): 186.88 %
2025-07-06 - 06:26:26 - INFO: ROE (ttm) (Yahoo Finance) (Ticker: AFL): 14.41 %
2025-07-06 - 06:26:26 - INFO: Fetched Earnings data (EPS) for 4 years period (Ticker: ETR).
2025-07-06 - 06:26:26 - INFO: EPS (latest) (Ticker: ETR): 2.47
2025-07-06 - 06:26:26 - INFO: Fetched Earnings data (Net Income) for 4 years period (Ticker: ETR).
2025-07-06 - 06:26:26 - INFO: Calculating Earnings Variability (EVAR) using EPS over 3 year period (Ticker: ETR).
2025-07-06 - 06:26:26 - INFO: EVAR 4Y (EPS) (Ticker: ETR): 82.62%
2025-07-06 - 06:26:26 - INFO: Calculating Earnings Variability (EVAR) using Net Income over 3 year period (Ticker: ETR).
2025-07-06 - 06:26:26 - INFO: CFOA (annual) (Ticker: MFC): 2.71 %
2025-07-06 - 06:26:26 - INFO: CFOA (annual) (Ticker: G): 12.34 %
2025-07-06 - 06:26:26 - INFO: EVAR 4Y (Net Income) (Ticker: ETR): 87.18%
2025-07-06 - 06:26:26 - INFO: ROE - Calc (Ticker: AFL): 14.41 %
2025-07-06 - 06:26:26 - INFO: CAGR 4Y (EPS) (Ticker: ETR): -3.92 %
2025-07-06 - 06:26:26 - INFO: CFOA (annual) (Ticker: AEP): 6.6 %
2025-07-06 - 06:26:26 - INFO: ROE - MSCI (Ticker: AFL): 13.2 %
2025-07-06 - 06:26:26 - INFO: ROE - Calc (Ticker: MSI): 189.27 %
2025-07-06 - 06:26:26 - INFO: CAGR 4Y (Net Income) (Ticker: ETR): -1.74 %
2025-07-06 - 06:26:26 - INFO: ROA (ttm) (Yahoo Finance) (Ticker: AFL): 2.34 %
2025-07-06 - 06:26:26 - INFO: ROE - MSCI (Ticker: MSI): 125.98 %
2025-07-06 - 06:26:26 - INFO: Dividend Yield (Ticker: ETR): 2.89 %
2025-07-06 - 06:26:26 - INFO: ROA - Calc (Ticker: AFL): 4.63 %
2025-07-06 - 06:26:26 - INFO: ROA (ttm) (Yahoo Finance) (Ticker: MSI): 13.0 %
2025-07-06 - 06:26:26 - INFO: ROE (ttm) (Yahoo Finance) (Ticker: ETR): 8.85 %
2025-07-06 - 06:26:26 - INFO: ROA - Calc (Ticker: MSI): 10.81 %
2025-07-06 - 06:26:27 - INFO: CFOA (ttm) (Ticker: MFC): 2.99 %
2025-07-06 - 06:26:27 - INFO: CFOA (ttm) (Ticker: G): 13.37 %
2025-07-06 - 06:26:27 - INFO: CFOA (ttm) (Ticker: AEP): 6.69 %
2025-07-06 - 06:26:27 - INFO: GPOA (Ticker: G): 33.89 %
2025-07-06 - 06:26:27 - INFO: CFOA (annual) (Ticker: AFL): 2.3 %
2025-07-06 - 06:26:27 - INFO: GPOA (Ticker: AEP): 12.09 %
2025-07-06 - 06:26:27 - INFO: ROE - Calc (Ticker: ETR): 9.09 %
2025-07-06 - 06:26:27 - INFO: GPMAR (Ticker: G): 35.45 %
2025-07-06 - 06:26:27 - INFO: CFOA (annual) (Ticker: MSI): 16.38 %
2025-07-06 - 06:26:27 - INFO: GPMAR (Ticker: AEP): 63.18 %
2025-07-06 - 06:26:27 - INFO: ROE - MSCI (Ticker: ETR): 9.26 %
2025-07-06 - 06:26:27 - INFO: Profit Margin (Ticker: G): 10.88 %
2025-07-06 - 06:26:27 - INFO: Profit Margin (Ticker: AEP): 13.71 %
2025-07-06 - 06:26:27 - INFO: ROA (ttm) (Yahoo Finance) (Ticker: ETR): 3.07 %
2025-07-06 - 06:26:27 - INFO: Sector: Technology
2025-07-06 - 06:26:27 - INFO: Sector: Utilities
2025-07-06 - 06:26:27 - INFO: ROA - Calc (Ticker: ETR): 1.64 %
2025-07-06 - 06:26:27 - INFO: Industry: Information Technology Services
2025-07-06 - 06:26:27 - INFO: Industry: Utilities - Regulated Electric
2025-07-06 - 06:26:27 - INFO: GPOA (Ticker: TRV): 34.85 %
2025-07-06 - 06:26:27 - INFO: GPMAR (Ticker: TRV): 100.0 %
2025-07-06 - 06:26:27 - ERROR: Error calculating GPOA and GPMAR TTM (Ticker: TRV): Cannot calculate GPOA (Ticker: TRV): 'Gross Profit' data is missing in the Income Statement.
2025-07-06 - 06:26:27 - INFO: Profit Margin (Ticker: TRV): 9.09 %
2025-07-06 - 06:26:27 - INFO: Sector: Financial Services
2025-07-06 - 06:26:27 - INFO: Industry: Insurance - Property & Casualty
2025-07-06 - 06:26:27 - INFO: GPOA (Ticker: MFC): None %
2025-07-06 - 06:26:27 - INFO: GPMAR (Ticker: MFC): None %
2025-07-06 - 06:26:27 - ERROR: Error calculating GPOA and GPMAR TTM (Ticker: MFC): Cannot calculate GPOA (Ticker: MFC): 'Gross Profit' data is missing in the Income Statement.
2025-07-06 - 06:26:27 - INFO: Profit Margin (Ticker: MFC): 17.56 %
2025-07-06 - 06:26:27 - INFO: Sector: Financial Services
2025-07-06 - 06:26:27 - INFO: Industry: Insurance - Life
2025-07-06 - 06:26:27 - ERROR: Error calculating profitability growth metrics for MFC: Cannot calculate CAGR. No Earnings Growth data available (Ticker: MFC).
2025-07-06 - 06:26:27 - ERROR: Cannot calculate CAGR. No Earnings Growth data available (Ticker: MFC).
Traceback (most recent call last):
  File "StockFactorScreener.py", line 249, in calc_profitability_growth
  File "ProfitabilityCalculator.py", line 1004, in calc_cagr
ProfitabilityCalculator.CAGRCalcError: Cannot calculate CAGR. No Earnings Growth data available (Ticker: MFC).
2025-07-06 - 06:26:27 - INFO: CFOA (ttm) (Ticker: MSI): 17.91 %
2025-07-06 - 06:26:27 - INFO: GPOA (Ticker: MSI): 37.77 %
2025-07-06 - 06:26:27 - INFO: GPMAR (Ticker: MSI): 50.96 %
2025-07-06 - 06:26:27 - INFO: CFOA (ttm) (Ticker: AFL): 2.01 %
2025-07-06 - 06:26:27 - INFO: Profit Margin (Ticker: MSI): 18.68 %
2025-07-06 - 06:26:27 - INFO: CFOA (annual) (Ticker: ETR): 6.93 %
2025-07-06 - 06:26:27 - INFO: Sector: Technology
2025-07-06 - 06:26:27 - INFO: Industry: Communication Equipment
2025-07-06 - 06:26:27 - INFO: GPOA (Ticker: AFL): None %
2025-07-06 - 06:26:27 - INFO: GPMAR (Ticker: AFL): None %
2025-07-06 - 06:26:27 - ERROR: Error calculating GPOA and GPMAR TTM (Ticker: AFL): Cannot calculate GPOA (Ticker: AFL): 'Gross Profit' data is missing in the Income Statement.
2025-07-06 - 06:26:27 - INFO: Profit Margin (Ticker: AFL): 21.27 %
2025-07-06 - 06:26:27 - INFO: CFOA (ttm) (Ticker: ETR): 6.97 %
2025-07-06 - 06:26:27 - INFO: Sector: Financial Services
2025-07-06 - 06:26:28 - INFO: GPOA (Ticker: ETR): 8.86 %
2025-07-06 - 06:26:28 - INFO: Industry: Insurance - Life
2025-07-06 - 06:26:28 - INFO: GPMAR (Ticker: ETR): 48.3 %
2025-07-06 - 06:26:28 - ERROR: Invalid Stock Ticker Symbol: 8630
2025-07-06 - 06:26:28 - INFO: Profit Margin (Ticker: ETR): 11.24 %
2025-07-06 - 06:26:28 - ERROR: Error calculating profitability growth metrics for AFL: Cannot calculate CAGR. No Earnings Growth data available (Ticker: AFL).
2025-07-06 - 06:26:28 - ERROR: Skipping Stock Analysis for 8630.
2025-07-06 - 06:26:28 - INFO: Sector: Utilities
2025-07-06 - 06:26:28 - ERROR: Cannot calculate CAGR. No Earnings Growth data available (Ticker: AFL).
Traceback (most recent call last):
  File "StockFactorScreener.py", line 249, in calc_profitability_growth
  File "ProfitabilityCalculator.py", line 1004, in calc_cagr
ProfitabilityCalculator.CAGRCalcError: Cannot calculate CAGR. No Earnings Growth data available (Ticker: AFL).
2025-07-06 - 06:26:28 - INFO: Industry: Utilities - Regulated Electric
2025-07-06 - 06:26:28 - INFO: ---------------------- L ----------------------
2025-07-06 - 06:26:28 - INFO: P/E (Forward) (Ticker: L): 31.86
2025-07-06 - 06:26:28 - INFO: P/E (Trailing) (Ticker: L): 15.15
2025-07-06 - 06:26:28 - INFO: ---------------------- EXC ----------------------
2025-07-06 - 06:26:28 - INFO: P/E (Forward) (Ticker: EXC): 16.4
2025-07-06 - 06:26:28 - INFO: P/E (Trailing) (Ticker: EXC): 16.03
2025-07-06 - 06:26:28 - INFO: ---------------------- FNV ----------------------
2025-07-06 - 06:26:28 - INFO: P/E (Forward) (Ticker: FNV): 40.66
2025-07-06 - 06:26:28 - INFO: ---------------------- FICO ----------------------
2025-07-06 - 06:26:28 - INFO: P/E (Trailing) (Ticker: FNV): 51.59
2025-07-06 - 06:26:28 - INFO: P/E (Forward) (Ticker: FICO): 49.92
2025-07-06 - 06:26:28 - INFO: P/E (Trailing) (Ticker: FICO): 80.01
2025-07-06 - 06:26:28 - ERROR: Invalid Stock Ticker Symbol: Z74
2025-07-06 - 06:26:28 - ERROR: Skipping Stock Analysis for Z74.
2025-07-06 - 06:26:28 - INFO: ---------------------- VRSK ----------------------
2025-07-06 - 06:26:28 - INFO: P/E (Forward) (Ticker: VRSK): 41.71
2025-07-06 - 06:26:28 - INFO: P/E (Trailing) (Ticker: VRSK): 44.85
2025-07-06 - 06:26:28 - INFO: EBIT/TEV (Ticker: EXC): 5.21 %
2025-07-06 - 06:26:28 - INFO: P/B (Ticker: EXC): 1.58
2025-07-06 - 06:26:28 - INFO: EBIT/TEV (Ticker: L): 8.15 %
2025-07-06 - 06:26:28 - INFO: P/B (Ticker: L): 1.13
2025-07-06 - 06:26:28 - INFO: EBIT/TEV (Ticker: FNV): 2.64 %
2025-07-06 - 06:26:28 - INFO: P/B (Ticker: FNV): 5.05
2025-07-06 - 06:26:28 - INFO: ---------------------- CVNA ----------------------
2025-07-06 - 06:26:28 - INFO: P/E (Forward) (Ticker: CVNA): 148.23
2025-07-06 - 06:26:28 - INFO: P/E (Trailing) (Ticker: CVNA): 121.79
2025-07-06 - 06:26:29 - INFO: EBIT/TEV (Ticker: FICO): 1.71 %
2025-07-06 - 06:26:29 - INFO: P/B (Ticker: FICO): -40.2
2025-07-06 - 06:26:29 - ERROR: Invalid Stock Ticker Symbol: 4519
2025-07-06 - 06:26:29 - ERROR: Skipping Stock Analysis for 4519.
2025-07-06 - 06:26:29 - INFO: Fetched Earnings data (EPS) for 4 years period (Ticker: L).
2025-07-06 - 06:26:29 - INFO: EPS (latest) (Ticker: L): 6.42
2025-07-06 - 06:26:29 - INFO: Fetched Earnings data (Net Income) for 4 years period (Ticker: L).
2025-07-06 - 06:26:29 - INFO: Calculating Earnings Variability (EVAR) using EPS over 3 year period (Ticker: L).
2025-07-06 - 06:26:29 - INFO: EVAR 4Y (EPS) (Ticker: L): 65.7%
2025-07-06 - 06:26:29 - INFO: Fetched Earnings data (EPS) for 4 years period (Ticker: EXC).
2025-07-06 - 06:26:29 - INFO: Calculating Earnings Variability (EVAR) using Net Income over 3 year period (Ticker: L).
2025-07-06 - 06:26:29 - INFO: EPS (latest) (Ticker: EXC): 2.45
2025-07-06 - 06:26:29 - INFO: EVAR 4Y (Net Income) (Ticker: L): 61.52%
2025-07-06 - 06:26:29 - INFO: EBIT/TEV (Ticker: VRSK): 2.81 %
2025-07-06 - 06:26:29 - INFO: Fetched Earnings data (Net Income) for 4 years period (Ticker: EXC).
2025-07-06 - 06:26:29 - INFO: Fetched Earnings data (EPS) for 4 years period (Ticker: FNV).
2025-07-06 - 06:26:29 - INFO: CAGR 4Y (EPS) (Ticker: L): 2.17 %
2025-07-06 - 06:26:29 - INFO: P/B (Ticker: VRSK): 345.92
2025-07-06 - 06:26:29 - INFO: Calculating Earnings Variability (EVAR) using EPS over 3 year period (Ticker: EXC).
2025-07-06 - 06:26:29 - INFO: EPS (latest) (Ticker: FNV): 2.87
2025-07-06 - 06:26:29 - INFO: CAGR 4Y (Net Income) (Ticker: L): -3.26 %
2025-07-06 - 06:26:29 - INFO: Fetched Earnings data (EPS) for 4 years period (Ticker: FICO).
2025-07-06 - 06:26:29 - INFO: EVAR 4Y (EPS) (Ticker: EXC): 11.3%
2025-07-06 - 06:26:29 - INFO: Fetched Earnings data (Net Income) for 4 years period (Ticker: FNV).
2025-07-06 - 06:26:29 - INFO: Dividend Yield (Ticker: L): 0.27 %
2025-07-06 - 06:26:29 - INFO: EPS (latest) (Ticker: FICO): 20.78
2025-07-06 - 06:26:29 - INFO: Calculating Earnings Variability (EVAR) using Net Income over 3 year period (Ticker: EXC).
2025-07-06 - 06:26:29 - INFO: Calculating Earnings Variability (EVAR) using EPS over 3 year period (Ticker: FNV).
2025-07-06 - 06:26:29 - INFO: ROE (ttm) (Yahoo Finance) (Ticker: L): 8.0 %
2025-07-06 - 06:26:29 - INFO: Fetched Earnings data (Net Income) for 4 years period (Ticker: FICO).
2025-07-06 - 06:26:29 - INFO: EVAR 4Y (Net Income) (Ticker: EXC): 11.99%
2025-07-06 - 06:26:29 - INFO: EVAR 4Y (EPS) (Ticker: FNV): 193.08%
2025-07-06 - 06:26:29 - INFO: Calculating Earnings Variability (EVAR) using EPS over 3 year period (Ticker: FICO).
2025-07-06 - 06:26:29 - INFO: CAGR 4Y (EPS) (Ticker: EXC): 12.08 %
2025-07-06 - 06:26:29 - INFO: Calculating Earnings Variability (EVAR) using Net Income over 3 year period (Ticker: FNV).
2025-07-06 - 06:26:29 - INFO: EVAR 4Y (EPS) (Ticker: FICO): 8.87%
2025-07-06 - 06:26:29 - INFO: CAGR 4Y (Net Income) (Ticker: EXC): 12.98 %
2025-07-06 - 06:26:29 - INFO: EVAR 4Y (Net Income) (Ticker: FNV): 193.27%
2025-07-06 - 06:26:29 - INFO: Calculating Earnings Variability (EVAR) using Net Income over 3 year period (Ticker: FICO).
2025-07-06 - 06:26:29 - INFO: Dividend Yield (Ticker: EXC): 3.68 %
2025-07-06 - 06:26:29 - INFO: CAGR 4Y (EPS) (Ticker: FNV): -9.4 %
2025-07-06 - 06:26:29 - INFO: EVAR 4Y (Net Income) (Ticker: FICO): 12.85%
2025-07-06 - 06:26:29 - INFO: ROE (ttm) (Yahoo Finance) (Ticker: EXC): 10.1 %
2025-07-06 - 06:26:29 - INFO: CAGR 4Y (Net Income) (Ticker: FNV): -9.04 %
2025-07-06 - 06:26:29 - INFO: CAGR 4Y (EPS) (Ticker: FICO): 15.04 %
2025-07-06 - 06:26:29 - INFO: Dividend Yield (Ticker: FNV): 0.93 %
2025-07-06 - 06:26:29 - INFO: CAGR 4Y (Net Income) (Ticker: FICO): 9.36 %
2025-07-06 - 06:26:29 - INFO: ROE (ttm) (Yahoo Finance) (Ticker: FNV): 10.2 %
2025-07-06 - 06:26:29 - INFO: Dividend Yield (Ticker: FICO): N/A
2025-07-06 - 06:26:29 - INFO: ROE (ttm) (Yahoo Finance) (Ticker: FICO): N/A
2025-07-06 - 06:26:29 - INFO: EBIT/TEV (Ticker: CVNA): 2.81 %
2025-07-06 - 06:26:29 - INFO: P/B (Ticker: CVNA): 31.13
2025-07-06 - 06:26:29 - INFO: Fetched Earnings data (EPS) for 4 years period (Ticker: VRSK).
2025-07-06 - 06:26:29 - INFO: EPS (latest) (Ticker: VRSK): 6.74
2025-07-06 - 06:26:29 - INFO: ROE - Calc (Ticker: L): 7.95 %
2025-07-06 - 06:26:29 - INFO: Fetched Earnings data (Net Income) for 4 years period (Ticker: VRSK).
2025-07-06 - 06:26:29 - INFO: ROE - MSCI (Ticker: L): 7.82 %
2025-07-06 - 06:26:29 - INFO: Calculating Earnings Variability (EVAR) using EPS over 3 year period (Ticker: VRSK).
2025-07-06 - 06:26:29 - INFO: ROA (ttm) (Yahoo Finance) (Ticker: L): 1.65 %
2025-07-06 - 06:26:29 - INFO: ROE - Calc (Ticker: FNV): 10.19 %
2025-07-06 - 06:26:29 - INFO: EVAR 4Y (EPS) (Ticker: VRSK): 49.22%
2025-07-06 - 06:26:29 - INFO: ROA - Calc (Ticker: L): 1.73 %
2025-07-06 - 06:26:29 - INFO: ROE - Calc (Ticker: EXC): 10.10 %
2025-07-06 - 06:26:29 - INFO: ROE - MSCI (Ticker: FNV): 9.8 %
2025-07-06 - 06:26:29 - INFO: ROE - Calc (Ticker: FICO): N/A
2025-07-06 - 06:26:29 - INFO: Calculating Earnings Variability (EVAR) using Net Income over 3 year period (Ticker: VRSK).
2025-07-06 - 06:26:29 - INFO: ROE - MSCI (Ticker: EXC): 9.86 %
2025-07-06 - 06:26:29 - INFO: ROA (ttm) (Yahoo Finance) (Ticker: FNV): 8.03 %
2025-07-06 - 06:26:29 - INFO: ROE - MSCI (Ticker: FICO): -46.56 %
2025-07-06 - 06:26:29 - INFO: EVAR 4Y (Net Income) (Ticker: VRSK): 49.57%
2025-07-06 - 06:26:29 - INFO: ROA (ttm) (Yahoo Finance) (Ticker: EXC): 2.76 %
2025-07-06 - 06:26:29 - INFO: ROA - Calc (Ticker: FNV): 8.72 %
2025-07-06 - 06:26:29 - INFO: ROA (ttm) (Yahoo Finance) (Ticker: FICO): 28.7 %
2025-07-06 - 06:26:29 - INFO: CAGR 4Y (EPS) (Ticker: VRSK): 17.83 %
2025-07-06 - 06:26:29 - INFO: ROA - Calc (Ticker: EXC): 2.28 %
2025-07-06 - 06:26:29 - INFO: ROA - Calc (Ticker: FICO): 29.85 %
2025-07-06 - 06:26:29 - INFO: CAGR 4Y (Net Income) (Ticker: VRSK): 12.85 %
2025-07-06 - 06:26:29 - INFO: Dividend Yield (Ticker: VRSK): 0.58 %
2025-07-06 - 06:26:29 - INFO: ROE (ttm) (Yahoo Finance) (Ticker: VRSK): 468.22 %
2025-07-06 - 06:26:30 - INFO: Fetched Earnings data (EPS) for 4 years period (Ticker: CVNA).
2025-07-06 - 06:26:30 - INFO: EPS (latest) (Ticker: CVNA): 1.72
2025-07-06 - 06:26:30 - INFO: Fetched Earnings data (Net Income) for 4 years period (Ticker: CVNA).
2025-07-06 - 06:26:30 - INFO: Calculating Earnings Variability (EVAR) using EPS over 3 year period (Ticker: CVNA).
2025-07-06 - 06:26:30 - INFO: CFOA (annual) (Ticker: FNV): 13.1 %
2025-07-06 - 06:26:30 - INFO: CFOA (annual) (Ticker: L): 3.69 %
2025-07-06 - 06:26:30 - INFO: EVAR 4Y (EPS) (Ticker: CVNA): 527.51%
2025-07-06 - 06:26:30 - INFO: ROE - Calc (Ticker: VRSK): 479.12 %
2025-07-06 - 06:26:30 - INFO: Calculating Earnings Variability (EVAR) using Net Income over 3 year period (Ticker: CVNA).
2025-07-06 - 06:26:30 - INFO: ROE - MSCI (Ticker: VRSK): 786.42 %
2025-07-06 - 06:26:30 - INFO: EVAR 4Y (Net Income) (Ticker: CVNA): 649.02%
2025-07-06 - 06:26:30 - INFO: CFOA (annual) (Ticker: FICO): 36.85 %
2025-07-06 - 06:26:30 - INFO: ROA (ttm) (Yahoo Finance) (Ticker: VRSK): 16.7 %
2025-07-06 - 06:26:30 - INFO: CFOA (annual) (Ticker: EXC): 5.17 %
2025-07-06 - 06:26:30 - INFO: CAGR 4Y (EPS) (Ticker: CVNA): 45.1 %
2025-07-06 - 06:26:30 - INFO: ROA - Calc (Ticker: VRSK): 22.45 %
2025-07-06 - 06:26:30 - INFO: CAGR 4Y (Net Income) (Ticker: CVNA): 52.63 %
2025-07-06 - 06:26:30 - INFO: Dividend Yield (Ticker: CVNA): N/A
2025-07-06 - 06:26:30 - INFO: ROE (ttm) (Yahoo Finance) (Ticker: CVNA): 99.59 %
2025-07-06 - 06:26:30 - INFO: CFOA (ttm) (Ticker: FNV): 14.79 %
2025-07-06 - 06:26:30 - INFO: GPOA (Ticker: FNV): 11.99 %
2025-07-06 - 06:26:30 - INFO: GPMAR (Ticker: FNV): 68.18 %
2025-07-06 - 06:26:30 - INFO: CFOA (ttm) (Ticker: L): 4.32 %
2025-07-06 - 06:26:30 - INFO: Profit Margin (Ticker: FNV): 50.94 %
2025-07-06 - 06:26:30 - INFO: CFOA (annual) (Ticker: VRSK): 26.82 %
2025-07-06 - 06:26:30 - INFO: Sector: Basic Materials
2025-07-06 - 06:26:30 - INFO: Industry: Gold
2025-07-06 - 06:26:30 - INFO: CFOA (ttm) (Ticker: EXC): 5.39 %
2025-07-06 - 06:26:30 - INFO: GPOA (Ticker: EXC): 8.73 %
2025-07-06 - 06:26:30 - INFO: GPMAR (Ticker: EXC): 40.84 %
2025-07-06 - 06:26:30 - INFO: Profit Margin (Ticker: EXC): 11.44 %
2025-07-06 - 06:26:30 - INFO: ROE - Calc (Ticker: CVNA): 44.39 %
2025-07-06 - 06:26:30 - INFO: Sector: Utilities
2025-07-06 - 06:26:30 - INFO: CFOA (ttm) (Ticker: FICO): 40.68 %
2025-07-06 - 06:26:30 - INFO: ROE - MSCI (Ticker: CVNA): 28.98 %
2025-07-06 - 06:26:30 - INFO: Industry: Utilities - Regulated Electric
2025-07-06 - 06:26:30 - INFO: GPOA (Ticker: FICO): 79.71 %
2025-07-06 - 06:26:30 - INFO: ROA (ttm) (Yahoo Finance) (Ticker: CVNA): 9.84 %
2025-07-06 - 06:26:30 - ERROR: Invalid Stock Ticker Symbol: CBK
2025-07-06 - 06:26:30 - INFO: GPMAR (Ticker: FICO): 79.73 %
2025-07-06 - 06:26:30 - INFO: ROA - Calc (Ticker: CVNA): 2.48 %
2025-07-06 - 06:26:30 - ERROR: Skipping Stock Analysis for CBK.
2025-07-06 - 06:26:30 - INFO: Profit Margin (Ticker: FICO): 31.36 %
2025-07-06 - 06:26:30 - INFO: Sector: Technology
2025-07-06 - 06:26:30 - INFO: Industry: Software - Application
2025-07-06 - 06:26:30 - INFO: GPOA (Ticker: L): None %
2025-07-06 - 06:26:31 - INFO: GPMAR (Ticker: L): None %
2025-07-06 - 06:26:31 - ERROR: Error calculating GPOA and GPMAR TTM (Ticker: L): Cannot calculate GPOA (Ticker: L): 'Gross Profit' data is missing in the Income Statement.
2025-07-06 - 06:26:31 - INFO: Profit Margin (Ticker: L): 7.47 %
2025-07-06 - 06:26:31 - INFO: Sector: Financial Services
2025-07-06 - 06:26:31 - INFO: Industry: Insurance - Property & Casualty
2025-07-06 - 06:26:31 - ERROR: Error calculating profitability growth metrics for L: Cannot calculate CAGR. No Earnings Growth data available (Ticker: L).
2025-07-06 - 06:26:31 - ERROR: Cannot calculate CAGR. No Earnings Growth data available (Ticker: L).
Traceback (most recent call last):
  File "StockFactorScreener.py", line 249, in calc_profitability_growth
  File "ProfitabilityCalculator.py", line 1004, in calc_cagr
ProfitabilityCalculator.CAGRCalcError: Cannot calculate CAGR. No Earnings Growth data available (Ticker: L).
2025-07-06 - 06:26:31 - INFO: CFOA (ttm) (Ticker: VRSK): 25.81 %
2025-07-06 - 06:26:31 - INFO: GPOA (Ticker: VRSK): 46.44 %
2025-07-06 - 06:26:31 - INFO: GPMAR (Ticker: VRSK): 68.73 %
2025-07-06 - 06:26:31 - INFO: Profit Margin (Ticker: VRSK): 33.13 %
2025-07-06 - 06:26:31 - INFO: Sector: Industrials
2025-07-06 - 06:26:31 - INFO: Industry: Consulting Services
2025-07-06 - 06:26:31 - INFO: CFOA (annual) (Ticker: CVNA): 10.82 %
2025-07-06 - 06:26:31 - ERROR: Invalid Stock Ticker Symbol: 7832
2025-07-06 - 06:26:31 - ERROR: Skipping Stock Analysis for 7832.
2025-07-06 - 06:26:31 - ERROR: Invalid Stock Ticker Symbol: SLHN
2025-07-06 - 06:26:31 - ERROR: Skipping Stock Analysis for SLHN.
2025-07-06 - 06:26:31 - ERROR: Invalid Stock Ticker Symbol: STAN
2025-07-06 - 06:26:31 - ERROR: Skipping Stock Analysis for STAN.
2025-07-06 - 06:26:31 - ERROR: Invalid Stock Ticker Symbol: POLI
2025-07-06 - 06:26:31 - ERROR: Skipping Stock Analysis for POLI.
2025-07-06 - 06:26:31 - INFO: CFOA (ttm) (Ticker: CVNA): 13.15 %
2025-07-06 - 06:26:31 - INFO: GPOA (Ticker: CVNA): 33.9 %
2025-07-06 - 06:26:31 - INFO: GPMAR (Ticker: CVNA): 21.03 %
2025-07-06 - 06:26:31 - INFO: Profit Margin (Ticker: CVNA): 2.68 %
2025-07-06 - 06:26:31 - INFO: ---------------------- WEC ----------------------
2025-07-06 - 06:26:31 - ERROR: Invalid Stock Ticker Symbol: SAAB B
2025-07-06 - 06:26:31 - INFO: Sector: Consumer Cyclical
2025-07-06 - 06:26:31 - INFO: P/E (Forward) (Ticker: WEC): 19.99
2025-07-06 - 06:26:31 - ERROR: Skipping Stock Analysis for SAAB B.
2025-07-06 - 06:26:31 - INFO: Industry: Auto & Truck Dealerships
2025-07-06 - 06:26:31 - INFO: P/E (Trailing) (Ticker: WEC): 20.34
2025-07-06 - 06:26:32 - ERROR: Invalid Stock Ticker Symbol: 6702
2025-07-06 - 06:26:32 - INFO: ---------------------- ORA ----------------------
2025-07-06 - 06:26:32 - ERROR: Skipping Stock Analysis for 6702.
2025-07-06 - 06:26:32 - INFO: P/E (Forward) (Ticker: ORA): 38.98
2025-07-06 - 06:26:32 - INFO: P/E (Trailing) (Ticker: ORA): 42.58
2025-07-06 - 06:26:32 - ERROR: Invalid Stock Ticker Symbol: CABK
2025-07-06 - 06:26:32 - ERROR: Skipping Stock Analysis for CABK.
2025-07-06 - 06:26:32 - INFO: ---------------------- CHTR ----------------------
2025-07-06 - 06:26:32 - INFO: P/E (Forward) (Ticker: CHTR): 11.65
2025-07-06 - 06:26:32 - INFO: P/E (Trailing) (Ticker: CHTR): 11.63
2025-07-06 - 06:26:32 - INFO: EBIT/TEV (Ticker: WEC): 4.26 %
2025-07-06 - 06:26:32 - INFO: P/B (Ticker: WEC): 2.57
2025-07-06 - 06:26:32 - INFO: ---------------------- ALNY ----------------------
2025-07-06 - 06:26:32 - INFO: P/E (Forward) (Ticker: ALNY): -272.06
2025-07-06 - 06:26:32 - INFO: P/E (Trailing) (Ticker: ALNY): N/A
2025-07-06 - 06:26:32 - INFO: ---------------------- K ----------------------
2025-07-06 - 06:26:32 - INFO: P/E (Forward) (Ticker: K): 66.67
2025-07-06 - 06:26:32 - INFO: P/E (Trailing) (Ticker: K): 20.15
2025-07-06 - 06:26:32 - INFO: EBIT/TEV (Ticker: ORA): 2.26 %
2025-07-06 - 06:26:32 - INFO: P/B (Ticker: ORA): 2.16
2025-07-06 - 06:26:32 - INFO: Fetched Earnings data (EPS) for 4 years period (Ticker: WEC).
2025-07-06 - 06:26:32 - INFO: EPS (latest) (Ticker: WEC): 4.83
2025-07-06 - 06:26:32 - INFO: Fetched Earnings data (Net Income) for 4 years period (Ticker: WEC).
2025-07-06 - 06:26:32 - INFO: Calculating Earnings Variability (EVAR) using EPS over 3 year period (Ticker: WEC).
2025-07-06 - 06:26:32 - INFO: EBIT/TEV (Ticker: CHTR): 8.91 %
2025-07-06 - 06:26:32 - INFO: EVAR 4Y (EPS) (Ticker: WEC): 10.15%
2025-07-06 - 06:26:32 - INFO: P/B (Ticker: CHTR): 3.6
2025-07-06 - 06:26:32 - INFO: Calculating Earnings Variability (EVAR) using Net Income over 3 year period (Ticker: WEC).
2025-07-06 - 06:26:32 - INFO: ---------------------- CNP ----------------------
2025-07-06 - 06:26:32 - INFO: EBIT/TEV (Ticker: ALNY): -0.28 %
2025-07-06 - 06:26:32 - INFO: EVAR 4Y (Net Income) (Ticker: WEC): 10.26%
2025-07-06 - 06:26:32 - INFO: P/E (Forward) (Ticker: CNP): 20.66
2025-07-06 - 06:26:32 - INFO: P/B (Ticker: ALNY): 374.62
2025-07-06 - 06:26:32 - INFO: CAGR 4Y (EPS) (Ticker: WEC): 5.44 %
2025-07-06 - 06:26:32 - INFO: P/E (Trailing) (Ticker: CNP): 24.28
2025-07-06 - 06:26:32 - INFO: CAGR 4Y (Net Income) (Ticker: WEC): 5.5 %
2025-07-06 - 06:26:32 - INFO: Dividend Yield (Ticker: WEC): 3.43 %
2025-07-06 - 06:26:32 - INFO: ROE (ttm) (Yahoo Finance) (Ticker: WEC): 12.58 %
2025-07-06 - 06:26:32 - INFO: Fetched Earnings data (EPS) for 4 years period (Ticker: ORA).
2025-07-06 - 06:26:32 - INFO: EPS (latest) (Ticker: ORA): 2.05
2025-07-06 - 06:26:33 - INFO: ---------------------- ALL ----------------------
2025-07-06 - 06:26:33 - INFO: Fetched Earnings data (Net Income) for 4 years period (Ticker: ORA).
2025-07-06 - 06:26:33 - INFO: P/E (Forward) (Ticker: ALL): 10.4
2025-07-06 - 06:26:33 - INFO: Calculating Earnings Variability (EVAR) using EPS over 3 year period (Ticker: ORA).
2025-07-06 - 06:26:33 - INFO: P/E (Trailing) (Ticker: ALL): 13.53
2025-07-06 - 06:26:33 - INFO: EBIT/TEV (Ticker: K): 5.68 %
2025-07-06 - 06:26:33 - INFO: EVAR 4Y (EPS) (Ticker: ORA): 44.54%
2025-07-06 - 06:26:33 - INFO: P/B (Ticker: K): 7.09
2025-07-06 - 06:26:33 - INFO: Calculating Earnings Variability (EVAR) using Net Income over 3 year period (Ticker: ORA).
2025-07-06 - 06:26:33 - INFO: EVAR 4Y (Net Income) (Ticker: ORA): 49.87%
2025-07-06 - 06:26:33 - INFO: CAGR 4Y (EPS) (Ticker: ORA): 22.69 %
2025-07-06 - 06:26:33 - INFO: CAGR 4Y (Net Income) (Ticker: ORA): 25.84 %
2025-07-06 - 06:26:33 - INFO: Fetched Earnings data (EPS) for 4 years period (Ticker: CHTR).
2025-07-06 - 06:26:33 - INFO: Dividend Yield (Ticker: ORA): 0.57 %
2025-07-06 - 06:26:33 - INFO: Fetched Earnings data (EPS) for 4 years period (Ticker: ALNY).
2025-07-06 - 06:26:33 - INFO: EPS (latest) (Ticker: CHTR): 30.54
2025-07-06 - 06:26:33 - INFO: ROE (ttm) (Yahoo Finance) (Ticker: ORA): 5.19 %
2025-07-06 - 06:26:33 - INFO: EPS (latest) (Ticker: ALNY): -3.52
2025-07-06 - 06:26:33 - INFO: ROE - Calc (Ticker: WEC): 12.96 %
2025-07-06 - 06:26:33 - INFO: Fetched Earnings data (EPS) for 4 years period (Ticker: K).
2025-07-06 - 06:26:33 - INFO: Fetched Earnings data (Net Income) for 4 years period (Ticker: CHTR).
2025-07-06 - 06:26:33 - INFO: Fetched Earnings data (Net Income) for 4 years period (Ticker: ALNY).
2025-07-06 - 06:26:33 - INFO: ROE - MSCI (Ticker: WEC): 13.03 %
2025-07-06 - 06:26:33 - INFO: EPS (latest) (Ticker: K): 3.92
2025-07-06 - 06:26:33 - INFO: Calculating Earnings Variability (EVAR) using EPS over 3 year period (Ticker: CHTR).
2025-07-06 - 06:26:33 - INFO: Calculating Earnings Variability (EVAR) using EPS over 3 year period (Ticker: ALNY).
2025-07-06 - 06:26:33 - INFO: ROA (ttm) (Yahoo Finance) (Ticker: WEC): 2.99 %
2025-07-06 - 06:26:33 - INFO: Fetched Earnings data (Net Income) for 4 years period (Ticker: K).
2025-07-06 - 06:26:33 - INFO: EVAR 4Y (EPS) (Ticker: CHTR): 31.3%
2025-07-06 - 06:26:33 - INFO: EVAR 4Y (EPS) (Ticker: ALNY): 46.27%
2025-07-06 - 06:26:33 - INFO: ROA - Calc (Ticker: WEC): 3.23 %
2025-07-06 - 06:26:33 - INFO: Calculating Earnings Variability (EVAR) using EPS over 3 year period (Ticker: K).
2025-07-06 - 06:26:33 - INFO: Calculating Earnings Variability (EVAR) using Net Income over 3 year period (Ticker: CHTR).
2025-07-06 - 06:26:33 - INFO: Calculating Earnings Variability (EVAR) using Net Income over 3 year period (Ticker: ALNY).
2025-07-06 - 06:26:33 - INFO: EVAR 4Y (EPS) (Ticker: K): 38.34%
2025-07-06 - 06:26:33 - INFO: EVAR 4Y (Net Income) (Ticker: CHTR): 11.6%
2025-07-06 - 06:26:33 - INFO: EVAR 4Y (Net Income) (Ticker: ALNY): 48.64%
2025-07-06 - 06:26:33 - INFO: Calculating Earnings Variability (EVAR) using Net Income over 3 year period (Ticker: K).
2025-07-06 - 06:26:33 - INFO: CAGR 4Y (EPS) (Ticker: CHTR): 24.44 %
2025-07-06 - 06:26:33 - INFO: CAGR 4Y (EPS) (Ticker: ALNY): 15.18 %
2025-07-06 - 06:26:33 - INFO: EVAR 4Y (Net Income) (Ticker: K): 38.41%
2025-07-06 - 06:26:33 - INFO: CAGR 4Y (Net Income) (Ticker: CHTR): 2.98 %
2025-07-06 - 06:26:33 - INFO: CAGR 4Y (Net Income) (Ticker: ALNY): 18.73 %
2025-07-06 - 06:26:33 - INFO: CAGR 4Y (EPS) (Ticker: K): -3.48 %
2025-07-06 - 06:26:33 - INFO: Dividend Yield (Ticker: CHTR): N/A
2025-07-06 - 06:26:33 - INFO: Dividend Yield (Ticker: ALNY): N/A
2025-07-06 - 06:26:33 - INFO: CAGR 4Y (Net Income) (Ticker: K): -3.36 %
2025-07-06 - 06:26:33 - INFO: ROE (ttm) (Yahoo Finance) (Ticker: CHTR): 33.12 %
2025-07-06 - 06:26:33 - INFO: ROE (ttm) (Yahoo Finance) (Ticker: ALNY): N/A
2025-07-06 - 06:26:33 - INFO: Dividend Yield (Ticker: K): 2.87 %
2025-07-06 - 06:26:33 - INFO: ROE (ttm) (Yahoo Finance) (Ticker: K): 38.15 %
2025-07-06 - 06:26:33 - INFO: EBIT/TEV (Ticker: CNP): 4.62 %
2025-07-06 - 06:26:33 - INFO: P/B (Ticker: CNP): 2.14
2025-07-06 - 06:26:33 - INFO: EBIT/TEV (Ticker: ALL): 9.44 %
2025-07-06 - 06:26:33 - INFO: P/B (Ticker: ALL): 2.62
2025-07-06 - 06:26:33 - INFO: CFOA (annual) (Ticker: WEC): 6.78 %
2025-07-06 - 06:26:33 - INFO: ROE - Calc (Ticker: ALNY): N/A
2025-07-06 - 06:26:33 - INFO: ROE - MSCI (Ticker: ALNY): -221.39 %
2025-07-06 - 06:26:33 - INFO: ROA (ttm) (Yahoo Finance) (Ticker: ALNY): -1.79 %
2025-07-06 - 06:26:33 - INFO: ROA - Calc (Ticker: ALNY): -6.56 %
2025-07-06 - 06:26:34 - INFO: ROE - Calc (Ticker: ORA): 5.22 %
2025-07-06 - 06:26:34 - INFO: ROE - Calc (Ticker: K): 39.05 %
2025-07-06 - 06:26:34 - INFO: ROE - Calc (Ticker: CHTR): 36.94 %
2025-07-06 - 06:26:34 - INFO: ROE - MSCI (Ticker: ORA): 5.42 %
2025-07-06 - 06:26:34 - INFO: Fetched Earnings data (EPS) for 4 years period (Ticker: CNP).
2025-07-06 - 06:26:34 - INFO: EPS (latest) (Ticker: CNP): 1.58
2025-07-06 - 06:26:34 - INFO: ROE - MSCI (Ticker: K): 36.65 %
2025-07-06 - 06:26:34 - INFO: ROA (ttm) (Yahoo Finance) (Ticker: ORA): 1.8 %
2025-07-06 - 06:26:34 - INFO: ROE - MSCI (Ticker: CHTR): 41.63 %
2025-07-06 - 06:26:34 - INFO: Fetched Earnings data (Net Income) for 4 years period (Ticker: CNP).
2025-07-06 - 06:26:34 - INFO: Fetched Earnings data (EPS) for 4 years period (Ticker: ALL).
2025-07-06 - 06:26:34 - INFO: ROA (ttm) (Yahoo Finance) (Ticker: K): 8.12 %
2025-07-06 - 06:26:34 - INFO: ROA - Calc (Ticker: ORA): 2.18 %
2025-07-06 - 06:26:34 - INFO: ROA (ttm) (Yahoo Finance) (Ticker: CHTR): 5.64 %
2025-07-06 - 06:26:34 - INFO: Calculating Earnings Variability (EVAR) using EPS over 3 year period (Ticker: CNP).
2025-07-06 - 06:26:34 - INFO: EPS (latest) (Ticker: ALL): 17.22
2025-07-06 - 06:26:34 - INFO: ROA - Calc (Ticker: K): 8.59 %
2025-07-06 - 06:26:34 - INFO: ROA - Calc (Ticker: CHTR): 3.39 %
2025-07-06 - 06:26:34 - INFO: EVAR 4Y (EPS) (Ticker: CNP): 23.88%
2025-07-06 - 06:26:34 - INFO: Fetched Earnings data (Net Income) for 4 years period (Ticker: ALL).
2025-07-06 - 06:26:34 - INFO: CFOA (annual) (Ticker: ALNY): -0.2 %
2025-07-06 - 06:26:34 - INFO: CFOA (ttm) (Ticker: WEC): 7.58 %
2025-07-06 - 06:26:34 - INFO: Calculating Earnings Variability (EVAR) using Net Income over 3 year period (Ticker: CNP).
2025-07-06 - 06:26:34 - INFO: Calculating Earnings Variability (EVAR) using EPS over 3 year period (Ticker: ALL).
2025-07-06 - 06:26:34 - INFO: GPOA (Ticker: WEC): 7.99 %
2025-07-06 - 06:26:34 - INFO: EVAR 4Y (Net Income) (Ticker: CNP): 20.16%
2025-07-06 - 06:26:34 - INFO: EVAR 4Y (EPS) (Ticker: ALL): 933.37%
2025-07-06 - 06:26:34 - INFO: GPMAR (Ticker: WEC): 44.02 %
2025-07-06 - 06:26:34 - INFO: CAGR 4Y (EPS) (Ticker: CNP): -12.39 %
2025-07-06 - 06:26:34 - INFO: Calculating Earnings Variability (EVAR) using Net Income over 3 year period (Ticker: ALL).
2025-07-06 - 06:26:34 - INFO: Profit Margin (Ticker: WEC): 17.96 %
2025-07-06 - 06:26:34 - INFO: CFOA (annual) (Ticker: ORA): 7.25 %
2025-07-06 - 06:26:34 - INFO: CAGR 4Y (Net Income) (Ticker: CNP): -11.82 %
2025-07-06 - 06:26:34 - INFO: EVAR 4Y (Net Income) (Ticker: ALL): 1524.02%
2025-07-06 - 06:26:34 - INFO: CFOA (annual) (Ticker: CHTR): 9.62 %
2025-07-06 - 06:26:34 - INFO: Sector: Utilities
2025-07-06 - 06:26:34 - INFO: Dividend Yield (Ticker: CNP): 2.4 %
2025-07-06 - 06:26:34 - INFO: CAGR 4Y (EPS) (Ticker: ALL): 50.61 %
2025-07-06 - 06:26:34 - INFO: Industry: Utilities - Regulated Electric
2025-07-06 - 06:26:34 - INFO: ROE (ttm) (Yahoo Finance) (Ticker: CNP): 9.22 %
2025-07-06 - 06:26:34 - INFO: CAGR 4Y (Net Income) (Ticker: ALL): 42.47 %
2025-07-06 - 06:26:34 - INFO: CFOA (annual) (Ticker: K): 11.26 %
2025-07-06 - 06:26:34 - INFO: Dividend Yield (Ticker: ALL): 1.99 %
2025-07-06 - 06:26:34 - INFO: CFOA (ttm) (Ticker: ALNY): -1.08 %
2025-07-06 - 06:26:34 - INFO: ROE (ttm) (Yahoo Finance) (Ticker: ALL): 19.72 %
2025-07-06 - 06:26:34 - INFO: GPOA (Ticker: ALNY): 45.4 %
2025-07-06 - 06:26:34 - INFO: GPMAR (Ticker: ALNY): 85.62 %
2025-07-06 - 06:26:34 - INFO: CFOA (ttm) (Ticker: ORA): 6.79 %
2025-07-06 - 06:26:34 - INFO: Profit Margin (Ticker: ALNY): -11.49 %
2025-07-06 - 06:26:34 - INFO: GPOA (Ticker: ORA): 4.81 %
2025-07-06 - 06:26:34 - INFO: Sector: Healthcare
2025-07-06 - 06:26:34 - INFO: GPMAR (Ticker: ORA): 30.99 %
2025-07-06 - 06:26:34 - INFO: CFOA (ttm) (Ticker: CHTR): 10.32 %
2025-07-06 - 06:26:34 - INFO: Industry: Biotechnology
2025-07-06 - 06:26:34 - INFO: CFOA (ttm) (Ticker: K): 9.73 %
2025-07-06 - 06:26:34 - INFO: ROE - Calc (Ticker: CNP): 9.22 %
2025-07-06 - 06:26:34 - INFO: Profit Margin (Ticker: ORA): 14.18 %
2025-07-06 - 06:26:34 - INFO: GPOA (Ticker: CHTR): 20.52 %
2025-07-06 - 06:26:34 - INFO: GPOA (Ticker: K): 29.08 %
2025-07-06 - 06:26:34 - INFO: ROE - MSCI (Ticker: CNP): 9.89 %
2025-07-06 - 06:26:34 - INFO: Sector: Utilities
2025-07-06 - 06:26:34 - INFO: GPMAR (Ticker: CHTR): 55.87 %
2025-07-06 - 06:26:34 - INFO: GPMAR (Ticker: K): 35.65 %
2025-07-06 - 06:26:34 - INFO: ROA (ttm) (Yahoo Finance) (Ticker: CNP): 2.97 %
2025-07-06 - 06:26:34 - INFO: Industry: Utilities - Renewable
2025-07-06 - 06:26:35 - INFO: ROE - Calc (Ticker: ALL): 19.88 %
2025-07-06 - 06:26:35 - INFO: Profit Margin (Ticker: CHTR): 9.42 %
2025-07-06 - 06:26:35 - INFO: Profit Margin (Ticker: K): 10.93 %
2025-07-06 - 06:26:35 - INFO: ROA - Calc (Ticker: CNP): 2.33 %
2025-07-06 - 06:26:35 - INFO: ROE - MSCI (Ticker: ALL): 20.65 %
2025-07-06 - 06:26:35 - INFO: Sector: Communication Services
2025-07-06 - 06:26:35 - INFO: Sector: Consumer Defensive
2025-07-06 - 06:26:35 - INFO: ROA (ttm) (Yahoo Finance) (Ticker: ALL): 3.11 %
2025-07-06 - 06:26:35 - INFO: Industry: Telecom Services
2025-07-06 - 06:26:35 - INFO: Industry: Packaged Foods
2025-07-06 - 06:26:35 - INFO: ROA - Calc (Ticker: ALL): 4.18 %
2025-07-06 - 06:26:35 - INFO: CFOA (annual) (Ticker: ALL): 8.0 %
2025-07-06 - 06:26:35 - INFO: CFOA (annual) (Ticker: CNP): 4.89 %
2025-07-06 - 06:26:35 - ERROR: Invalid Stock Ticker Symbol: DSV
2025-07-06 - 06:26:35 - ERROR: Skipping Stock Analysis for DSV.
2025-07-06 - 06:26:35 - INFO: CFOA (ttm) (Ticker: ALL): 8.22 %
2025-07-06 - 06:26:35 - INFO: ---------------------- ALL ----------------------
2025-07-06 - 06:26:35 - INFO: P/E (Forward) (Ticker: ALL): 10.4
2025-07-06 - 06:26:35 - ERROR: Invalid Stock Ticker Symbol: HOLN
2025-07-06 - 06:26:35 - INFO: P/E (Trailing) (Ticker: ALL): 13.53
2025-07-06 - 06:26:35 - ERROR: Skipping Stock Analysis for HOLN.
2025-07-06 - 06:26:35 - INFO: CFOA (ttm) (Ticker: CNP): 4.67 %
2025-07-06 - 06:26:35 - INFO: EBIT/TEV (Ticker: ALL): 9.44 %
2025-07-06 - 06:26:35 - INFO: GPOA (Ticker: CNP): 9.08 %
2025-07-06 - 06:26:35 - INFO: P/B (Ticker: ALL): 2.62
2025-07-06 - 06:26:35 - INFO: GPMAR (Ticker: CNP): 46.0 %
2025-07-06 - 06:26:35 - INFO: GPOA (Ticker: ALL): None %
2025-07-06 - 06:26:35 - INFO: Fetched Earnings data (EPS) for 4 years period (Ticker: ALL).
2025-07-06 - 06:26:35 - INFO: Profit Margin (Ticker: CNP): 10.8 %
2025-07-06 - 06:26:35 - INFO: GPMAR (Ticker: ALL): None %
2025-07-06 - 06:26:35 - INFO: EPS (latest) (Ticker: ALL): 17.22
2025-07-06 - 06:26:35 - INFO: Sector: Utilities
2025-07-06 - 06:26:35 - ERROR: Error calculating GPOA and GPMAR TTM (Ticker: ALL): Cannot calculate GPOA (Ticker: ALL): 'Gross Profit' data is missing in the Income Statement.
2025-07-06 - 06:26:35 - INFO: Fetched Earnings data (Net Income) for 4 years period (Ticker: ALL).
2025-07-06 - 06:26:35 - INFO: Industry: Utilities - Regulated Electric
2025-07-06 - 06:26:35 - INFO: Profit Margin (Ticker: ALL): 6.19 %
2025-07-06 - 06:26:35 - INFO: Calculating Earnings Variability (EVAR) using EPS over 3 year period (Ticker: ALL).
2025-07-06 - 06:26:35 - INFO: ---------------------- HIG ----------------------
2025-07-06 - 06:26:35 - INFO: Sector: Financial Services
2025-07-06 - 06:26:35 - INFO: EVAR 4Y (EPS) (Ticker: ALL): 933.37%
2025-07-06 - 06:26:35 - INFO: P/E (Forward) (Ticker: HIG): 10.77
2025-07-06 - 06:26:35 - INFO: Industry: Insurance - Property & Casualty
2025-07-06 - 06:26:35 - INFO: Calculating Earnings Variability (EVAR) using Net Income over 3 year period (Ticker: ALL).
2025-07-06 - 06:26:35 - INFO: P/E (Trailing) (Ticker: HIG): 12.47
2025-07-06 - 06:26:35 - INFO: EVAR 4Y (Net Income) (Ticker: ALL): 1524.02%
2025-07-06 - 06:26:35 - ERROR: Error calculating profitability growth metrics for ALL: Cannot calculate CAGR. No Earnings Growth data available (Ticker: ALL).
2025-07-06 - 06:26:35 - INFO: CAGR 4Y (EPS) (Ticker: ALL): 50.61 %
2025-07-06 - 06:26:35 - ERROR: Cannot calculate CAGR. No Earnings Growth data available (Ticker: ALL).
Traceback (most recent call last):
  File "StockFactorScreener.py", line 249, in calc_profitability_growth
  File "ProfitabilityCalculator.py", line 1004, in calc_cagr
ProfitabilityCalculator.CAGRCalcError: Cannot calculate CAGR. No Earnings Growth data available (Ticker: ALL).
2025-07-06 - 06:26:35 - INFO: CAGR 4Y (Net Income) (Ticker: ALL): 42.47 %
2025-07-06 - 06:26:35 - INFO: Dividend Yield (Ticker: ALL): 1.99 %
2025-07-06 - 06:26:35 - INFO: ROE (ttm) (Yahoo Finance) (Ticker: ALL): 19.72 %
2025-07-06 - 06:26:35 - INFO: ROE - Calc (Ticker: ALL): 19.88 %
2025-07-06 - 06:26:35 - INFO: ROE - MSCI (Ticker: ALL): 20.65 %
2025-07-06 - 06:26:35 - INFO: ROA (ttm) (Yahoo Finance) (Ticker: ALL): 3.11 %
2025-07-06 - 06:26:35 - INFO: ROA - Calc (Ticker: ALL): 4.18 %
2025-07-06 - 06:26:36 - INFO: CFOA (annual) (Ticker: ALL): 8.0 %
2025-07-06 - 06:26:36 - INFO: ---------------------- NRG ----------------------
2025-07-06 - 06:26:36 - INFO: CFOA (ttm) (Ticker: ALL): 8.22 %
2025-07-06 - 06:26:36 - INFO: P/E (Forward) (Ticker: NRG): 22.96
2025-07-06 - 06:26:36 - INFO: P/E (Trailing) (Ticker: NRG): 25.18
2025-07-06 - 06:26:36 - ERROR: Invalid Stock Ticker Symbol: MRU
2025-07-06 - 06:26:36 - ERROR: Skipping Stock Analysis for MRU.
2025-07-06 - 06:26:36 - INFO: GPOA (Ticker: ALL): None %
2025-07-06 - 06:26:36 - INFO: GPMAR (Ticker: ALL): None %
2025-07-06 - 06:26:36 - ERROR: Error calculating GPOA and GPMAR TTM (Ticker: ALL): Cannot calculate GPOA (Ticker: ALL): 'Gross Profit' data is missing in the Income Statement.
2025-07-06 - 06:26:36 - INFO: Profit Margin (Ticker: ALL): 6.19 %
2025-07-06 - 06:26:36 - INFO: Sector: Financial Services
2025-07-06 - 06:26:36 - INFO: Industry: Insurance - Property & Casualty
2025-07-06 - 06:26:36 - ERROR: Error calculating profitability growth metrics for ALL: Cannot calculate CAGR. No Earnings Growth data available (Ticker: ALL).
2025-07-06 - 06:26:36 - ERROR: Cannot calculate CAGR. No Earnings Growth data available (Ticker: ALL).
Traceback (most recent call last):
  File "StockFactorScreener.py", line 249, in calc_profitability_growth
  File "ProfitabilityCalculator.py", line 1004, in calc_cagr
ProfitabilityCalculator.CAGRCalcError: Cannot calculate CAGR. No Earnings Growth data available (Ticker: ALL).
2025-07-06 - 06:26:36 - INFO: ---------------------- TRGP ----------------------
2025-07-06 - 06:26:36 - INFO: P/E (Forward) (Ticker: TRGP): 21.01
2025-07-06 - 06:26:36 - INFO: P/E (Trailing) (Ticker: TRGP): 31.96
2025-07-06 - 06:26:36 - ERROR: Invalid Stock Ticker Symbol: ICSUAGD
2025-07-06 - 06:26:36 - ERROR: Skipping Stock Analysis for ICSUAGD.
2025-07-06 - 06:26:36 - INFO: EBIT/TEV (Ticker: HIG): 19.8 %
2025-07-06 - 06:26:36 - INFO: P/B (Ticker: HIG): 2.16
2025-07-06 - 06:26:36 - INFO: EBIT/TEV (Ticker: NRG): 6.17 %
2025-07-06 - 06:26:36 - INFO: P/B (Ticker: NRG): 14.63
2025-07-06 - 06:26:36 - INFO: ---------------------- TSCO ----------------------
2025-07-06 - 06:26:36 - INFO: P/E (Forward) (Ticker: TSCO): 4.91
2025-07-06 - 06:26:36 - INFO: Fetched Earnings data (EPS) for 4 years period (Ticker: HIG).
2025-07-06 - 06:26:36 - INFO: P/E (Trailing) (Ticker: TSCO): 27.18
2025-07-06 - 06:26:36 - INFO: EPS (latest) (Ticker: HIG): 8.09
2025-07-06 - 06:26:36 - INFO: Fetched Earnings data (Net Income) for 4 years period (Ticker: HIG).
2025-07-06 - 06:26:36 - INFO: Calculating Earnings Variability (EVAR) using EPS over 3 year period (Ticker: HIG).
2025-07-06 - 06:26:36 - INFO: EVAR 4Y (EPS) (Ticker: HIG): 36.29%
2025-07-06 - 06:26:36 - INFO: EBIT/TEV (Ticker: TRGP): 4.84 %
2025-07-06 - 06:26:36 - INFO: Calculating Earnings Variability (EVAR) using Net Income over 3 year period (Ticker: HIG).
2025-07-06 - 06:26:36 - INFO: P/B (Ticker: TRGP): 15.39
2025-07-06 - 06:26:36 - INFO: EVAR 4Y (Net Income) (Ticker: HIG): 32.02%
2025-07-06 - 06:26:36 - INFO: CAGR 4Y (EPS) (Ticker: HIG): 19.09 %
2025-07-06 - 06:26:36 - INFO: CAGR 4Y (Net Income) (Ticker: HIG): 9.48 %
2025-07-06 - 06:26:36 - INFO: Dividend Yield (Ticker: HIG): 1.64 %
2025-07-06 - 06:26:36 - INFO: ROE (ttm) (Yahoo Finance) (Ticker: HIG): 18.5 %
2025-07-06 - 06:26:36 - INFO: ---------------------- ARGX ----------------------
2025-07-06 - 06:26:36 - INFO: P/E (Forward) (Ticker: ARGX): 56.09
2025-07-06 - 06:26:36 - INFO: P/E (Trailing) (Ticker: ARGX): 33.12
2025-07-06 - 06:26:37 - ERROR: Invalid Stock Ticker Symbol: 7013
2025-07-06 - 06:26:37 - ERROR: Skipping Stock Analysis for 7013.
2025-07-06 - 06:26:37 - INFO: Fetched Earnings data (EPS) for 4 years period (Ticker: NRG).
2025-07-06 - 06:26:37 - INFO: EPS (latest) (Ticker: NRG): 5.14
2025-07-06 - 06:26:37 - INFO: Fetched Earnings data (Net Income) for 4 years period (Ticker: NRG).
2025-07-06 - 06:26:37 - INFO: ---------------------- EBAY ----------------------
2025-07-06 - 06:26:37 - INFO: Calculating Earnings Variability (EVAR) using EPS over 3 year period (Ticker: NRG).
2025-07-06 - 06:26:37 - INFO: P/E (Forward) (Ticker: EBAY): 14.63
2025-07-06 - 06:26:37 - INFO: EVAR 4Y (EPS) (Ticker: NRG): 372.11%
2025-07-06 - 06:26:37 - INFO: P/E (Trailing) (Ticker: EBAY): 18.36
2025-07-06 - 06:26:37 - INFO: Calculating Earnings Variability (EVAR) using Net Income over 3 year period (Ticker: NRG).
2025-07-06 - 06:26:37 - INFO: Fetched Earnings data (EPS) for 4 years period (Ticker: TRGP).
2025-07-06 - 06:26:37 - INFO: ROE - Calc (Ticker: HIG): 18.49 %
2025-07-06 - 06:26:37 - INFO: EVAR 4Y (Net Income) (Ticker: NRG): 427.21%
2025-07-06 - 06:26:37 - INFO: EPS (latest) (Ticker: TRGP): 5.77
2025-07-06 - 06:26:37 - INFO: ROE - MSCI (Ticker: HIG): 17.19 %
2025-07-06 - 06:26:37 - INFO: CAGR 4Y (EPS) (Ticker: NRG): -16.82 %
2025-07-06 - 06:26:37 - INFO: EBIT/TEV (Ticker: TSCO): 4.21 %
2025-07-06 - 06:26:37 - INFO: Fetched Earnings data (Net Income) for 4 years period (Ticker: TRGP).
2025-07-06 - 06:26:37 - INFO: ROA (ttm) (Yahoo Finance) (Ticker: HIG): 3.08 %
2025-07-06 - 06:26:37 - INFO: CAGR 4Y (Net Income) (Ticker: NRG): -19.88 %
2025-07-06 - 06:26:37 - INFO: P/B (Ticker: TSCO): 12.96
2025-07-06 - 06:26:37 - INFO: Calculating Earnings Variability (EVAR) using EPS over 3 year period (Ticker: TRGP).
2025-07-06 - 06:26:37 - INFO: ROA - Calc (Ticker: HIG): 3.84 %
2025-07-06 - 06:26:37 - INFO: Dividend Yield (Ticker: NRG): 1.1 %
2025-07-06 - 06:26:37 - INFO: ROE (ttm) (Yahoo Finance) (Ticker: NRG): 44.91 %
2025-07-06 - 06:26:37 - INFO: EVAR 4Y (EPS) (Ticker: TRGP): 3301.42%
2025-07-06 - 06:26:37 - INFO: Calculating Earnings Variability (EVAR) using Net Income over 3 year period (Ticker: TRGP).
2025-07-06 - 06:26:37 - INFO: EVAR 4Y (Net Income) (Ticker: TRGP): 908.81%
2025-07-06 - 06:26:37 - INFO: CAGR 4Y (EPS) (Ticker: TRGP): 338.7 %
2025-07-06 - 06:26:37 - INFO: CAGR 4Y (Net Income) (Ticker: TRGP): 164.13 %
2025-07-06 - 06:26:37 - INFO: Dividend Yield (Ticker: TRGP): 2.3 %
2025-07-06 - 06:26:37 - INFO: ROE (ttm) (Yahoo Finance) (Ticker: TRGP): 41.98 %
2025-07-06 - 06:26:37 - INFO: EBIT/TEV (Ticker: ARGX): 0.72 %
2025-07-06 - 06:26:37 - INFO: P/B (Ticker: ARGX): 6.01
2025-07-06 - 06:26:37 - INFO: Fetched Earnings data (EPS) for 4 years period (Ticker: TSCO).
2025-07-06 - 06:26:37 - INFO: EPS (latest) (Ticker: TSCO): 2.05
2025-07-06 - 06:26:37 - INFO: Fetched Earnings data (Net Income) for 4 years period (Ticker: TSCO).
2025-07-06 - 06:26:37 - INFO: CFOA (annual) (Ticker: HIG): 7.3 %
2025-07-06 - 06:26:37 - INFO: Calculating Earnings Variability (EVAR) using EPS over 3 year period (Ticker: TSCO).
2025-07-06 - 06:26:37 - INFO: ROE - Calc (Ticker: NRG): 44.91 %
2025-07-06 - 06:26:37 - INFO: EVAR 4Y (EPS) (Ticker: TSCO): 6.03%
2025-07-06 - 06:26:37 - INFO: ROE - MSCI (Ticker: NRG): 40.41 %
2025-07-06 - 06:26:37 - INFO: Calculating Earnings Variability (EVAR) using Net Income over 3 year period (Ticker: TSCO).
2025-07-06 - 06:26:37 - INFO: ROA (ttm) (Yahoo Finance) (Ticker: NRG): 6.31 %
2025-07-06 - 06:26:37 - INFO: EVAR 4Y (Net Income) (Ticker: TSCO): 5.09%
2025-07-06 - 06:26:37 - INFO: ROA - Calc (Ticker: NRG): 4.68 %
2025-07-06 - 06:26:37 - INFO: ROE - Calc (Ticker: TRGP): 50.72 %
2025-07-06 - 06:26:37 - INFO: CAGR 4Y (EPS) (Ticker: TSCO): 5.66 %
2025-07-06 - 06:26:37 - INFO: Fetched Earnings data (EPS) for 4 years period (Ticker: ARGX).
2025-07-06 - 06:26:37 - INFO: ROE - MSCI (Ticker: TRGP): 51.07 %
2025-07-06 - 06:26:37 - INFO: CAGR 4Y (Net Income) (Ticker: TSCO): 3.37 %
2025-07-06 - 06:26:37 - INFO: EBIT/TEV (Ticker: EBAY): 6.13 %
2025-07-06 - 06:26:37 - INFO: EPS (latest) (Ticker: ARGX): 13.92
2025-07-06 - 06:26:37 - INFO: CFOA (ttm) (Ticker: HIG): 7.17 %
2025-07-06 - 06:26:37 - INFO: ROA (ttm) (Yahoo Finance) (Ticker: TRGP): 7.44 %
2025-07-06 - 06:26:37 - INFO: Dividend Yield (Ticker: TSCO): 1.74 %
2025-07-06 - 06:26:37 - INFO: P/B (Ticker: EBAY): 7.14
2025-07-06 - 06:26:37 - INFO: Fetched Earnings data (Net Income) for 4 years period (Ticker: ARGX).
2025-07-06 - 06:26:37 - INFO: ROA - Calc (Ticker: TRGP): 5.77 %
2025-07-06 - 06:26:37 - INFO: ROE (ttm) (Yahoo Finance) (Ticker: TSCO): 49.62 %
2025-07-06 - 06:26:37 - INFO: Calculating Earnings Variability (EVAR) using EPS over 3 year period (Ticker: ARGX).
2025-07-06 - 06:26:37 - INFO: EVAR 4Y (EPS) (Ticker: ARGX): 223.07%
2025-07-06 - 06:26:37 - INFO: Calculating Earnings Variability (EVAR) using Net Income over 3 year period (Ticker: ARGX).
2025-07-06 - 06:26:37 - INFO: EVAR 4Y (Net Income) (Ticker: ARGX): 234.69%
2025-07-06 - 06:26:37 - INFO: CAGR 4Y (EPS) (Ticker: ARGX): 55.25 %
2025-07-06 - 06:26:37 - INFO: CAGR 4Y (Net Income) (Ticker: ARGX): 59.27 %
2025-07-06 - 06:26:37 - INFO: Dividend Yield (Ticker: ARGX): N/A
2025-07-06 - 06:26:37 - INFO: ROE (ttm) (Yahoo Finance) (Ticker: ARGX): N/A
2025-07-06 - 06:26:38 - INFO: CFOA (annual) (Ticker: NRG): 9.6 %
2025-07-06 - 06:26:38 - INFO: ROE - Calc (Ticker: TSCO): 49.62 %
2025-07-06 - 06:26:38 - INFO: ROE - MSCI (Ticker: TSCO): 47.84 %
2025-07-06 - 06:26:38 - INFO: ROA (ttm) (Yahoo Finance) (Ticker: TSCO): 9.11 %
2025-07-06 - 06:26:38 - INFO: ROA - Calc (Ticker: TSCO): 11.23 %
2025-07-06 - 06:26:38 - INFO: GPOA (Ticker: HIG): None %
2025-07-06 - 06:26:38 - INFO: ---------------------- TRI ----------------------
2025-07-06 - 06:26:38 - INFO: Fetched Earnings data (EPS) for 4 years period (Ticker: EBAY).
2025-07-06 - 06:26:38 - INFO: CFOA (annual) (Ticker: TRGP): 16.05 %
2025-07-06 - 06:26:38 - INFO: GPMAR (Ticker: HIG): None %
2025-07-06 - 06:26:38 - INFO: P/E (Forward) (Ticker: TRI): 50.02
2025-07-06 - 06:26:38 - INFO: CFOA (ttm) (Ticker: NRG): 11.75 %
2025-07-06 - 06:26:38 - INFO: EPS (latest) (Ticker: EBAY): 3.99
2025-07-06 - 06:26:38 - ERROR: Error calculating GPOA and GPMAR TTM (Ticker: HIG): Cannot calculate GPOA (Ticker: HIG): 'Gross Profit' data is missing in the Income Statement.
2025-07-06 - 06:26:38 - INFO: P/E (Trailing) (Ticker: TRI): 42.16
2025-07-06 - 06:26:38 - ERROR: Error calculating ROE (ttm) (Ticker: ARGX): Cannot calculate ROE (Ticker: ARGX): An error occurred: Cannot calculate ROE TTM (Ticker: ARGX): Not enough Stockholders' Equity quarterly data is available. 
 Data for at least 5 quarters is required.
2025-07-06 - 06:26:38 - INFO: GPOA (Ticker: NRG): 25.1 %
2025-07-06 - 06:26:38 - INFO: Fetched Earnings data (Net Income) for 4 years period (Ticker: EBAY).
2025-07-06 - 06:26:38 - INFO: Profit Margin (Ticker: HIG): 11.09 %
2025-07-06 - 06:26:38 - ERROR: Unhandled error analyzing stock (Ticker: ARGX)
2025-07-06 - 06:26:38 - INFO: CFOA (annual) (Ticker: TSCO): 14.49 %
2025-07-06 - 06:26:38 - INFO: GPMAR (Ticker: NRG): 21.44 %
2025-07-06 - 06:26:38 - INFO: Calculating Earnings Variability (EVAR) using EPS over 3 year period (Ticker: EBAY).
2025-07-06 - 06:26:38 - INFO: Sector: Financial Services
2025-07-06 - 06:26:38 - ERROR: Cannot calculate Trailing EPS! Not enough EPS data for the last 4 quarters (Ticker: ARGX).
Traceback (most recent call last):
  File "StockFactorScreener.py", line 605, in analyze_stock
  File "ProfitabilityCalculator.py", line 304, in calc_roe_msci
  File "EarningsEngine.py", line 351, in calc_eps_ttm
EarningsEngine.EPSCalcError: Cannot calculate Trailing EPS! Not enough EPS data for the last 4 quarters (Ticker: ARGX).
2025-07-06 - 06:26:38 - INFO: Profit Margin (Ticker: NRG): 4.66 %
2025-07-06 - 06:26:38 - INFO: EVAR 4Y (EPS) (Ticker: EBAY): 233.43%
2025-07-06 - 06:26:38 - INFO: Industry: Insurance - Property & Casualty
2025-07-06 - 06:26:38 - INFO: Sector: Utilities
2025-07-06 - 06:26:38 - INFO: Calculating Earnings Variability (EVAR) using Net Income over 3 year period (Ticker: EBAY).
2025-07-06 - 06:26:38 - INFO: Industry: Utilities - Independent Power Producers
2025-07-06 - 06:26:38 - INFO: EVAR 4Y (Net Income) (Ticker: EBAY): 227.06%
2025-07-06 - 06:26:38 - ERROR: Error calculating profitability growth metrics for HIG: Cannot calculate CAGR. No Earnings Growth data available (Ticker: HIG).
2025-07-06 - 06:26:38 - INFO: CAGR 4Y (EPS) (Ticker: EBAY): -42.39 %
2025-07-06 - 06:26:38 - ERROR: Cannot calculate CAGR. No Earnings Growth data available (Ticker: HIG).
Traceback (most recent call last):
  File "StockFactorScreener.py", line 249, in calc_profitability_growth
  File "ProfitabilityCalculator.py", line 1004, in calc_cagr
ProfitabilityCalculator.CAGRCalcError: Cannot calculate CAGR. No Earnings Growth data available (Ticker: HIG).
2025-07-06 - 06:26:38 - INFO: CAGR 4Y (Net Income) (Ticker: EBAY): -47.45 %
2025-07-06 - 06:26:38 - INFO: Dividend Yield (Ticker: EBAY): 1.56 %
2025-07-06 - 06:26:38 - INFO: ROE (ttm) (Yahoo Finance) (Ticker: EBAY): 36.48 %
2025-07-06 - 06:26:38 - INFO: CFOA (ttm) (Ticker: TRGP): 16.81 %
2025-07-06 - 06:26:38 - INFO: GPOA (Ticker: TRGP): 18.72 %
2025-07-06 - 06:26:38 - INFO: GPMAR (Ticker: TRGP): 25.98 %
2025-07-06 - 06:26:38 - INFO: Profit Margin (Ticker: TRGP): 7.98 %
2025-07-06 - 06:26:38 - INFO: Sector: Energy
2025-07-06 - 06:26:38 - INFO: Industry: Oil & Gas Midstream
2025-07-06 - 06:26:38 - INFO: ROE - Calc (Ticker: EBAY): 36.35 %
2025-07-06 - 06:26:38 - INFO: ROE - MSCI (Ticker: EBAY): 39.75 %
2025-07-06 - 06:26:38 - INFO: ROA (ttm) (Yahoo Finance) (Ticker: EBAY): 6.96 %
2025-07-06 - 06:26:38 - INFO: ROA - Calc (Ticker: EBAY): 10.20 %
2025-07-06 - 06:26:38 - INFO: CFOA (ttm) (Ticker: TSCO): 13.89 %
2025-07-06 - 06:26:38 - INFO: GPOA (Ticker: TSCO): 55.04 %
2025-07-06 - 06:26:38 - INFO: GPMAR (Ticker: TSCO): 36.26 %
2025-07-06 - 06:26:38 - INFO: Profit Margin (Ticker: TSCO): 7.24 %
2025-07-06 - 06:26:38 - INFO: Sector: Consumer Cyclical
2025-07-06 - 06:26:38 - INFO: Industry: Specialty Retail
2025-07-06 - 06:26:38 - INFO: EBIT/TEV (Ticker: TRI): 2.08 %
2025-07-06 - 06:26:38 - INFO: P/B (Ticker: TRI): 7.37
2025-07-06 - 06:26:39 - INFO: Fetched Earnings data (EPS) for 4 years period (Ticker: TRI).
2025-07-06 - 06:26:39 - INFO: EPS (latest) (Ticker: TRI): 4.89
2025-07-06 - 06:26:39 - INFO: Fetched Earnings data (Net Income) for 4 years period (Ticker: TRI).
2025-07-06 - 06:26:39 - INFO: Calculating Earnings Variability (EVAR) using EPS over 3 year period (Ticker: TRI).
2025-07-06 - 06:26:39 - INFO: EVAR 4Y (EPS) (Ticker: TRI): 85.62%
2025-07-06 - 06:26:39 - ERROR: Invalid Stock Ticker Symbol: 9766
2025-07-06 - 06:26:39 - INFO: CFOA (annual) (Ticker: EBAY): 12.47 %
2025-07-06 - 06:26:39 - INFO: Calculating Earnings Variability (EVAR) using Net Income over 3 year period (Ticker: TRI).
2025-07-06 - 06:26:39 - ERROR: Skipping Stock Analysis for 9766.
2025-07-06 - 06:26:39 - ERROR: Invalid Stock Ticker Symbol: KOG
2025-07-06 - 06:26:39 - INFO: EVAR 4Y (Net Income) (Ticker: TRI): 90.67%
2025-07-06 - 06:26:39 - ERROR: Skipping Stock Analysis for KOG.
2025-07-06 - 06:26:39 - INFO: CAGR 4Y (EPS) (Ticker: TRI): -25.78 %
2025-07-06 - 06:26:39 - INFO: CAGR 4Y (Net Income) (Ticker: TRI): -27.03 %
2025-07-06 - 06:26:39 - INFO: Dividend Yield (Ticker: TRI): 1.18 %
2025-07-06 - 06:26:39 - INFO: ROE (ttm) (Yahoo Finance) (Ticker: TRI): 18.46 %
2025-07-06 - 06:26:39 - INFO: ---------------------- EQT ----------------------
2025-07-06 - 06:26:39 - INFO: P/E (Forward) (Ticker: EQT): 21.95
2025-07-06 - 06:26:39 - INFO: P/E (Trailing) (Ticker: EQT): 90.67
2025-07-06 - 06:26:39 - INFO: ---------------------- VTR ----------------------
2025-07-06 - 06:26:39 - INFO: P/E (Forward) (Ticker: VTR): 393.31
2025-07-06 - 06:26:39 - INFO: P/E (Trailing) (Ticker: VTR): 190.7
2025-07-06 - 06:26:39 - INFO: CFOA (ttm) (Ticker: EBAY): 13.16 %
2025-07-06 - 06:26:39 - INFO: GPOA (Ticker: EBAY): 38.23 %
2025-07-06 - 06:26:39 - INFO: GPMAR (Ticker: EBAY): 71.99 %
2025-07-06 - 06:26:39 - INFO: Profit Margin (Ticker: EBAY): 19.78 %
2025-07-06 - 06:26:39 - INFO: Sector: Consumer Cyclical
2025-07-06 - 06:26:39 - INFO: Industry: Internet Retail
2025-07-06 - 06:26:39 - INFO: ROE - Calc (Ticker: TRI): 18.54 %
2025-07-06 - 06:26:39 - INFO: ---------------------- NDAQ ----------------------
2025-07-06 - 06:26:39 - INFO: ROE - MSCI (Ticker: TRI): 17.55 %
2025-07-06 - 06:26:39 - INFO: P/E (Forward) (Ticker: NDAQ): 28.68
2025-07-06 - 06:26:39 - INFO: ROA (ttm) (Yahoo Finance) (Ticker: TRI): 6.35 %
2025-07-06 - 06:26:39 - INFO: P/E (Trailing) (Ticker: NDAQ): 40.76
2025-07-06 - 06:26:39 - INFO: ROA - Calc (Ticker: TRI): 11.99 %
2025-07-06 - 06:26:39 - INFO: ---------------------- WRB ----------------------
2025-07-06 - 06:26:39 - INFO: P/E (Forward) (Ticker: WRB): 16.43
2025-07-06 - 06:26:39 - INFO: P/E (Trailing) (Ticker: WRB): 16.59
2025-07-06 - 06:26:39 - INFO: EBIT/TEV (Ticker: EQT): 3.32 %
2025-07-06 - 06:26:39 - INFO: P/B (Ticker: EQT): 1.6
2025-07-06 - 06:26:39 - INFO: CFOA (annual) (Ticker: TRI): 13.33 %
2025-07-06 - 06:26:40 - INFO: EBIT/TEV (Ticker: VTR): 1.74 %
2025-07-06 - 06:26:40 - INFO: P/B (Ticker: VTR): 2.47
2025-07-06 - 06:26:40 - INFO: ---------------------- FTS ----------------------
2025-07-06 - 06:26:40 - INFO: P/E (Forward) (Ticker: FTS): 19.43
2025-07-06 - 06:26:40 - INFO: Fetched Earnings data (EPS) for 4 years period (Ticker: EQT).
2025-07-06 - 06:26:40 - INFO: P/E (Trailing) (Ticker: FTS): 19.51
2025-07-06 - 06:26:40 - INFO: EPS (latest) (Ticker: EQT): 0.45
2025-07-06 - 06:26:40 - INFO: Fetched Earnings data (Net Income) for 4 years period (Ticker: EQT).
2025-07-06 - 06:26:40 - INFO: Calculating Earnings Variability (EVAR) using EPS over 3 year period (Ticker: EQT).
2025-07-06 - 06:26:40 - INFO: EVAR 4Y (EPS) (Ticker: EQT): 167.9%
2025-07-06 - 06:26:40 - INFO: Calculating Earnings Variability (EVAR) using Net Income over 3 year period (Ticker: EQT).
2025-07-06 - 06:26:40 - INFO: EVAR 4Y (Net Income) (Ticker: EQT): 177.94%
2025-07-06 - 06:26:40 - INFO: CAGR 4Y (EPS) (Ticker: EQT): 28.58 %
2025-07-06 - 06:26:40 - INFO: CAGR 4Y (Net Income) (Ticker: EQT): 30.09 %
2025-07-06 - 06:26:40 - INFO: CFOA (ttm) (Ticker: TRI): 13.4 %
2025-07-06 - 06:26:40 - INFO: Dividend Yield (Ticker: EQT): 1.08 %
2025-07-06 - 06:26:40 - INFO: GPOA (Ticker: TRI): 31.22 %
2025-07-06 - 06:26:40 - INFO: ROE (ttm) (Yahoo Finance) (Ticker: EQT): 2.3 %
2025-07-06 - 06:26:40 - INFO: GPMAR (Ticker: TRI): 79.31 %
2025-07-06 - 06:26:40 - INFO: Fetched Earnings data (EPS) for 4 years period (Ticker: VTR).
2025-07-06 - 06:26:40 - INFO: EBIT/TEV (Ticker: NDAQ): 3.53 %
2025-07-06 - 06:26:40 - INFO: Profit Margin (Ticker: TRI): 29.74 %
2025-07-06 - 06:26:40 - INFO: EPS (latest) (Ticker: VTR): 0.2
2025-07-06 - 06:26:40 - INFO: P/B (Ticker: NDAQ): 4.48
2025-07-06 - 06:26:40 - INFO: Sector: Industrials
2025-07-06 - 06:26:40 - INFO: Fetched Earnings data (Net Income) for 4 years period (Ticker: VTR).
2025-07-06 - 06:26:40 - INFO: EBIT/TEV (Ticker: WRB): 47.76 %
2025-07-06 - 06:26:40 - INFO: Industry: Specialty Business Services
2025-07-06 - 06:26:40 - INFO: ---------------------- FER ----------------------
2025-07-06 - 06:26:40 - INFO: Calculating Earnings Variability (EVAR) using EPS over 3 year period (Ticker: VTR).
2025-07-06 - 06:26:40 - INFO: P/B (Ticker: WRB): 3.04
2025-07-06 - 06:26:40 - INFO: P/E (Forward) (Ticker: FER): 59.92
2025-07-06 - 06:26:40 - INFO: EVAR 4Y (EPS) (Ticker: VTR): 247.09%
2025-07-06 - 06:26:40 - INFO: P/E (Trailing) (Ticker: FER): 10.1
2025-07-06 - 06:26:40 - INFO: Calculating Earnings Variability (EVAR) using Net Income over 3 year period (Ticker: VTR).
2025-07-06 - 06:26:40 - INFO: EVAR 4Y (Net Income) (Ticker: VTR): 248.36%
2025-07-06 - 06:26:40 - INFO: CAGR 4Y (EPS) (Ticker: VTR): 15.44 %
2025-07-06 - 06:26:40 - INFO: CAGR 4Y (Net Income) (Ticker: VTR): 18.31 %
2025-07-06 - 06:26:40 - INFO: Dividend Yield (Ticker: VTR): 3.04 %
2025-07-06 - 06:26:40 - INFO: ROE (ttm) (Yahoo Finance) (Ticker: VTR): 1.38 %
2025-07-06 - 06:26:40 - INFO: ROE - Calc (Ticker: EQT): 2.06 %
2025-07-06 - 06:26:40 - INFO: ROE - MSCI (Ticker: EQT): 2.04 %
2025-07-06 - 06:26:40 - INFO: ROA (ttm) (Yahoo Finance) (Ticker: EQT): 1.25 %
2025-07-06 - 06:26:40 - INFO: ROA - Calc (Ticker: EQT): 0.58 %
2025-07-06 - 06:26:40 - INFO: Fetched Earnings data (EPS) for 4 years period (Ticker: NDAQ).
2025-07-06 - 06:26:40 - INFO: EPS (latest) (Ticker: NDAQ): 1.94
2025-07-06 - 06:26:40 - INFO: Fetched Earnings data (Net Income) for 4 years period (Ticker: NDAQ).
2025-07-06 - 06:26:40 - INFO: Calculating Earnings Variability (EVAR) using EPS over 3 year period (Ticker: NDAQ).
2025-07-06 - 06:26:40 - INFO: Fetched Earnings data (EPS) for 4 years period (Ticker: WRB).
2025-07-06 - 06:26:40 - INFO: EVAR 4Y (EPS) (Ticker: NDAQ): 1.98%
2025-07-06 - 06:26:40 - INFO: EPS (latest) (Ticker: WRB): 4.39
2025-07-06 - 06:26:40 - INFO: Calculating Earnings Variability (EVAR) using Net Income over 3 year period (Ticker: NDAQ).
2025-07-06 - 06:26:40 - INFO: Fetched Earnings data (Net Income) for 4 years period (Ticker: WRB).
2025-07-06 - 06:26:40 - INFO: EVAR 4Y (Net Income) (Ticker: NDAQ): 6.37%
2025-07-06 - 06:26:40 - INFO: ROE - Calc (Ticker: VTR): 1.36 %
2025-07-06 - 06:26:40 - INFO: Calculating Earnings Variability (EVAR) using EPS over 3 year period (Ticker: WRB).
2025-07-06 - 06:26:40 - INFO: CAGR 4Y (EPS) (Ticker: NDAQ): -6.63 %
2025-07-06 - 06:26:40 - INFO: ROE - MSCI (Ticker: VTR): 1.34 %
2025-07-06 - 06:26:40 - INFO: EVAR 4Y (EPS) (Ticker: WRB): 17.62%
2025-07-06 - 06:26:40 - INFO: EBIT/TEV (Ticker: FTS): 5.84 %
2025-07-06 - 06:26:40 - INFO: CAGR 4Y (Net Income) (Ticker: NDAQ): -2.01 %
2025-07-06 - 06:26:40 - INFO: CFOA (annual) (Ticker: EQT): 7.1 %
2025-07-06 - 06:26:40 - INFO: ROA (ttm) (Yahoo Finance) (Ticker: VTR): 1.92 %
2025-07-06 - 06:26:40 - INFO: Calculating Earnings Variability (EVAR) using Net Income over 3 year period (Ticker: WRB).
2025-07-06 - 06:26:40 - INFO: EBIT/TEV (Ticker: FER): 0.59 %
2025-07-06 - 06:26:40 - INFO: P/B (Ticker: FTS): 1.06
2025-07-06 - 06:26:40 - INFO: Dividend Yield (Ticker: NDAQ): 1.21 %
2025-07-06 - 06:26:40 - INFO: ROA - Calc (Ticker: VTR): 0.31 %
2025-07-06 - 06:26:40 - INFO: EVAR 4Y (Net Income) (Ticker: WRB): 18.38%
2025-07-06 - 06:26:40 - INFO: P/B (Ticker: FER): 6.3
2025-07-06 - 06:26:40 - INFO: ROE (ttm) (Yahoo Finance) (Ticker: NDAQ): 11.42 %
2025-07-06 - 06:26:40 - INFO: CAGR 4Y (EPS) (Ticker: WRB): 21.33 %
2025-07-06 - 06:26:40 - INFO: CAGR 4Y (Net Income) (Ticker: WRB): 19.76 %
2025-07-06 - 06:26:40 - INFO: Dividend Yield (Ticker: WRB): 0.49 %
2025-07-06 - 06:26:40 - INFO: ROE (ttm) (Yahoo Finance) (Ticker: WRB): 20.69 %
2025-07-06 - 06:26:41 - INFO: Fetched Earnings data (EPS) for 4 years period (Ticker: FER).
2025-07-06 - 06:26:41 - INFO: EPS (latest) (Ticker: FER): 0.46
2025-07-06 - 06:26:41 - INFO: Fetched Earnings data (EPS) for 4 years period (Ticker: FTS).
2025-07-06 - 06:26:41 - INFO: Fetched Earnings data (Net Income) for 4 years period (Ticker: FER).
2025-07-06 - 06:26:41 - INFO: EPS (latest) (Ticker: FTS): 3.24
2025-07-06 - 06:26:41 - INFO: Calculating Earnings Variability (EVAR) using EPS over 3 year period (Ticker: FER).
2025-07-06 - 06:26:41 - INFO: Fetched Earnings data (Net Income) for 4 years period (Ticker: FTS).
2025-07-06 - 06:26:41 - INFO: ROE - Calc (Ticker: NDAQ): 11.43 %
2025-07-06 - 06:26:41 - INFO: CFOA (annual) (Ticker: VTR): 5.08 %
2025-07-06 - 06:26:41 - INFO: CFOA (ttm) (Ticker: EQT): 9.47 %
2025-07-06 - 06:26:41 - INFO: EVAR 4Y (EPS) (Ticker: FER): 236.18%
2025-07-06 - 06:26:41 - INFO: ---------------------- ENX ----------------------
2025-07-06 - 06:26:41 - INFO: Calculating Earnings Variability (EVAR) using EPS over 3 year period (Ticker: FTS).
2025-07-06 - 06:26:41 - INFO: ROE - MSCI (Ticker: NDAQ): 11.1 %
2025-07-06 - 06:26:41 - INFO: ROE - Calc (Ticker: WRB): 20.73 %
2025-07-06 - 06:26:41 - INFO: GPOA (Ticker: EQT): 6.74 %
2025-07-06 - 06:26:41 - INFO: Calculating Earnings Variability (EVAR) using Net Income over 3 year period (Ticker: FER).
2025-07-06 - 06:26:41 - INFO: P/E (Forward) (Ticker: ENX): N/A
2025-07-06 - 06:26:41 - INFO: EVAR 4Y (EPS) (Ticker: FTS): 3.6%
2025-07-06 - 06:26:41 - INFO: ROA (ttm) (Yahoo Finance) (Ticker: NDAQ): 4.35 %
2025-07-06 - 06:26:41 - INFO: ROE - MSCI (Ticker: WRB): 18.54 %
2025-07-06 - 06:26:41 - INFO: GPMAR (Ticker: EQT): 51.37 %
2025-07-06 - 06:26:41 - INFO: EVAR 4Y (Net Income) (Ticker: FER): 498.44%
2025-07-06 - 06:26:41 - INFO: P/E (Trailing) (Ticker: ENX): N/A
2025-07-06 - 06:26:41 - INFO: Calculating Earnings Variability (EVAR) using Net Income over 3 year period (Ticker: FTS).
2025-07-06 - 06:26:41 - INFO: ROA - Calc (Ticker: NDAQ): 3.67 %
2025-07-06 - 06:26:41 - INFO: ROA (ttm) (Yahoo Finance) (Ticker: WRB): 3.69 %
2025-07-06 - 06:26:41 - INFO: Profit Margin (Ticker: EQT): 6.0 %
2025-07-06 - 06:26:41 - INFO: CAGR 4Y (EPS) (Ticker: FER): 40.87 %
2025-07-06 - 06:26:41 - INFO: EVAR 4Y (Net Income) (Ticker: FTS): 3.25%
2025-07-06 - 06:26:41 - INFO: ROA - Calc (Ticker: WRB): 4.33 %
2025-07-06 - 06:26:41 - INFO: Sector: Energy
2025-07-06 - 06:26:41 - INFO: CAGR 4Y (Net Income) (Ticker: FER): 39.31 %
2025-07-06 - 06:26:41 - INFO: CAGR 4Y (EPS) (Ticker: FTS): 7.47 %
2025-07-06 - 06:26:41 - INFO: Industry: Oil & Gas E&P
2025-07-06 - 06:26:41 - INFO: Dividend Yield (Ticker: FER): 1.66 %
2025-07-06 - 06:26:41 - INFO: CAGR 4Y (Net Income) (Ticker: FTS): 9.09 %
2025-07-06 - 06:26:41 - INFO: ROE (ttm) (Yahoo Finance) (Ticker: FER): 49.66 %
2025-07-06 - 06:26:41 - INFO: Dividend Yield (Ticker: FTS): 3.75 %
2025-07-06 - 06:26:41 - INFO: ROE (ttm) (Yahoo Finance) (Ticker: FTS): 7.47 %
2025-07-06 - 06:26:41 - INFO: CFOA (ttm) (Ticker: VTR): 5.42 %
2025-07-06 - 06:26:41 - INFO: GPOA (Ticker: VTR): 8.01 %
2025-07-06 - 06:26:41 - INFO: CFOA (annual) (Ticker: NDAQ): 6.38 %
2025-07-06 - 06:26:41 - INFO: GPMAR (Ticker: VTR): 42.59 %
2025-07-06 - 06:26:41 - INFO: Profit Margin (Ticker: VTR): 2.81 %
2025-07-06 - 06:26:41 - INFO: CFOA (annual) (Ticker: WRB): 9.07 %
2025-07-06 - 06:26:41 - INFO: Sector: Real Estate
2025-07-06 - 06:26:41 - INFO: Industry: REIT - Healthcare Facilities
2025-07-06 - 06:26:41 - INFO: ROE - Calc (Ticker: FTS): 7.45 %
2025-07-06 - 06:26:41 - ERROR: Error calculating ROE (ttm) (Ticker: FER): Cannot calculate ROE (Ticker: FER): An error occurred: Cannot calculate Net Income TTM! Not enough Net Income Quarterly data is available (Ticker: FER). 
 Data for at least 4 quarters is required .
2025-07-06 - 06:26:41 - INFO: ROE - MSCI (Ticker: FTS): 7.84 %
2025-07-06 - 06:26:41 - ERROR: Unhandled error analyzing stock (Ticker: FER)
2025-07-06 - 06:26:41 - INFO: ROA (ttm) (Yahoo Finance) (Ticker: FTS): 3.02 %
2025-07-06 - 06:26:41 - ERROR: Cannot calculate Trailing EPS! EPS data is missing (Ticker: FER).
Traceback (most recent call last):
  File "StockFactorScreener.py", line 605, in analyze_stock
  File "ProfitabilityCalculator.py", line 304, in calc_roe_msci
  File "EarningsEngine.py", line 343, in calc_eps_ttm
EarningsEngine.EPSCalcError: Cannot calculate Trailing EPS! EPS data is missing (Ticker: FER).
2025-07-06 - 06:26:41 - INFO: ROA - Calc (Ticker: FTS): 2.29 %
2025-07-06 - 06:26:41 - INFO: CFOA (ttm) (Ticker: WRB): 9.12 %
2025-07-06 - 06:26:42 - INFO: CFOA (ttm) (Ticker: NDAQ): 6.8 %
2025-07-06 - 06:26:42 - INFO: GPOA (Ticker: NDAQ): 9.83 %
2025-07-06 - 06:26:42 - INFO: GPMAR (Ticker: NDAQ): 40.39 %
2025-07-06 - 06:26:42 - INFO: Profit Margin (Ticker: NDAQ): 16.35 %
2025-07-06 - 06:26:42 - INFO: Sector: Financial Services
2025-07-06 - 06:26:42 - INFO: Industry: Financial Data & Stock Exchanges
2025-07-06 - 06:26:42 - INFO: CFOA (annual) (Ticker: FTS): 5.28 %
2025-07-06 - 06:26:42 - INFO: GPOA (Ticker: WRB): None %
2025-07-06 - 06:26:42 - INFO: GPMAR (Ticker: WRB): None %
2025-07-06 - 06:26:42 - ERROR: Error calculating GPOA and GPMAR TTM (Ticker: WRB): Cannot calculate GPOA (Ticker: WRB): 'Gross Profit' data is missing in the Income Statement.
2025-07-06 - 06:26:42 - INFO: Profit Margin (Ticker: WRB): 12.43 %
2025-07-06 - 06:26:42 - INFO: Sector: Financial Services
2025-07-06 - 06:26:42 - INFO: Industry: Insurance - Property & Casualty
2025-07-06 - 06:26:42 - ERROR: Error calculating profitability growth metrics for WRB: Cannot calculate CAGR. No Earnings Growth data available (Ticker: WRB).
2025-07-06 - 06:26:42 - ERROR: Cannot calculate CAGR. No Earnings Growth data available (Ticker: WRB).
Traceback (most recent call last):
  File "StockFactorScreener.py", line 249, in calc_profitability_growth
  File "ProfitabilityCalculator.py", line 1004, in calc_cagr
ProfitabilityCalculator.CAGRCalcError: Cannot calculate CAGR. No Earnings Growth data available (Ticker: WRB).
2025-07-06 - 06:26:42 - INFO: EBIT/TEV (Ticker: ENX): 11.18 %
2025-07-06 - 06:26:42 - INFO: P/B (Ticker: ENX): 0.93
2025-07-06 - 06:26:42 - INFO: Fetched Earnings data (EPS) for 4 years period (Ticker: ENX).
2025-07-06 - 06:26:42 - INFO: EPS (latest) (Ticker: ENX): 0.16
2025-07-06 - 06:26:42 - INFO: Fetched Earnings data (Net Income) for 4 years period (Ticker: ENX).
2025-07-06 - 06:26:42 - INFO: Calculating Earnings Variability (EVAR) using EPS over 3 year period (Ticker: ENX).
2025-07-06 - 06:26:42 - INFO: EVAR 4Y (EPS) (Ticker: ENX): 441.67%
2025-07-06 - 06:26:42 - INFO: CFOA (ttm) (Ticker: FTS): 6.04 %
2025-07-06 - 06:26:42 - INFO: Calculating Earnings Variability (EVAR) using Net Income over 3 year period (Ticker: ENX).
2025-07-06 - 06:26:42 - INFO: GPOA (Ticker: FTS): 11.24 %
2025-07-06 - 06:26:42 - INFO: EVAR 4Y (Net Income) (Ticker: ENX): 811.1%
2025-07-06 - 06:26:42 - INFO: GPMAR (Ticker: FTS): 71.77 %
2025-07-06 - 06:26:42 - INFO: CAGR 4Y (EPS) (Ticker: ENX): -15.0 %
2025-07-06 - 06:26:42 - INFO: Profit Margin (Ticker: FTS): 14.69 %
2025-07-06 - 06:26:42 - INFO: CAGR 4Y (Net Income) (Ticker: ENX): 45.24 %
2025-07-06 - 06:26:42 - INFO: Sector: Utilities
2025-07-06 - 06:26:42 - INFO: Dividend Yield (Ticker: ENX): 5.39 %
2025-07-06 - 06:26:42 - INFO: Industry: Utilities - Regulated Electric
2025-07-06 - 06:26:42 - INFO: ROE (ttm) (Yahoo Finance) (Ticker: ENX): 2.9 %
2025-07-06 - 06:26:42 - ERROR: Error calculating ROE (ttm) (Ticker: ENX): Cannot calculate ROE (Ticker: ENX): An error occurred: Cannot calculate Net Income TTM! Net Income data is missing in the Quarterly Income Statement (Ticker: ENX).
2025-07-06 - 06:26:42 - ERROR: Unhandled error analyzing stock (Ticker: ENX)
2025-07-06 - 06:26:42 - ERROR: Cannot calculate Trailing EPS! EPS data is missing (Ticker: ENX).
Traceback (most recent call last):
  File "StockFactorScreener.py", line 605, in analyze_stock
  File "ProfitabilityCalculator.py", line 304, in calc_roe_msci
  File "EarningsEngine.py", line 343, in calc_eps_ttm
EarningsEngine.EPSCalcError: Cannot calculate Trailing EPS! EPS data is missing (Ticker: ENX).
2025-07-06 - 06:26:42 - INFO: ---------------------- DRI ----------------------
2025-07-06 - 06:26:42 - INFO: P/E (Forward) (Ticker: DRI): 20.86
2025-07-06 - 06:26:42 - INFO: P/E (Trailing) (Ticker: DRI): 24.81
2025-07-06 - 06:26:43 - INFO: ---------------------- ATO ----------------------
2025-07-06 - 06:26:43 - ERROR: Invalid Stock Ticker Symbol: FRE
2025-07-06 - 06:26:43 - INFO: P/E (Forward) (Ticker: ATO): 21.33
2025-07-06 - 06:26:43 - INFO: ---------------------- DNB ----------------------
2025-07-06 - 06:26:43 - ERROR: Skipping Stock Analysis for FRE.
2025-07-06 - 06:26:43 - INFO: P/E (Trailing) (Ticker: ATO): 21.27
2025-07-06 - 06:26:43 - INFO: P/E (Forward) (Ticker: DNB): 8.2
2025-07-06 - 06:26:43 - INFO: P/E (Trailing) (Ticker: DNB): N/A
2025-07-06 - 06:26:43 - ERROR: Invalid Stock Ticker Symbol: POW
2025-07-06 - 06:26:43 - ERROR: Skipping Stock Analysis for POW.
2025-07-06 - 06:26:43 - INFO: EBIT/TEV (Ticker: DRI): 4.35 %
2025-07-06 - 06:26:43 - INFO: P/B (Ticker: DRI): 11.16
2025-07-06 - 06:26:43 - INFO: ---------------------- CHKP ----------------------
2025-07-06 - 06:26:43 - INFO: P/E (Forward) (Ticker: CHKP): 22.5
2025-07-06 - 06:26:43 - INFO: P/E (Trailing) (Ticker: CHKP): 29.5
2025-07-06 - 06:26:43 - INFO: EBIT/TEV (Ticker: DNB): 3.11 %
2025-07-06 - 06:26:43 - INFO: P/B (Ticker: DNB): 1.23
2025-07-06 - 06:26:43 - INFO: ---------------------- CBRE ----------------------
2025-07-06 - 06:26:43 - INFO: P/E (Forward) (Ticker: CBRE): 23.86
2025-07-06 - 06:26:43 - INFO: P/E (Trailing) (Ticker: CBRE): 43.92
2025-07-06 - 06:26:43 - INFO: Fetched Earnings data (EPS) for 4 years period (Ticker: DRI).
2025-07-06 - 06:26:43 - INFO: EBIT/TEV (Ticker: ATO): 4.65 %
2025-07-06 - 06:26:43 - INFO: EPS (latest) (Ticker: DRI): 8.57
2025-07-06 - 06:26:43 - INFO: P/B (Ticker: ATO): 1.84
2025-07-06 - 06:26:43 - INFO: Fetched Earnings data (Net Income) for 4 years period (Ticker: DRI).
2025-07-06 - 06:26:43 - INFO: Calculating Earnings Variability (EVAR) using EPS over 3 year period (Ticker: DRI).
2025-07-06 - 06:26:43 - INFO: EVAR 4Y (EPS) (Ticker: DRI): 27.3%
2025-07-06 - 06:26:43 - INFO: Calculating Earnings Variability (EVAR) using Net Income over 3 year period (Ticker: DRI).
2025-07-06 - 06:26:43 - INFO: EVAR 4Y (Net Income) (Ticker: DRI): 27.47%
2025-07-06 - 06:26:43 - INFO: CAGR 4Y (EPS) (Ticker: DRI): 21.06 %
2025-07-06 - 06:26:43 - INFO: CAGR 4Y (Net Income) (Ticker: DRI): 17.76 %
2025-07-06 - 06:26:43 - INFO: Dividend Yield (Ticker: DRI): 2.75 %
2025-07-06 - 06:26:43 - INFO: ROE (ttm) (Yahoo Finance) (Ticker: DRI): 46.16 %
2025-07-06 - 06:26:43 - INFO: ---------------------- EBS ----------------------
2025-07-06 - 06:26:43 - INFO: P/E (Forward) (Ticker: EBS): 2.34
2025-07-06 - 06:26:43 - INFO: P/E (Trailing) (Ticker: EBS): N/A
2025-07-06 - 06:26:43 - INFO: Fetched Earnings data (EPS) for 4 years period (Ticker: ATO).
2025-07-06 - 06:26:43 - INFO: EPS (latest) (Ticker: ATO): 6.83
2025-07-06 - 06:26:43 - INFO: Fetched Earnings data (Net Income) for 4 years period (Ticker: ATO).
2025-07-06 - 06:26:43 - INFO: Fetched Earnings data (EPS) for 4 years period (Ticker: DNB).
2025-07-06 - 06:26:44 - INFO: Calculating Earnings Variability (EVAR) using EPS over 3 year period (Ticker: ATO).
2025-07-06 - 06:26:44 - INFO: EBIT/TEV (Ticker: CHKP): 3.85 %
2025-07-06 - 06:26:44 - INFO: EPS (latest) (Ticker: DNB): -0.07
2025-07-06 - 06:26:44 - INFO: EVAR 4Y (EPS) (Ticker: ATO): 1.68%
2025-07-06 - 06:26:44 - INFO: P/B (Ticker: CHKP): 8.78
2025-07-06 - 06:26:44 - INFO: ROE - Calc (Ticker: DRI): 48.08 %
2025-07-06 - 06:26:44 - INFO: Fetched Earnings data (Net Income) for 4 years period (Ticker: DNB).
2025-07-06 - 06:26:44 - INFO: Calculating Earnings Variability (EVAR) using Net Income over 3 year period (Ticker: ATO).
2025-07-06 - 06:26:44 - INFO: ---------------------- AEE ----------------------
2025-07-06 - 06:26:44 - INFO: ROE - MSCI (Ticker: DRI): 47.38 %
2025-07-06 - 06:26:44 - INFO: Calculating Earnings Variability (EVAR) using EPS over 3 year period (Ticker: DNB).
2025-07-06 - 06:26:44 - INFO: EVAR 4Y (Net Income) (Ticker: ATO): 1.67%
2025-07-06 - 06:26:44 - INFO: P/E (Forward) (Ticker: AEE): 19.52
2025-07-06 - 06:26:44 - INFO: EBIT/TEV (Ticker: CBRE): 2.7 %
2025-07-06 - 06:26:44 - INFO: ROA (ttm) (Yahoo Finance) (Ticker: DRI): 7.38 %
2025-07-06 - 06:26:44 - INFO: EVAR 4Y (EPS) (Ticker: DNB): 615.69%
2025-07-06 - 06:26:44 - INFO: CAGR 4Y (EPS) (Ticker: ATO): 10.08 %
2025-07-06 - 06:26:44 - INFO: P/E (Trailing) (Ticker: AEE): 21.29
2025-07-06 - 06:26:44 - INFO: P/B (Ticker: CBRE): 5.1
2025-07-06 - 06:26:44 - INFO: ROA - Calc (Ticker: DRI): 9.08 %
2025-07-06 - 06:26:44 - INFO: Calculating Earnings Variability (EVAR) using Net Income over 3 year period (Ticker: DNB).
2025-07-06 - 06:26:44 - INFO: CAGR 4Y (Net Income) (Ticker: ATO): 16.15 %
2025-07-06 - 06:26:44 - INFO: EVAR 4Y (Net Income) (Ticker: DNB): 1161.67%
2025-07-06 - 06:26:44 - INFO: Dividend Yield (Ticker: ATO): 2.26 %
2025-07-06 - 06:26:44 - INFO: CAGR 4Y (EPS) (Ticker: DNB): 16.67 %
2025-07-06 - 06:26:44 - INFO: ROE (ttm) (Yahoo Finance) (Ticker: ATO): 9.19 %
2025-07-06 - 06:26:44 - INFO: CAGR 4Y (Net Income) (Ticker: DNB): 16.99 %
2025-07-06 - 06:26:44 - INFO: Dividend Yield (Ticker: DNB): 2.2 %
2025-07-06 - 06:26:44 - INFO: ROE (ttm) (Yahoo Finance) (Ticker: DNB): -0.52 %
2025-07-06 - 06:26:44 - INFO: Fetched Earnings data (EPS) for 4 years period (Ticker: CHKP).
2025-07-06 - 06:26:44 - INFO: EBIT/TEV (Ticker: EBS): -7.97 %
2025-07-06 - 06:26:44 - INFO: EPS (latest) (Ticker: CHKP): 7.65
2025-07-06 - 06:26:44 - INFO: P/B (Ticker: EBS): 0.69
2025-07-06 - 06:26:44 - INFO: Fetched Earnings data (Net Income) for 4 years period (Ticker: CHKP).
2025-07-06 - 06:26:44 - INFO: Calculating Earnings Variability (EVAR) using EPS over 3 year period (Ticker: CHKP).
2025-07-06 - 06:26:44 - INFO: EVAR 4Y (EPS) (Ticker: CHKP): 4.62%
2025-07-06 - 06:26:44 - INFO: Calculating Earnings Variability (EVAR) using Net Income over 3 year period (Ticker: CHKP).
2025-07-06 - 06:26:44 - INFO: ROE - Calc (Ticker: DNB): -0.64 %
2025-07-06 - 06:26:44 - INFO: EVAR 4Y (Net Income) (Ticker: CHKP): 3.91%
2025-07-06 - 06:26:44 - INFO: ROE - Calc (Ticker: ATO): 9.19 %
2025-07-06 - 06:26:44 - INFO: Fetched Earnings data (EPS) for 4 years period (Ticker: CBRE).
2025-07-06 - 06:26:44 - INFO: ROE - MSCI (Ticker: DNB): -0.68 %
2025-07-06 - 06:26:44 - INFO: CAGR 4Y (EPS) (Ticker: CHKP): 7.66 %
2025-07-06 - 06:26:44 - INFO: CFOA (annual) (Ticker: DRI): 14.24 %
2025-07-06 - 06:26:44 - INFO: ROE - MSCI (Ticker: ATO): 11.16 %
2025-07-06 - 06:26:44 - INFO: EPS (latest) (Ticker: CBRE): 3.16
2025-07-06 - 06:26:44 - INFO: ROA (ttm) (Yahoo Finance) (Ticker: DNB): 1.77 %
2025-07-06 - 06:26:44 - INFO: Fetched Earnings data (EPS) for 4 years period (Ticker: EBS).
2025-07-06 - 06:26:44 - INFO: CAGR 4Y (Net Income) (Ticker: CHKP): 1.22 %
2025-07-06 - 06:26:44 - INFO: EBIT/TEV (Ticker: AEE): 3.45 %
2025-07-06 - 06:26:44 - INFO: ROA (ttm) (Yahoo Finance) (Ticker: ATO): 3.64 %
2025-07-06 - 06:26:44 - INFO: Fetched Earnings data (Net Income) for 4 years period (Ticker: CBRE).
2025-07-06 - 06:26:45 - INFO: ROA - Calc (Ticker: DNB): -0.33 %
2025-07-06 - 06:26:45 - INFO: EPS (latest) (Ticker: EBS): -3.6
2025-07-06 - 06:26:45 - INFO: Dividend Yield (Ticker: CHKP): N/A
2025-07-06 - 06:26:45 - INFO: ROE (ttm) (Yahoo Finance) (Ticker: CHKP): 30.92 %
2025-07-06 - 06:26:45 - INFO: Calculating Earnings Variability (EVAR) using EPS over 3 year period (Ticker: CBRE).
2025-07-06 - 06:26:45 - INFO: Fetched Earnings data (Net Income) for 4 years period (Ticker: EBS).
2025-07-06 - 06:26:45 - INFO: P/B (Ticker: AEE): 2.12
2025-07-06 - 06:26:45 - INFO: ROA - Calc (Ticker: ATO): 4.14 %
2025-07-06 - 06:26:45 - INFO: EVAR 4Y (EPS) (Ticker: CBRE): 13.22%
2025-07-06 - 06:26:45 - INFO: Calculating Earnings Variability (EVAR) using EPS over 3 year period (Ticker: EBS).
2025-07-06 - 06:26:45 - INFO: Calculating Earnings Variability (EVAR) using Net Income over 3 year period (Ticker: CBRE).
2025-07-06 - 06:26:45 - INFO: EVAR 4Y (EPS) (Ticker: EBS): 170.12%
2025-07-06 - 06:26:45 - INFO: Calculating Earnings Variability (EVAR) using Net Income over 3 year period (Ticker: EBS).
2025-07-06 - 06:26:45 - INFO: EVAR 4Y (Net Income) (Ticker: CBRE): 14.71%
2025-07-06 - 06:26:45 - INFO: EVAR 4Y (Net Income) (Ticker: EBS): 177.66%
2025-07-06 - 06:26:45 - INFO: CAGR 4Y (EPS) (Ticker: CBRE): -16.77 %
2025-07-06 - 06:26:45 - INFO: CAGR 4Y (Net Income) (Ticker: CBRE): -19.23 %
2025-07-06 - 06:26:45 - INFO: Dividend Yield (Ticker: CBRE): N/A
2025-07-06 - 06:26:45 - INFO: CAGR 4Y (EPS) (Ticker: EBS): -100 %
2025-07-06 - 06:26:45 - INFO: CAGR 4Y (Net Income) (Ticker: EBS): -100 %
2025-07-06 - 06:26:45 - INFO: ROE (ttm) (Yahoo Finance) (Ticker: CBRE): 11.92 %
2025-07-06 - 06:26:45 - INFO: Dividend Yield (Ticker: EBS): N/A
2025-07-06 - 06:26:45 - INFO: ROE (ttm) (Yahoo Finance) (Ticker: EBS): -21.63 %
2025-07-06 - 06:26:45 - INFO: CFOA (ttm) (Ticker: DRI): 13.97 %
2025-07-06 - 06:26:45 - INFO: CFOA (annual) (Ticker: DNB): 4.99 %
2025-07-06 - 06:26:45 - INFO: ROE - Calc (Ticker: CHKP): 30.92 %
2025-07-06 - 06:26:45 - INFO: GPOA (Ticker: DRI): 21.29 %
2025-07-06 - 06:26:45 - INFO: ROE - MSCI (Ticker: CHKP): 30.68 %
2025-07-06 - 06:26:45 - INFO: GPMAR (Ticker: DRI): 21.16 %
2025-07-06 - 06:26:45 - INFO: ROA (ttm) (Yahoo Finance) (Ticker: CHKP): 9.92 %
2025-07-06 - 06:26:45 - INFO: Fetched Earnings data (EPS) for 4 years period (Ticker: AEE).
2025-07-06 - 06:26:45 - INFO: ROE - Calc (Ticker: EBS): -21.63 %
2025-07-06 - 06:26:45 - INFO: Profit Margin (Ticker: DRI): 8.69 %
2025-07-06 - 06:26:45 - INFO: CFOA (annual) (Ticker: ATO): 6.88 %
2025-07-06 - 06:26:45 - INFO: ROE - Calc (Ticker: CBRE): 12.15 %
2025-07-06 - 06:26:45 - INFO: ROA - Calc (Ticker: CHKP): 14.70 %
2025-07-06 - 06:26:45 - INFO: EPS (latest) (Ticker: AEE): 4.43
2025-07-06 - 06:26:45 - INFO: ROE - MSCI (Ticker: EBS): -25.04 %
2025-07-06 - 06:26:45 - INFO: Sector: Consumer Cyclical
2025-07-06 - 06:26:45 - INFO: ROE - MSCI (Ticker: CBRE): 12.37 %
2025-07-06 - 06:26:45 - INFO: Fetched Earnings data (Net Income) for 4 years period (Ticker: AEE).
2025-07-06 - 06:26:45 - INFO: ROA (ttm) (Yahoo Finance) (Ticker: EBS): -1.61 %
2025-07-06 - 06:26:45 - INFO: Industry: Restaurants
2025-07-06 - 06:26:45 - INFO: ROA (ttm) (Yahoo Finance) (Ticker: CBRE): 3.89 %
2025-07-06 - 06:26:45 - INFO: Calculating Earnings Variability (EVAR) using EPS over 3 year period (Ticker: AEE).
2025-07-06 - 06:26:45 - INFO: ROA - Calc (Ticker: EBS): -13.72 %
2025-07-06 - 06:26:45 - INFO: EVAR 4Y (EPS) (Ticker: AEE): 3.5%
2025-07-06 - 06:26:45 - INFO: ROA - Calc (Ticker: CBRE): 3.97 %
2025-07-06 - 06:26:45 - INFO: Calculating Earnings Variability (EVAR) using Net Income over 3 year period (Ticker: AEE).
2025-07-06 - 06:26:45 - INFO: EVAR 4Y (Net Income) (Ticker: AEE): 3.1%
2025-07-06 - 06:26:45 - INFO: CAGR 4Y (EPS) (Ticker: AEE): 4.7 %
2025-07-06 - 06:26:45 - INFO: CAGR 4Y (Net Income) (Ticker: AEE): 6.09 %
2025-07-06 - 06:26:45 - INFO: Dividend Yield (Ticker: AEE): 2.96 %
2025-07-06 - 06:26:45 - INFO: ROE (ttm) (Yahoo Finance) (Ticker: AEE): 10.16 %
2025-07-06 - 06:26:45 - INFO: CFOA (annual) (Ticker: CBRE): 7.0 %
2025-07-06 - 06:26:46 - INFO: ROE - Calc (Ticker: AEE): 10.23 %
2025-07-06 - 06:26:46 - INFO: ROE - MSCI (Ticker: AEE): 10.14 %
2025-07-06 - 06:26:46 - INFO: CFOA (annual) (Ticker: CHKP): 18.29 %
2025-07-06 - 06:26:46 - INFO: CFOA (ttm) (Ticker: ATO): 7.52 %
2025-07-06 - 06:26:46 - INFO: ROA (ttm) (Yahoo Finance) (Ticker: AEE): 2.69 %
2025-07-06 - 06:26:46 - INFO: GPOA (Ticker: ATO): 9.57 %
2025-07-06 - 06:26:46 - INFO: CFOA (ttm) (Ticker: DNB): 4.68 %
2025-07-06 - 06:26:46 - INFO: ROA - Calc (Ticker: AEE): 2.65 %
2025-07-06 - 06:26:46 - INFO: GPMAR (Ticker: ATO): 57.92 %
2025-07-06 - 06:26:46 - INFO: GPOA (Ticker: DNB): 16.93 %
2025-07-06 - 06:26:46 - INFO: CFOA (ttm) (Ticker: CBRE): 6.68 %
2025-07-06 - 06:26:46 - INFO: Profit Margin (Ticker: ATO): 25.35 %
2025-07-06 - 06:26:46 - INFO: GPMAR (Ticker: DNB): 62.22 %
2025-07-06 - 06:26:46 - INFO: GPOA (Ticker: CBRE): 28.53 %
2025-07-06 - 06:26:46 - INFO: Sector: Utilities
2025-07-06 - 06:26:46 - INFO: Profit Margin (Ticker: DNB): -0.88 %
2025-07-06 - 06:26:46 - INFO: GPMAR (Ticker: CBRE): 19.45 %
2025-07-06 - 06:26:46 - INFO: Sector: Financial Services
2025-07-06 - 06:26:46 - INFO: Industry: Utilities - Regulated Gas
2025-07-06 - 06:26:46 - INFO: Profit Margin (Ticker: CBRE): 2.73 %
2025-07-06 - 06:26:46 - INFO: Industry: Financial Data & Stock Exchanges
2025-07-06 - 06:26:46 - INFO: Sector: Real Estate
2025-07-06 - 06:26:46 - INFO: Industry: Real Estate Services
2025-07-06 - 06:26:46 - INFO: CFOA (ttm) (Ticker: CHKP): 19.86 %
2025-07-06 - 06:26:46 - INFO: GPOA (Ticker: CHKP): 39.03 %
2025-07-06 - 06:26:46 - INFO: GPMAR (Ticker: CHKP): 87.55 %
2025-07-06 - 06:26:46 - INFO: Profit Margin (Ticker: CHKP): 32.75 %
2025-07-06 - 06:26:46 - INFO: ---------------------- GDDY ----------------------
2025-07-06 - 06:26:46 - INFO: Sector: Technology
2025-07-06 - 06:26:46 - INFO: P/E (Forward) (Ticker: GDDY): 26.43
2025-07-06 - 06:26:46 - INFO: Industry: Software - Infrastructure
2025-07-06 - 06:26:46 - INFO: P/E (Trailing) (Ticker: GDDY): 34.1
2025-07-06 - 06:26:46 - INFO: CFOA (annual) (Ticker: AEE): 6.2 %
2025-07-06 - 06:26:46 - INFO: CFOA (ttm) (Ticker: AEE): 6.14 %
2025-07-06 - 06:26:46 - INFO: GPOA (Ticker: AEE): 8.19 %
2025-07-06 - 06:26:46 - INFO: GPMAR (Ticker: AEE): 47.92 %
2025-07-06 - 06:26:46 - INFO: Profit Margin (Ticker: AEE): 15.93 %
2025-07-06 - 06:26:46 - INFO: Sector: Utilities
2025-07-06 - 06:26:46 - ERROR: Invalid Stock Ticker Symbol: QBE
2025-07-06 - 06:26:46 - INFO: Industry: Utilities - Regulated Electric
2025-07-06 - 06:26:46 - ERROR: Skipping Stock Analysis for QBE.
2025-07-06 - 06:26:46 - INFO: CFOA (annual) (Ticker: EBS): 4.22 %
2025-07-06 - 06:26:47 - INFO: ---------------------- TPL ----------------------
2025-07-06 - 06:26:47 - INFO: ---------------------- BR ----------------------
2025-07-06 - 06:26:47 - INFO: P/E (Forward) (Ticker: TPL): 14.72
2025-07-06 - 06:26:47 - INFO: P/E (Forward) (Ticker: BR): 25.9
2025-07-06 - 06:26:47 - INFO: P/E (Trailing) (Ticker: TPL): 53.77
2025-07-06 - 06:26:47 - INFO: P/E (Trailing) (Ticker: BR): 36.36
2025-07-06 - 06:26:47 - INFO: EBIT/TEV (Ticker: GDDY): 3.46 %
2025-07-06 - 06:26:47 - INFO: P/B (Ticker: GDDY): 126.48
2025-07-06 - 06:26:47 - INFO: CFOA (ttm) (Ticker: EBS): 7.58 %
2025-07-06 - 06:26:47 - INFO: GPOA (Ticker: EBS): 23.91 %
2025-07-06 - 06:26:47 - INFO: GPMAR (Ticker: EBS): 32.78 %
2025-07-06 - 06:26:47 - INFO: Profit Margin (Ticker: EBS): -13.63 %
2025-07-06 - 06:26:47 - INFO: Sector: Healthcare
2025-07-06 - 06:26:47 - INFO: Industry: Drug Manufacturers - Specialty & Generic
2025-07-06 - 06:26:47 - INFO: ---------------------- CCEP ----------------------
2025-07-06 - 06:26:47 - INFO: P/E (Forward) (Ticker: CCEP): 21.21
2025-07-06 - 06:26:47 - INFO: P/E (Trailing) (Ticker: CCEP): 26.52
2025-07-06 - 06:26:47 - INFO: Fetched Earnings data (EPS) for 4 years period (Ticker: GDDY).
2025-07-06 - 06:26:47 - INFO: EPS (latest) (Ticker: GDDY): 6.63
2025-07-06 - 06:26:47 - INFO: Fetched Earnings data (Net Income) for 4 years period (Ticker: GDDY).
2025-07-06 - 06:26:47 - INFO: Calculating Earnings Variability (EVAR) using EPS over 3 year period (Ticker: GDDY).
2025-07-06 - 06:26:47 - INFO: EVAR 4Y (EPS) (Ticker: GDDY): 184.12%
2025-07-06 - 06:26:47 - INFO: Calculating Earnings Variability (EVAR) using Net Income over 3 year period (Ticker: GDDY).
2025-07-06 - 06:26:47 - INFO: EVAR 4Y (Net Income) (Ticker: GDDY): 168.22%
2025-07-06 - 06:26:47 - INFO: CAGR 4Y (EPS) (Ticker: GDDY): 66.36 %
2025-07-06 - 06:26:47 - INFO: CAGR 4Y (Net Income) (Ticker: GDDY): 56.96 %
2025-07-06 - 06:26:47 - INFO: Dividend Yield (Ticker: GDDY): N/A
2025-07-06 - 06:26:47 - INFO: ROE (ttm) (Yahoo Finance) (Ticker: GDDY): 245.7 %
2025-07-06 - 06:26:47 - ERROR: Invalid Stock Ticker Symbol: 6752
2025-07-06 - 06:26:47 - ERROR: Skipping Stock Analysis for 6752.
2025-07-06 - 06:26:47 - INFO: EBIT/TEV (Ticker: TPL): 2.28 %
2025-07-06 - 06:26:47 - INFO: P/B (Ticker: TPL): 20.5
2025-07-06 - 06:26:47 - INFO: EBIT/TEV (Ticker: BR): 3.56 %
2025-07-06 - 06:26:47 - INFO: P/B (Ticker: BR): 11.91
2025-07-06 - 06:26:47 - ERROR: Invalid Stock Ticker Symbol: COL
2025-07-06 - 06:26:47 - ERROR: Skipping Stock Analysis for COL.
2025-07-06 - 06:26:47 - INFO: ---------------------- PPL ----------------------
2025-07-06 - 06:26:47 - INFO: P/E (Forward) (Ticker: PPL): 18.48
2025-07-06 - 06:26:47 - INFO: P/E (Trailing) (Ticker: PPL): 25.23
2025-07-06 - 06:26:47 - INFO: Fetched Earnings data (EPS) for 4 years period (Ticker: TPL).
2025-07-06 - 06:26:47 - INFO: ROE - Calc (Ticker: GDDY): 245.70 %
2025-07-06 - 06:26:47 - INFO: EPS (latest) (Ticker: TPL): 19.75
2025-07-06 - 06:26:47 - INFO: ROE - MSCI (Ticker: GDDY): 381.73 %
2025-07-06 - 06:26:47 - INFO: Fetched Earnings data (Net Income) for 4 years period (Ticker: TPL).
2025-07-06 - 06:26:48 - INFO: Fetched Earnings data (EPS) for 4 years period (Ticker: BR).
2025-07-06 - 06:26:48 - INFO: ROA (ttm) (Yahoo Finance) (Ticker: GDDY): 7.78 %
2025-07-06 - 06:26:48 - INFO: Calculating Earnings Variability (EVAR) using EPS over 3 year period (Ticker: TPL).
2025-07-06 - 06:26:48 - INFO: EPS (latest) (Ticker: BR): 5.93
2025-07-06 - 06:26:48 - INFO: ROA - Calc (Ticker: GDDY): 11.38 %
2025-07-06 - 06:26:48 - INFO: EVAR 4Y (EPS) (Ticker: TPL): 38.48%
2025-07-06 - 06:26:48 - INFO: Fetched Earnings data (Net Income) for 4 years period (Ticker: BR).
2025-07-06 - 06:26:48 - INFO: Calculating Earnings Variability (EVAR) using Net Income over 3 year period (Ticker: TPL).
2025-07-06 - 06:26:48 - INFO: Calculating Earnings Variability (EVAR) using EPS over 3 year period (Ticker: BR).
2025-07-06 - 06:26:48 - INFO: EVAR 4Y (Net Income) (Ticker: TPL): 38.38%
2025-07-06 - 06:26:48 - INFO: EVAR 4Y (EPS) (Ticker: BR): 9.43%
2025-07-06 - 06:26:48 - INFO: CAGR 4Y (EPS) (Ticker: TPL): 19.37 %
2025-07-06 - 06:26:48 - INFO: Calculating Earnings Variability (EVAR) using Net Income over 3 year period (Ticker: BR).
2025-07-06 - 06:26:48 - INFO: CAGR 4Y (Net Income) (Ticker: TPL): 18.91 %
2025-07-06 - 06:26:48 - INFO: EVAR 4Y (Net Income) (Ticker: BR): 9.41%
2025-07-06 - 06:26:48 - INFO: Dividend Yield (Ticker: TPL): 0.61 %
2025-07-06 - 06:26:48 - INFO: CAGR 4Y (EPS) (Ticker: BR): 7.83 %
2025-07-06 - 06:26:48 - INFO: ROE (ttm) (Yahoo Finance) (Ticker: TPL): 39.52 %
2025-07-06 - 06:26:48 - INFO: CAGR 4Y (Net Income) (Ticker: BR): 8.44 %
2025-07-06 - 06:26:48 - INFO: Dividend Yield (Ticker: BR): 1.45 %
2025-07-06 - 06:26:48 - INFO: ROE (ttm) (Yahoo Finance) (Ticker: BR): 33.92 %
2025-07-06 - 06:26:48 - ERROR: Invalid Stock Ticker Symbol: CPU
2025-07-06 - 06:26:48 - ERROR: Skipping Stock Analysis for CPU.
2025-07-06 - 06:26:48 - INFO: EBIT/TEV (Ticker: PPL): 4.46 %
2025-07-06 - 06:26:48 - INFO: P/B (Ticker: PPL): 1.75
2025-07-06 - 06:26:48 - INFO: ROE - Calc (Ticker: TPL): 39.52 %
2025-07-06 - 06:26:48 - INFO: ROE - MSCI (Ticker: TPL): 38.17 %
2025-07-06 - 06:26:48 - INFO: ROE - Calc (Ticker: BR): 33.92 %
2025-07-06 - 06:26:48 - INFO: ROA (ttm) (Yahoo Finance) (Ticker: TPL): 26.72 %
2025-07-06 - 06:26:48 - INFO: CFOA (annual) (Ticker: GDDY): 15.64 %
2025-07-06 - 06:26:48 - INFO: ROE - MSCI (Ticker: BR): 33.13 %
2025-07-06 - 06:26:48 - INFO: EBIT/TEV (Ticker: CCEP): 5.66 %
2025-07-06 - 06:26:48 - INFO: ROA - Calc (Ticker: TPL): 36.37 %
2025-07-06 - 06:26:48 - INFO: ROA (ttm) (Yahoo Finance) (Ticker: BR): 9.02 %
2025-07-06 - 06:26:48 - INFO: P/B (Ticker: CCEP): 5.24
2025-07-06 - 06:26:48 - INFO: ROA - Calc (Ticker: BR): 8.47 %
2025-07-06 - 06:26:48 - INFO: Fetched Earnings data (EPS) for 4 years period (Ticker: CCEP).
2025-07-06 - 06:26:48 - INFO: EPS (latest) (Ticker: CCEP): 3.08
2025-07-06 - 06:26:48 - INFO: Fetched Earnings data (Net Income) for 4 years period (Ticker: CCEP).
2025-07-06 - 06:26:48 - INFO: Calculating Earnings Variability (EVAR) using EPS over 3 year period (Ticker: CCEP).
2025-07-06 - 06:26:48 - INFO: EVAR 4Y (EPS) (Ticker: CCEP): 34.8%
2025-07-06 - 06:26:48 - INFO: Calculating Earnings Variability (EVAR) using Net Income over 3 year period (Ticker: CCEP).
2025-07-06 - 06:26:48 - INFO: EVAR 4Y (Net Income) (Ticker: CCEP): 34.66%
2025-07-06 - 06:26:48 - INFO: CAGR 4Y (EPS) (Ticker: CCEP): 12.73 %
2025-07-06 - 06:26:48 - INFO: CAGR 4Y (Net Income) (Ticker: CCEP): 13.03 %
2025-07-06 - 06:26:48 - INFO: Dividend Yield (Ticker: CCEP): 2.36 %
2025-07-06 - 06:26:48 - INFO: ROE (ttm) (Yahoo Finance) (Ticker: CCEP): 17.03 %
2025-07-06 - 06:26:48 - ERROR: Error calculating ROE (ttm) (Ticker: CCEP): Cannot calculate ROE (Ticker: CCEP): An error occurred: Cannot calculate Net Income TTM! Net Income data is missing in the Quarterly Income Statement (Ticker: CCEP).
2025-07-06 - 06:26:48 - ERROR: Unhandled error analyzing stock (Ticker: CCEP)
2025-07-06 - 06:26:48 - ERROR: Cannot calculate Trailing EPS! EPS data is missing (Ticker: CCEP).
Traceback (most recent call last):
  File "StockFactorScreener.py", line 605, in analyze_stock
  File "ProfitabilityCalculator.py", line 304, in calc_roe_msci
  File "EarningsEngine.py", line 343, in calc_eps_ttm
EarningsEngine.EPSCalcError: Cannot calculate Trailing EPS! EPS data is missing (Ticker: CCEP).
2025-07-06 - 06:26:48 - INFO: Fetched Earnings data (EPS) for 4 years period (Ticker: PPL).
2025-07-06 - 06:26:48 - INFO: EPS (latest) (Ticker: PPL): 1.2
2025-07-06 - 06:26:48 - INFO: Fetched Earnings data (Net Income) for 4 years period (Ticker: PPL).
2025-07-06 - 06:26:48 - INFO: CFOA (annual) (Ticker: TPL): 39.32 %
2025-07-06 - 06:26:48 - INFO: Calculating Earnings Variability (EVAR) using EPS over 3 year period (Ticker: PPL).
2025-07-06 - 06:26:49 - INFO: EVAR 4Y (EPS) (Ticker: PPL): 83.76%
2025-07-06 - 06:26:49 - INFO: ---------------------- BRO ----------------------
2025-07-06 - 06:26:49 - INFO: Calculating Earnings Variability (EVAR) using Net Income over 3 year period (Ticker: PPL).
2025-07-06 - 06:26:49 - INFO: CFOA (annual) (Ticker: BR): 12.81 %
2025-07-06 - 06:26:49 - INFO: P/E (Forward) (Ticker: BRO): 26.58
2025-07-06 - 06:26:49 - INFO: EVAR 4Y (Net Income) (Ticker: PPL): 82.81%
2025-07-06 - 06:26:49 - INFO: P/E (Trailing) (Ticker: BRO): 30.28
2025-07-06 - 06:26:49 - INFO: CAGR 4Y (EPS) (Ticker: PPL): 37.89 %
2025-07-06 - 06:26:49 - INFO: CFOA (ttm) (Ticker: GDDY): 17.55 %
2025-07-06 - 06:26:49 - INFO: CAGR 4Y (Net Income) (Ticker: PPL): 37.51 %
2025-07-06 - 06:26:49 - INFO: GPOA (Ticker: GDDY): 35.47 %
2025-07-06 - 06:26:49 - INFO: Dividend Yield (Ticker: PPL): 3.22 %
2025-07-06 - 06:26:49 - INFO: ROE (ttm) (Yahoo Finance) (Ticker: PPL): 7.02 %
2025-07-06 - 06:26:49 - INFO: GPMAR (Ticker: GDDY): 63.88 %
2025-07-06 - 06:26:49 - INFO: Profit Margin (Ticker: GDDY): 16.2 %
2025-07-06 - 06:26:49 - INFO: Sector: Technology
2025-07-06 - 06:26:49 - INFO: Industry: Software - Infrastructure
2025-07-06 - 06:26:49 - INFO: CFOA (ttm) (Ticker: TPL): 39.28 %
2025-07-06 - 06:26:49 - INFO: GPOA (Ticker: TPL): 50.84 %
2025-07-06 - 06:26:49 - INFO: ---------------------- ESLT ----------------------
2025-07-06 - 06:26:49 - INFO: GPMAR (Ticker: TPL): 89.9 %
2025-07-06 - 06:26:49 - INFO: P/E (Forward) (Ticker: ESLT): 52.27
2025-07-06 - 06:26:49 - INFO: CFOA (ttm) (Ticker: BR): 14.55 %
2025-07-06 - 06:26:49 - INFO: Profit Margin (Ticker: TPL): 63.24 %
2025-07-06 - 06:26:49 - INFO: P/E (Trailing) (Ticker: ESLT): 56.53
2025-07-06 - 06:26:49 - INFO: GPOA (Ticker: BR): 23.46 %
2025-07-06 - 06:26:49 - ERROR: Invalid Stock Ticker Symbol: BXB
2025-07-06 - 06:26:49 - INFO: Sector: Energy
2025-07-06 - 06:26:49 - INFO: GPMAR (Ticker: BR): 29.72 %
2025-07-06 - 06:26:49 - INFO: ROE - Calc (Ticker: PPL): 7.02 %
2025-07-06 - 06:26:49 - ERROR: Skipping Stock Analysis for BXB.
2025-07-06 - 06:26:49 - INFO: Industry: Oil & Gas E&P
2025-07-06 - 06:26:49 - INFO: Profit Margin (Ticker: BR): 11.65 %
2025-07-06 - 06:26:49 - INFO: ROE - MSCI (Ticker: PPL): 6.26 %
2025-07-06 - 06:26:49 - INFO: Sector: Technology
2025-07-06 - 06:26:49 - INFO: ROA (ttm) (Yahoo Finance) (Ticker: PPL): 2.97 %
2025-07-06 - 06:26:49 - INFO: Industry: Information Technology Services
2025-07-06 - 06:26:49 - INFO: ROA - Calc (Ticker: PPL): 2.16 %
2025-07-06 - 06:26:49 - INFO: EBIT/TEV (Ticker: BRO): 3.54 %
2025-07-06 - 06:26:49 - INFO: P/B (Ticker: BRO): 4.57
2025-07-06 - 06:26:49 - INFO: CFOA (annual) (Ticker: PPL): 5.7 %
2025-07-06 - 06:26:49 - INFO: ---------------------- X ----------------------
2025-07-06 - 06:26:49 - INFO: P/E (Forward) (Ticker: X): 17.98
2025-07-06 - 06:26:49 - INFO: P/E (Trailing) (Ticker: X): 148.22
2025-07-06 - 06:26:50 - ERROR: Invalid Stock Ticker Symbol: SHB A
2025-07-06 - 06:26:50 - ERROR: Skipping Stock Analysis for SHB A.
2025-07-06 - 06:26:50 - INFO: EBIT/TEV (Ticker: ESLT): 2.58 %
2025-07-06 - 06:26:50 - INFO: CFOA (ttm) (Ticker: PPL): 6.3 %
2025-07-06 - 06:26:50 - INFO: Fetched Earnings data (EPS) for 4 years period (Ticker: BRO).
2025-07-06 - 06:26:50 - INFO: P/B (Ticker: ESLT): 6.0
2025-07-06 - 06:26:50 - INFO: GPOA (Ticker: PPL): 8.26 %
2025-07-06 - 06:26:50 - INFO: ---------------------- NXT ----------------------
2025-07-06 - 06:26:50 - INFO: EPS (latest) (Ticker: BRO): 3.48
2025-07-06 - 06:26:50 - INFO: GPMAR (Ticker: PPL): 40.1 %
2025-07-06 - 06:26:50 - INFO: P/E (Forward) (Ticker: NXT): 19.62
2025-07-06 - 06:26:50 - INFO: Fetched Earnings data (Net Income) for 4 years period (Ticker: BRO).
2025-07-06 - 06:26:50 - INFO: Profit Margin (Ticker: PPL): 11.49 %
2025-07-06 - 06:26:50 - INFO: P/E (Trailing) (Ticker: NXT): 19.11
2025-07-06 - 06:26:50 - INFO: Calculating Earnings Variability (EVAR) using EPS over 3 year period (Ticker: BRO).
2025-07-06 - 06:26:50 - INFO: Sector: Utilities
2025-07-06 - 06:26:50 - INFO: ---------------------- LYV ----------------------
2025-07-06 - 06:26:50 - INFO: EVAR 4Y (EPS) (Ticker: BRO): 8.74%
2025-07-06 - 06:26:50 - INFO: Industry: Utilities - Regulated Electric
2025-07-06 - 06:26:50 - INFO: P/E (Forward) (Ticker: LYV): 61.68
2025-07-06 - 06:26:50 - INFO: Calculating Earnings Variability (EVAR) using Net Income over 3 year period (Ticker: BRO).
2025-07-06 - 06:26:50 - INFO: P/E (Trailing) (Ticker: LYV): 50.43
2025-07-06 - 06:26:50 - INFO: EVAR 4Y (Net Income) (Ticker: BRO): 8.88%
2025-07-06 - 06:26:50 - INFO: CAGR 4Y (EPS) (Ticker: BRO): 18.71 %
2025-07-06 - 06:26:50 - INFO: CAGR 4Y (Net Income) (Ticker: BRO): 19.15 %
2025-07-06 - 06:26:50 - INFO: Dividend Yield (Ticker: BRO): 0.54 %
2025-07-06 - 06:26:50 - INFO: ROE (ttm) (Yahoo Finance) (Ticker: BRO): 16.52 %
2025-07-06 - 06:26:50 - INFO: Fetched Earnings data (EPS) for 4 years period (Ticker: ESLT).
2025-07-06 - 06:26:50 - INFO: EPS (latest) (Ticker: ESLT): 7.22
2025-07-06 - 06:26:50 - INFO: Fetched Earnings data (Net Income) for 4 years period (Ticker: ESLT).
2025-07-06 - 06:26:50 - INFO: Calculating Earnings Variability (EVAR) using EPS over 3 year period (Ticker: ESLT).
2025-07-06 - 06:26:50 - INFO: EVAR 4Y (EPS) (Ticker: ESLT): 36.23%
2025-07-06 - 06:26:50 - INFO: Calculating Earnings Variability (EVAR) using Net Income over 3 year period (Ticker: ESLT).
2025-07-06 - 06:26:50 - INFO: EBIT/TEV (Ticker: X): -0.77 %
2025-07-06 - 06:26:50 - INFO: EVAR 4Y (Net Income) (Ticker: ESLT): 36.4%
2025-07-06 - 06:26:50 - INFO: P/B (Ticker: X): 1.1
2025-07-06 - 06:26:50 - INFO: CAGR 4Y (EPS) (Ticker: ESLT): 5.15 %
2025-07-06 - 06:26:51 - INFO: ROE - Calc (Ticker: BRO): 16.38 %
2025-07-06 - 06:26:51 - INFO: CAGR 4Y (Net Income) (Ticker: ESLT): 5.39 %
2025-07-06 - 06:26:51 - INFO: ROE - MSCI (Ticker: BRO): 17.51 %
2025-07-06 - 06:26:51 - INFO: Dividend Yield (Ticker: ESLT): 0.53 %
2025-07-06 - 06:26:51 - INFO: ROA (ttm) (Yahoo Finance) (Ticker: BRO): 5.68 %
2025-07-06 - 06:26:51 - INFO: ROE (ttm) (Yahoo Finance) (Ticker: ESLT): 11.25 %
2025-07-06 - 06:26:51 - INFO: ROA - Calc (Ticker: BRO): 5.64 %
2025-07-06 - 06:26:51 - INFO: ---------------------- MKL ----------------------
2025-07-06 - 06:26:51 - INFO: P/E (Forward) (Ticker: MKL): 20.34
2025-07-06 - 06:26:51 - INFO: P/E (Trailing) (Ticker: MKL): 14.73
2025-07-06 - 06:26:51 - INFO: EBIT/TEV (Ticker: LYV): 2.71 %
2025-07-06 - 06:26:51 - INFO: P/B (Ticker: LYV): 321.01
2025-07-06 - 06:26:51 - ERROR: Invalid Stock Ticker Symbol: S63
2025-07-06 - 06:26:51 - INFO: Fetched Earnings data (EPS) for 4 years period (Ticker: X).
2025-07-06 - 06:26:51 - ERROR: Skipping Stock Analysis for S63.
2025-07-06 - 06:26:51 - INFO: EBIT/TEV (Ticker: NXT): 6.88 %
2025-07-06 - 06:26:51 - INFO: CFOA (annual) (Ticker: BRO): 6.67 %
2025-07-06 - 06:26:51 - INFO: EPS (latest) (Ticker: X): 3.98
2025-07-06 - 06:26:51 - INFO: P/B (Ticker: NXT): 5.93
2025-07-06 - 06:26:51 - INFO: ROE - Calc (Ticker: ESLT): 11.23 %
2025-07-06 - 06:26:51 - INFO: Fetched Earnings data (Net Income) for 4 years period (Ticker: X).
2025-07-06 - 06:26:51 - INFO: ROE - MSCI (Ticker: ESLT): 11.17 %
2025-07-06 - 06:26:51 - INFO: Calculating Earnings Variability (EVAR) using EPS over 3 year period (Ticker: X).
2025-07-06 - 06:26:51 - INFO: ROA (ttm) (Yahoo Finance) (Ticker: ESLT): 3.21 %
2025-07-06 - 06:26:51 - INFO: EVAR 4Y (EPS) (Ticker: X): 239.67%
2025-07-06 - 06:26:51 - INFO: ROA - Calc (Ticker: ESLT): 2.93 %
2025-07-06 - 06:26:51 - INFO: Fetched Earnings data (EPS) for 4 years period (Ticker: LYV).
2025-07-06 - 06:26:51 - INFO: Calculating Earnings Variability (EVAR) using Net Income over 3 year period (Ticker: X).
2025-07-06 - 06:26:51 - INFO: EPS (latest) (Ticker: LYV): 2.77
2025-07-06 - 06:26:51 - INFO: EVAR 4Y (Net Income) (Ticker: X): 12.84%
2025-07-06 - 06:26:51 - INFO: Fetched Earnings data (Net Income) for 4 years period (Ticker: LYV).
2025-07-06 - 06:26:51 - INFO: CAGR 4Y (EPS) (Ticker: X): 38.77 %
2025-07-06 - 06:26:51 - INFO: Calculating Earnings Variability (EVAR) using EPS over 3 year period (Ticker: LYV).
2025-07-06 - 06:26:51 - INFO: CAGR 4Y (Net Income) (Ticker: X): -54.86 %
2025-07-06 - 06:26:51 - INFO: EVAR 4Y (EPS) (Ticker: LYV): 9.53%
2025-07-06 - 06:26:51 - INFO: Dividend Yield (Ticker: X): 0.0 %
2025-07-06 - 06:26:51 - INFO: Calculating Earnings Variability (EVAR) using Net Income over 3 year period (Ticker: LYV).
2025-07-06 - 06:26:51 - INFO: ROE (ttm) (Yahoo Finance) (Ticker: X): 0.86 %
2025-07-06 - 06:26:51 - INFO: EVAR 4Y (Net Income) (Ticker: LYV): 40.27%
2025-07-06 - 06:26:51 - INFO: CAGR 4Y (EPS) (Ticker: LYV): 42.55 %
2025-07-06 - 06:26:51 - INFO: CAGR 4Y (Net Income) (Ticker: LYV): 50.03 %
2025-07-06 - 06:26:51 - INFO: Dividend Yield (Ticker: LYV): N/A
2025-07-06 - 06:26:51 - INFO: ROE (ttm) (Yahoo Finance) (Ticker: LYV): 68.51 %
2025-07-06 - 06:26:51 - INFO: Fetched Earnings data (EPS) for 4 years period (Ticker: NXT).
2025-07-06 - 06:26:51 - INFO: EPS (latest) (Ticker: NXT): 3.97
2025-07-06 - 06:26:51 - ERROR: Unhandled error analyzing stock (Ticker: NXT)
2025-07-06 - 06:26:51 - INFO: CFOA (ttm) (Ticker: BRO): 8.1 %
2025-07-06 - 06:26:51 - ERROR: Error calculating Earnings Growth for NXT: float division by zero
Traceback (most recent call last):
  File "EarningsEngine.py", line 488, in calc_earnings_growth
ZeroDivisionError: float division by zero

The above exception was the direct cause of the following exception:

Traceback (most recent call last):
  File "StockFactorScreener.py", line 452, in analyze_stock
  File "EarningsEngine.py", line 495, in calc_earnings_growth
EarningsEngine.EarningsGrowthCalcError: Error calculating Earnings Growth for NXT: float division by zero
2025-07-06 - 06:26:51 - INFO: EBIT/TEV (Ticker: MKL): 12.83 %
2025-07-06 - 06:26:51 - INFO: GPOA (Ticker: BRO): 13.05 %
2025-07-06 - 06:26:51 - INFO: P/B (Ticker: MKL): 1.54
2025-07-06 - 06:26:51 - INFO: GPMAR (Ticker: BRO): 48.86 %
2025-07-06 - 06:26:51 - INFO: ROE - Calc (Ticker: X): 0.86 %
2025-07-06 - 06:26:51 - INFO: CFOA (annual) (Ticker: ESLT): 4.87 %
2025-07-06 - 06:26:51 - INFO: Profit Margin (Ticker: BRO): 21.21 %
2025-07-06 - 06:26:51 - INFO: ROE - MSCI (Ticker: X): 3.49 %
2025-07-06 - 06:26:51 - INFO: Sector: Financial Services
2025-07-06 - 06:26:52 - INFO: ROE - Calc (Ticker: LYV): -22042.89 %
2025-07-06 - 06:26:52 - INFO: ROA (ttm) (Yahoo Finance) (Ticker: X): -0.06 %
2025-07-06 - 06:26:52 - INFO: Industry: Insurance Brokers
2025-07-06 - 06:26:52 - INFO: ROE - MSCI (Ticker: LYV): -23.45 %
2025-07-06 - 06:26:52 - INFO: ROA - Calc (Ticker: X): 1.90 %
2025-07-06 - 06:26:52 - INFO: ROA (ttm) (Yahoo Finance) (Ticker: LYV): 4.18 %
2025-07-06 - 06:26:52 - INFO: ROA - Calc (Ticker: LYV): 4.56 %
2025-07-06 - 06:26:52 - INFO: Fetched Earnings data (EPS) for 4 years period (Ticker: MKL).
2025-07-06 - 06:26:52 - INFO: EPS (latest) (Ticker: MKL): 199.69
2025-07-06 - 06:26:52 - INFO: Fetched Earnings data (Net Income) for 4 years period (Ticker: MKL).
2025-07-06 - 06:26:52 - INFO: Calculating Earnings Variability (EVAR) using EPS over 3 year period (Ticker: MKL).
2025-07-06 - 06:26:52 - INFO: EVAR 4Y (EPS) (Ticker: MKL): 447.29%
2025-07-06 - 06:26:52 - INFO: CFOA (ttm) (Ticker: ESLT): 6.63 %
2025-07-06 - 06:26:52 - INFO: Calculating Earnings Variability (EVAR) using Net Income over 3 year period (Ticker: MKL).
2025-07-06 - 06:26:52 - INFO: GPOA (Ticker: ESLT): 14.96 %
2025-07-06 - 06:26:52 - INFO: EVAR 4Y (Net Income) (Ticker: MKL): 615.54%
2025-07-06 - 06:26:52 - INFO: GPMAR (Ticker: ESLT): 24.05 %
2025-07-06 - 06:26:52 - INFO: CAGR 4Y (EPS) (Ticker: MKL): 4.12 %
2025-07-06 - 06:26:52 - INFO: Profit Margin (Ticker: ESLT): 4.95 %
2025-07-06 - 06:26:52 - INFO: CAGR 4Y (Net Income) (Ticker: MKL): 4.27 %
2025-07-06 - 06:26:52 - INFO: Sector: Industrials
2025-07-06 - 06:26:52 - INFO: Dividend Yield (Ticker: MKL): N/A
2025-07-06 - 06:26:52 - INFO: Industry: Aerospace & Defense
2025-07-06 - 06:26:52 - INFO: ROE (ttm) (Yahoo Finance) (Ticker: MKL): 11.32 %
2025-07-06 - 06:26:52 - ERROR: Invalid Stock Ticker Symbol: KPN
2025-07-06 - 06:26:52 - ERROR: Skipping Stock Analysis for KPN.
2025-07-06 - 06:26:52 - INFO: CFOA (annual) (Ticker: X): 4.54 %
2025-07-06 - 06:26:52 - INFO: CFOA (annual) (Ticker: LYV): 8.78 %
2025-07-06 - 06:26:52 - INFO: ROE - Calc (Ticker: MKL): 11.21 %
2025-07-06 - 06:26:52 - INFO: ROE - MSCI (Ticker: MKL): 10.42 %
2025-07-06 - 06:26:52 - INFO: ROA (ttm) (Yahoo Finance) (Ticker: MKL): 2.73 %
2025-07-06 - 06:26:52 - INFO: ROA - Calc (Ticker: MKL): 4.44 %
2025-07-06 - 06:26:52 - ERROR: Invalid Stock Ticker Symbol: 6201
2025-07-06 - 06:26:52 - ERROR: Skipping Stock Analysis for 6201.
2025-07-06 - 06:26:52 - INFO: CFOA (annual) (Ticker: MKL): 4.19 %
2025-07-06 - 06:26:52 - INFO: CFOA (ttm) (Ticker: LYV): 10.08 %
2025-07-06 - 06:26:52 - INFO: GPOA (Ticker: LYV): 29.67 %
2025-07-06 - 06:26:52 - INFO: GPMAR (Ticker: LYV): 25.17 %
2025-07-06 - 06:26:52 - INFO: Profit Margin (Ticker: LYV): 4.28 %
2025-07-06 - 06:26:52 - INFO: Sector: Communication Services
2025-07-06 - 06:26:52 - INFO: Industry: Entertainment
2025-07-06 - 06:26:52 - INFO: CFOA (ttm) (Ticker: X): 2.82 %
2025-07-06 - 06:26:52 - INFO: GPOA (Ticker: X): 7.81 %
2025-07-06 - 06:26:52 - INFO: GPMAR (Ticker: X): 10.1 %
2025-07-06 - 06:26:52 - INFO: Profit Margin (Ticker: X): 0.64 %
2025-07-06 - 06:26:52 - INFO: Sector: Basic Materials
2025-07-06 - 06:26:52 - INFO: Industry: Steel
2025-07-06 - 06:26:52 - ERROR: Invalid Stock Ticker Symbol: 8267
2025-07-06 - 06:26:52 - ERROR: Skipping Stock Analysis for 8267.
2025-07-06 - 06:26:52 - INFO: ---------------------- AMRZ ----------------------
2025-07-06 - 06:26:52 - INFO: P/E (Forward) (Ticker: AMRZ): 16.64
2025-07-06 - 06:26:52 - INFO: ---------------------- BAM ----------------------
2025-07-06 - 06:26:52 - INFO: P/E (Trailing) (Ticker: AMRZ): 19.56
2025-07-06 - 06:26:52 - INFO: P/E (Forward) (Ticker: BAM): 33.03
2025-07-06 - 06:26:52 - INFO: P/E (Trailing) (Ticker: BAM): 41.77
2025-07-06 - 06:26:53 - INFO: CFOA (ttm) (Ticker: MKL): 3.77 %
2025-07-06 - 06:26:53 - ERROR: Invalid Stock Ticker Symbol: AV.
2025-07-06 - 06:26:53 - ERROR: Skipping Stock Analysis for AV..
2025-07-06 - 06:26:53 - INFO: GPOA (Ticker: MKL): None %
2025-07-06 - 06:26:53 - INFO: GPMAR (Ticker: MKL): None %
2025-07-06 - 06:26:53 - ERROR: Error calculating GPOA and GPMAR TTM (Ticker: MKL): Cannot calculate GPOA (Ticker: MKL): 'Gross Profit' data is missing in the Income Statement.
2025-07-06 - 06:26:53 - INFO: Profit Margin (Ticker: MKL): 11.85 %
2025-07-06 - 06:26:53 - INFO: Sector: Financial Services
2025-07-06 - 06:26:53 - INFO: Industry: Insurance - Property & Casualty
2025-07-06 - 06:26:53 - ERROR: Error calculating profitability growth metrics for MKL: Cannot calculate CAGR. No Earnings Growth data available (Ticker: MKL).
2025-07-06 - 06:26:53 - ERROR: Cannot calculate CAGR. No Earnings Growth data available (Ticker: MKL).
Traceback (most recent call last):
  File "StockFactorScreener.py", line 249, in calc_profitability_growth
  File "ProfitabilityCalculator.py", line 1004, in calc_cagr
ProfitabilityCalculator.CAGRCalcError: Cannot calculate CAGR. No Earnings Growth data available (Ticker: MKL).
2025-07-06 - 06:26:53 - ERROR: Invalid Stock Ticker Symbol: NOKIA
2025-07-06 - 06:26:53 - ERROR: Skipping Stock Analysis for NOKIA.
2025-07-06 - 06:26:53 - ERROR: Invalid Stock Ticker Symbol: KBC
2025-07-06 - 06:26:53 - ERROR: Skipping Stock Analysis for KBC.
2025-07-06 - 06:26:53 - ERROR: Invalid Stock Ticker Symbol: SPSN
2025-07-06 - 06:26:53 - ERROR: Skipping Stock Analysis for SPSN.
2025-07-06 - 06:26:53 - INFO: EBIT/TEV (Ticker: AMRZ): 2.78 %
2025-07-06 - 06:26:53 - INFO: P/B (Ticker: AMRZ): 2.9
2025-07-06 - 06:26:53 - INFO: EBIT/TEV (Ticker: BAM): 0.85 %
2025-07-06 - 06:26:53 - INFO: P/B (Ticker: BAM): 10.79
2025-07-06 - 06:26:53 - INFO: Fetched Earnings data (EPS) for 4 years period (Ticker: AMRZ).
2025-07-06 - 06:26:53 - INFO: EPS (latest) (Ticker: AMRZ): 2.56
2025-07-06 - 06:26:53 - INFO: Fetched Earnings data (Net Income) for 4 years period (Ticker: AMRZ).
2025-07-06 - 06:26:53 - INFO: Calculating Earnings Variability (EVAR) using EPS over 3 year period (Ticker: AMRZ).
2025-07-06 - 06:26:53 - INFO: EVAR 4Y (EPS) (Ticker: AMRZ): 31.99%
2025-07-06 - 06:26:53 - INFO: Calculating Earnings Variability (EVAR) using Net Income over 3 year period (Ticker: AMRZ).
2025-07-06 - 06:26:53 - INFO: EVAR 4Y (Net Income) (Ticker: AMRZ): 32.17%
2025-07-06 - 06:26:53 - INFO: CAGR 4Y (EPS) (Ticker: AMRZ): 18.94 %
2025-07-06 - 06:26:53 - INFO: CAGR 4Y (Net Income) (Ticker: AMRZ): 19.05 %
2025-07-06 - 06:26:53 - INFO: Dividend Yield (Ticker: AMRZ): N/A
2025-07-06 - 06:26:53 - INFO: ROE (ttm) (Yahoo Finance) (Ticker: AMRZ): N/A
2025-07-06 - 06:26:53 - INFO: Fetched Earnings data (EPS) for 4 years period (Ticker: BAM).
2025-07-06 - 06:26:53 - INFO: EPS (latest) (Ticker: BAM): 1.31
2025-07-06 - 06:26:53 - ERROR: Invalid Stock Ticker Symbol: 2388
2025-07-06 - 06:26:53 - INFO: Fetched Earnings data (Net Income) for 4 years period (Ticker: BAM).
2025-07-06 - 06:26:53 - ERROR: Skipping Stock Analysis for 2388.
2025-07-06 - 06:26:53 - INFO: Calculating Earnings Variability (EVAR) using EPS over 3 year period (Ticker: BAM).
2025-07-06 - 06:26:53 - ERROR: Invalid Stock Ticker Symbol: BAMI
2025-07-06 - 06:26:53 - INFO: EVAR 4Y (EPS) (Ticker: BAM): 50.86%
2025-07-06 - 06:26:53 - ERROR: Skipping Stock Analysis for BAMI.
2025-07-06 - 06:26:53 - INFO: Calculating Earnings Variability (EVAR) using Net Income over 3 year period (Ticker: BAM).
2025-07-06 - 06:26:53 - INFO: EVAR 4Y (Net Income) (Ticker: BAM): 1336.85%
2025-07-06 - 06:26:53 - INFO: CAGR 4Y (EPS) (Ticker: BAM): -34.4 %
2025-07-06 - 06:26:53 - INFO: CAGR 4Y (Net Income) (Ticker: BAM): -33.85 %
2025-07-06 - 06:26:53 - INFO: Dividend Yield (Ticker: BAM): 3.17 %
2025-07-06 - 06:26:53 - INFO: ---------------------- IBKR ----------------------
2025-07-06 - 06:26:53 - INFO: ROE (ttm) (Yahoo Finance) (Ticker: BAM): 20.23 %
2025-07-06 - 06:26:53 - INFO: P/E (Forward) (Ticker: IBKR): 8.39
2025-07-06 - 06:26:53 - INFO: P/E (Trailing) (Ticker: IBKR): 32.03
2025-07-06 - 06:26:53 - INFO: ---------------------- K ----------------------
2025-07-06 - 06:26:53 - INFO: P/E (Forward) (Ticker: K): 66.67
2025-07-06 - 06:26:53 - ERROR: Error calculating ROE (ttm) (Ticker: AMRZ): Cannot calculate ROE (Ticker: AMRZ): An error occurred: Cannot calculate ROE TTM (Ticker: AMRZ): Not enough Stockholders' Equity quarterly data is available. 
 Data for at least 5 quarters is required.
2025-07-06 - 06:26:53 - INFO: P/E (Trailing) (Ticker: K): 20.15
2025-07-06 - 06:26:53 - ERROR: Unhandled error analyzing stock (Ticker: AMRZ)
2025-07-06 - 06:26:53 - ERROR: Cannot calculate Trailing EPS! Not enough EPS data for the last 4 quarters (Ticker: AMRZ).
Traceback (most recent call last):
  File "StockFactorScreener.py", line 605, in analyze_stock
  File "ProfitabilityCalculator.py", line 304, in calc_roe_msci
  File "EarningsEngine.py", line 351, in calc_eps_ttm
EarningsEngine.EPSCalcError: Cannot calculate Trailing EPS! Not enough EPS data for the last 4 quarters (Ticker: AMRZ).
2025-07-06 - 06:26:53 - INFO: ---------------------- DGX ----------------------
2025-07-06 - 06:26:53 - INFO: P/E (Forward) (Ticker: DGX): 18.13
2025-07-06 - 06:26:53 - INFO: P/E (Trailing) (Ticker: DGX): 22.37
2025-07-06 - 06:26:54 - INFO: ROE - Calc (Ticker: BAM): 19.05 %
2025-07-06 - 06:26:54 - INFO: ROE - MSCI (Ticker: BAM): 36.84 %
2025-07-06 - 06:26:54 - INFO: ROA (ttm) (Yahoo Finance) (Ticker: BAM): 11.38 %
2025-07-06 - 06:26:54 - INFO: ROA - Calc (Ticker: BAM): 12.33 %
2025-07-06 - 06:26:54 - INFO: EBIT/TEV (Ticker: IBKR): 8.37 %
2025-07-06 - 06:26:54 - INFO: CFOA (annual) (Ticker: BAM): 14.3 %
2025-07-06 - 06:26:54 - INFO: P/B (Ticker: IBKR): 5.61
2025-07-06 - 06:26:54 - INFO: ---------------------- SCHP ----------------------
2025-07-06 - 06:26:54 - INFO: ---------------------- RBA ----------------------
2025-07-06 - 06:26:54 - INFO: P/E (Forward) (Ticker: SCHP): N/A
2025-07-06 - 06:26:54 - INFO: P/E (Forward) (Ticker: RBA): 20.75
2025-07-06 - 06:26:54 - INFO: P/E (Trailing) (Ticker: SCHP): N/A
2025-07-06 - 06:26:54 - INFO: EBIT/TEV (Ticker: K): 5.68 %
2025-07-06 - 06:26:54 - INFO: P/E (Trailing) (Ticker: RBA): 52.02
2025-07-06 - 06:26:54 - INFO: P/B (Ticker: K): 7.09
2025-07-06 - 06:26:54 - INFO: EBIT/TEV (Ticker: DGX): 5.33 %
2025-07-06 - 06:26:54 - INFO: P/B (Ticker: DGX): 2.86
2025-07-06 - 06:26:54 - INFO: Fetched Earnings data (EPS) for 4 years period (Ticker: IBKR).
2025-07-06 - 06:26:54 - INFO: EPS (latest) (Ticker: IBKR): 6.99
2025-07-06 - 06:26:54 - INFO: Fetched Earnings data (Net Income) for 4 years period (Ticker: IBKR).
2025-07-06 - 06:26:54 - INFO: CFOA (ttm) (Ticker: BAM): 2.04 %
2025-07-06 - 06:26:54 - INFO: Calculating Earnings Variability (EVAR) using EPS over 3 year period (Ticker: IBKR).
2025-07-06 - 06:26:54 - INFO: GPOA (Ticker: BAM): None %
2025-07-06 - 06:26:54 - INFO: EVAR 4Y (EPS) (Ticker: IBKR): 19.01%
2025-07-06 - 06:26:54 - INFO: GPMAR (Ticker: BAM): 23.65 %
2025-07-06 - 06:26:54 - INFO: Calculating Earnings Variability (EVAR) using Net Income over 3 year period (Ticker: IBKR).
2025-07-06 - 06:26:54 - INFO: Profit Margin (Ticker: BAM): 55.25 %
2025-07-06 - 06:26:54 - INFO: EVAR 4Y (Net Income) (Ticker: IBKR): 19.26%
2025-07-06 - 06:26:54 - INFO: Sector: Financial Services
2025-07-06 - 06:26:54 - INFO: CAGR 4Y (EPS) (Ticker: IBKR): 28.82 %
2025-07-06 - 06:26:54 - INFO: Industry: Asset Management
2025-07-06 - 06:26:54 - INFO: CAGR 4Y (Net Income) (Ticker: IBKR): 34.83 %
2025-07-06 - 06:26:54 - INFO: Dividend Yield (Ticker: IBKR): 0.58 %
2025-07-06 - 06:26:54 - ERROR: Error calculating profitability growth metrics for BAM: Cannot calculate CAGR. No Earnings Growth data available (Ticker: BAM).
2025-07-06 - 06:26:54 - INFO: ROE (ttm) (Yahoo Finance) (Ticker: IBKR): 22.25 %
2025-07-06 - 06:26:54 - ERROR: Cannot calculate CAGR. No Earnings Growth data available (Ticker: BAM).
Traceback (most recent call last):
  File "StockFactorScreener.py", line 249, in calc_profitability_growth
  File "ProfitabilityCalculator.py", line 1004, in calc_cagr
ProfitabilityCalculator.CAGRCalcError: Cannot calculate CAGR. No Earnings Growth data available (Ticker: BAM).
2025-07-06 - 06:26:54 - INFO: Fetched Earnings data (EPS) for 4 years period (Ticker: DGX).
2025-07-06 - 06:26:54 - INFO: EPS (latest) (Ticker: DGX): 7.78
2025-07-06 - 06:26:54 - INFO: ---------------------- NI ----------------------
2025-07-06 - 06:26:54 - INFO: Fetched Earnings data (Net Income) for 4 years period (Ticker: DGX).
2025-07-06 - 06:26:54 - INFO: P/E (Forward) (Ticker: NI): 21.27
2025-07-06 - 06:26:54 - INFO: Fetched Earnings data (EPS) for 4 years period (Ticker: K).
2025-07-06 - 06:26:54 - INFO: Calculating Earnings Variability (EVAR) using EPS over 3 year period (Ticker: DGX).
2025-07-06 - 06:26:54 - INFO: P/E (Trailing) (Ticker: NI): 21.38
2025-07-06 - 06:26:54 - INFO: EPS (latest) (Ticker: K): 3.92
2025-07-06 - 06:26:54 - INFO: EVAR 4Y (EPS) (Ticker: DGX): 27.49%
2025-07-06 - 06:26:54 - ERROR: Error while calculating EBIT/TEV ratio (Ticker: SCHP): No Income Statement (annual) data found (Ticker: SCHP). Cannot calculate EBIT/TEV ratio!
2025-07-06 - 06:26:54 - INFO: Fetched Earnings data (Net Income) for 4 years period (Ticker: K).
2025-07-06 - 06:26:54 - INFO: Calculating Earnings Variability (EVAR) using Net Income over 3 year period (Ticker: DGX).
2025-07-06 - 06:26:54 - INFO: ROE - Calc (Ticker: IBKR): 19.26 %
2025-07-06 - 06:26:54 - ERROR: No Income Statement (annual) data found (Ticker: SCHP). Cannot calculate EBIT/TEV ratio!
Traceback (most recent call last):
  File "ValueMetrics.py", line 540, in calc_ebit_to_tev
  File "ValueMetrics.py", line 91, in get_operating_income_ttm
ValueMetrics.OperatingIncomeError: No Income Statement (quarterly) data found (Ticker: SCHP). Cannot calculate EBIT/TEV ratio!

During handling of the above exception, another exception occurred:

Traceback (most recent call last):
  File "StockFactorScreener.py", line 217, in get_ebit_to_tev
  File "ValueMetrics.py", line 562, in calc_ebit_to_tev
  File "ValueMetrics.py", line 161, in get_operating_income_annual
ValueMetrics.OperatingIncomeError: No Income Statement (annual) data found (Ticker: SCHP). Cannot calculate EBIT/TEV ratio!
2025-07-06 - 06:26:54 - INFO: Calculating Earnings Variability (EVAR) using EPS over 3 year period (Ticker: K).
2025-07-06 - 06:26:54 - INFO: EVAR 4Y (Net Income) (Ticker: DGX): 28.73%
2025-07-06 - 06:26:54 - INFO: ROE - MSCI (Ticker: IBKR): -37.52 %
2025-07-06 - 06:26:54 - INFO: EBIT/TEV (Ticker: SCHP): N/A
2025-07-06 - 06:26:54 - INFO: EVAR 4Y (EPS) (Ticker: K): 38.34%
2025-07-06 - 06:26:54 - INFO: CAGR 4Y (EPS) (Ticker: DGX): -21.12 %
2025-07-06 - 06:26:54 - INFO: ROA (ttm) (Yahoo Finance) (Ticker: IBKR): 2.47 %
2025-07-06 - 06:26:54 - INFO: P/B (Ticker: SCHP): None
2025-07-06 - 06:26:54 - INFO: Calculating Earnings Variability (EVAR) using Net Income over 3 year period (Ticker: K).
2025-07-06 - 06:26:54 - INFO: CAGR 4Y (Net Income) (Ticker: DGX): -24.14 %
2025-07-06 - 06:26:54 - INFO: ROA - Calc (Ticker: IBKR): 0.50 %
2025-07-06 - 06:26:54 - ERROR: Unhandled error analyzing stock (Ticker: SCHP)
2025-07-06 - 06:26:54 - INFO: EVAR 4Y (Net Income) (Ticker: K): 38.41%
2025-07-06 - 06:26:54 - INFO: Dividend Yield (Ticker: DGX): 1.78 %
2025-07-06 - 06:26:54 - ERROR: Error fetching Earnings (SCHP): No Annual Income Statement data found on Yahoo Finance (Ticker: SCHP).
Traceback (most recent call last):
  File "EarningsEngine.py", line 151, in get_earnings
EarningsEngine.NetIncomeCalcError: No Annual Income Statement data found on Yahoo Finance (Ticker: SCHP).

The above exception was the direct cause of the following exception:

Traceback (most recent call last):
  File "StockFactorScreener.py", line 437, in analyze_stock
  File "EarningsEngine.py", line 318, in get_earnings
EarningsEngine.NetIncomeCalcError: Error fetching Earnings (SCHP): No Annual Income Statement data found on Yahoo Finance (Ticker: SCHP).
2025-07-06 - 06:26:54 - INFO: CAGR 4Y (EPS) (Ticker: K): -3.48 %
2025-07-06 - 06:26:54 - INFO: ROE (ttm) (Yahoo Finance) (Ticker: DGX): 13.95 %
2025-07-06 - 06:26:55 - INFO: CAGR 4Y (Net Income) (Ticker: K): -3.36 %
2025-07-06 - 06:26:55 - INFO: Dividend Yield (Ticker: K): 2.87 %
2025-07-06 - 06:26:55 - INFO: ROE (ttm) (Yahoo Finance) (Ticker: K): 38.15 %
2025-07-06 - 06:26:55 - INFO: CFOA (annual) (Ticker: IBKR): 5.81 %
2025-07-06 - 06:26:55 - ERROR: Invalid Stock Ticker Symbol: LISP
2025-07-06 - 06:26:55 - ERROR: Skipping Stock Analysis for LISP.
2025-07-06 - 06:26:55 - INFO: ROE - Calc (Ticker: DGX): 13.43 %
2025-07-06 - 06:26:55 - INFO: EBIT/TEV (Ticker: RBA): 3.3 %
2025-07-06 - 06:26:55 - INFO: ROE - Calc (Ticker: K): 39.05 %
2025-07-06 - 06:26:55 - INFO: ROE - MSCI (Ticker: DGX): 13.12 %
2025-07-06 - 06:26:55 - INFO: P/B (Ticker: RBA): 3.7
2025-07-06 - 06:26:55 - INFO: CFOA (ttm) (Ticker: IBKR): 6.49 %
2025-07-06 - 06:26:55 - INFO: ROE - MSCI (Ticker: K): 36.65 %
2025-07-06 - 06:26:55 - INFO: ROA (ttm) (Yahoo Finance) (Ticker: DGX): 6.13 %
2025-07-06 - 06:26:55 - INFO: GPOA (Ticker: IBKR): 5.52 %
2025-07-06 - 06:26:55 - INFO: ROA (ttm) (Yahoo Finance) (Ticker: K): 8.12 %
2025-07-06 - 06:26:55 - INFO: ROA - Calc (Ticker: DGX): 5.39 %
2025-07-06 - 06:26:55 - INFO: GPMAR (Ticker: IBKR): 89.04 %
2025-07-06 - 06:26:55 - INFO: ROA - Calc (Ticker: K): 8.59 %
2025-07-06 - 06:26:55 - INFO: Profit Margin (Ticker: IBKR): 14.68 %
2025-07-06 - 06:26:55 - INFO: Sector: Financial Services
2025-07-06 - 06:26:55 - INFO: Industry: Capital Markets
2025-07-06 - 06:26:55 - INFO: EBIT/TEV (Ticker: NI): 4.89 %
2025-07-06 - 06:26:55 - INFO: P/B (Ticker: NI): 2.09
2025-07-06 - 06:26:55 - INFO: Fetched Earnings data (EPS) for 4 years period (Ticker: RBA).
2025-07-06 - 06:26:55 - INFO: EPS (latest) (Ticker: RBA): 2.03
2025-07-06 - 06:26:55 - INFO: Fetched Earnings data (Net Income) for 4 years period (Ticker: RBA).
2025-07-06 - 06:26:55 - INFO: Calculating Earnings Variability (EVAR) using EPS over 3 year period (Ticker: RBA).
2025-07-06 - 06:26:55 - INFO: EVAR 4Y (EPS) (Ticker: RBA): 95.63%
2025-07-06 - 06:26:55 - INFO: Calculating Earnings Variability (EVAR) using Net Income over 3 year period (Ticker: RBA).
2025-07-06 - 06:26:55 - INFO: EVAR 4Y (Net Income) (Ticker: RBA): 81.41%
2025-07-06 - 06:26:55 - INFO: CFOA (annual) (Ticker: DGX): 8.26 %
2025-07-06 - 06:26:55 - INFO: CAGR 4Y (EPS) (Ticker: RBA): 13.73 %
2025-07-06 - 06:26:55 - INFO: CAGR 4Y (Net Income) (Ticker: RBA): 39.58 %
2025-07-06 - 06:26:55 - INFO: Dividend Yield (Ticker: RBA): 1.09 %
2025-07-06 - 06:26:55 - INFO: ROE (ttm) (Yahoo Finance) (Ticker: RBA): 7.39 %
2025-07-06 - 06:26:55 - INFO: CFOA (annual) (Ticker: K): 11.26 %
2025-07-06 - 06:26:56 - INFO: Fetched Earnings data (EPS) for 4 years period (Ticker: NI).
2025-07-06 - 06:26:56 - INFO: EPS (latest) (Ticker: NI): 1.63
2025-07-06 - 06:26:56 - INFO: Fetched Earnings data (Net Income) for 4 years period (Ticker: NI).
2025-07-06 - 06:26:56 - INFO: Calculating Earnings Variability (EVAR) using EPS over 3 year period (Ticker: NI).
2025-07-06 - 06:26:56 - INFO: EVAR 4Y (EPS) (Ticker: NI): 25.46%
2025-07-06 - 06:26:56 - INFO: CFOA (ttm) (Ticker: DGX): 9.65 %
2025-07-06 - 06:26:56 - INFO: Calculating Earnings Variability (EVAR) using Net Income over 3 year period (Ticker: NI).
2025-07-06 - 06:26:56 - INFO: GPOA (Ticker: DGX): 20.08 %
2025-07-06 - 06:26:56 - INFO: EVAR 4Y (Net Income) (Ticker: NI): 24.63%
2025-07-06 - 06:26:56 - INFO: GPMAR (Ticker: DGX): 32.86 %
2025-07-06 - 06:26:56 - INFO: CAGR 4Y (EPS) (Ticker: NI): 6.48 %
2025-07-06 - 06:26:56 - INFO: ROE - Calc (Ticker: RBA): 7.41 %
2025-07-06 - 06:26:56 - INFO: Profit Margin (Ticker: DGX): 8.83 %
2025-07-06 - 06:26:56 - INFO: CAGR 4Y (Net Income) (Ticker: NI): 9.14 %
2025-07-06 - 06:26:56 - INFO: ROE - MSCI (Ticker: RBA): 6.6 %
2025-07-06 - 06:26:56 - INFO: Sector: Healthcare
2025-07-06 - 06:26:56 - INFO: Dividend Yield (Ticker: NI): 2.78 %
2025-07-06 - 06:26:56 - ERROR: Invalid Stock Ticker Symbol: BT.A
2025-07-06 - 06:26:56 - INFO: ROA (ttm) (Yahoo Finance) (Ticker: RBA): 4.02 %
2025-07-06 - 06:26:56 - INFO: Industry: Diagnostics & Research
2025-07-06 - 06:26:56 - INFO: ROE (ttm) (Yahoo Finance) (Ticker: NI): 9.36 %
2025-07-06 - 06:26:56 - ERROR: Skipping Stock Analysis for BT.A.
2025-07-06 - 06:26:56 - INFO: ROA - Calc (Ticker: RBA): 3.50 %
2025-07-06 - 06:26:56 - INFO: CFOA (ttm) (Ticker: K): 9.73 %
2025-07-06 - 06:26:56 - INFO: GPOA (Ticker: K): 29.08 %
2025-07-06 - 06:26:56 - INFO: GPMAR (Ticker: K): 35.65 %
2025-07-06 - 06:26:56 - INFO: Profit Margin (Ticker: K): 10.93 %
2025-07-06 - 06:26:56 - INFO: Sector: Consumer Defensive
2025-07-06 - 06:26:56 - INFO: Industry: Packaged Foods
2025-07-06 - 06:26:56 - ERROR: Invalid Stock Ticker Symbol: HNR1
2025-07-06 - 06:26:56 - ERROR: Skipping Stock Analysis for HNR1.
2025-07-06 - 06:26:56 - INFO: ROE - Calc (Ticker: NI): 10.36 %
2025-07-06 - 06:26:56 - INFO: ROE - MSCI (Ticker: NI): 14.85 %
2025-07-06 - 06:26:56 - INFO: ROA (ttm) (Yahoo Finance) (Ticker: NI): 3.25 %
2025-07-06 - 06:26:56 - INFO: ROA - Calc (Ticker: NI): 2.39 %
2025-07-06 - 06:26:56 - INFO: CFOA (annual) (Ticker: RBA): 7.89 %
2025-07-06 - 06:26:56 - INFO: CFOA (annual) (Ticker: NI): 5.6 %
2025-07-06 - 06:26:56 - ERROR: Invalid Stock Ticker Symbol: CCH
2025-07-06 - 06:26:56 - ERROR: Skipping Stock Analysis for CCH.
2025-07-06 - 06:26:57 - INFO: CFOA (ttm) (Ticker: NI): 6.41 %
2025-07-06 - 06:26:57 - INFO: GPOA (Ticker: NI): 8.83 %
2025-07-06 - 06:26:57 - INFO: GPMAR (Ticker: NI): 51.47 %
2025-07-06 - 06:26:57 - INFO: Profit Margin (Ticker: NI): 14.67 %
2025-07-06 - 06:26:57 - INFO: Sector: Utilities
2025-07-06 - 06:26:57 - INFO: Industry: Utilities - Regulated Gas
2025-07-06 - 06:26:57 - INFO: CFOA (ttm) (Ticker: RBA): 8.08 %
2025-07-06 - 06:26:57 - INFO: GPOA (Ticker: RBA): 16.98 %
2025-07-06 - 06:26:57 - INFO: GPMAR (Ticker: RBA): 46.79 %
2025-07-06 - 06:26:57 - INFO: Profit Margin (Ticker: RBA): 9.68 %
2025-07-06 - 06:26:57 - INFO: Sector: Industrials
2025-07-06 - 06:26:57 - INFO: Industry: Specialty Business Services
2025-07-06 - 06:26:57 - INFO: ---------------------- SAB ----------------------
2025-07-06 - 06:26:57 - INFO: P/E (Forward) (Ticker: SAB): N/A
2025-07-06 - 06:26:57 - INFO: P/E (Trailing) (Ticker: SAB): 8.73
2025-07-06 - 06:26:57 - INFO: ---------------------- NTRA ----------------------
2025-07-06 - 06:26:57 - INFO: P/E (Forward) (Ticker: NTRA): -133.69
2025-07-06 - 06:26:57 - INFO: P/E (Trailing) (Ticker: NTRA): N/A
2025-07-06 - 06:26:57 - ERROR: Invalid Stock Ticker Symbol: ACS
2025-07-06 - 06:26:57 - ERROR: Skipping Stock Analysis for ACS.
2025-07-06 - 06:26:57 - ERROR: Error while calculating EBIT/TEV ratio (Ticker: SAB): No Income Statement (annual) data found (Ticker: SAB). Cannot calculate EBIT/TEV ratio!
2025-07-06 - 06:26:57 - ERROR: No Income Statement (annual) data found (Ticker: SAB). Cannot calculate EBIT/TEV ratio!
Traceback (most recent call last):
  File "ValueMetrics.py", line 540, in calc_ebit_to_tev
  File "ValueMetrics.py", line 91, in get_operating_income_ttm
ValueMetrics.OperatingIncomeError: No Income Statement (quarterly) data found (Ticker: SAB). Cannot calculate EBIT/TEV ratio!

During handling of the above exception, another exception occurred:

Traceback (most recent call last):
  File "StockFactorScreener.py", line 217, in get_ebit_to_tev
  File "ValueMetrics.py", line 562, in calc_ebit_to_tev
  File "ValueMetrics.py", line 161, in get_operating_income_annual
ValueMetrics.OperatingIncomeError: No Income Statement (annual) data found (Ticker: SAB). Cannot calculate EBIT/TEV ratio!
2025-07-06 - 06:26:57 - INFO: EBIT/TEV (Ticker: SAB): N/A
2025-07-06 - 06:26:57 - INFO: P/B (Ticker: SAB): 1.12
2025-07-06 - 06:26:57 - ERROR: Unhandled error analyzing stock (Ticker: SAB)
2025-07-06 - 06:26:57 - ERROR: Error fetching Earnings (SAB): No Annual Income Statement data found on Yahoo Finance (Ticker: SAB).
Traceback (most recent call last):
  File "EarningsEngine.py", line 151, in get_earnings
EarningsEngine.NetIncomeCalcError: No Annual Income Statement data found on Yahoo Finance (Ticker: SAB).

The above exception was the direct cause of the following exception:

Traceback (most recent call last):
  File "StockFactorScreener.py", line 437, in analyze_stock
  File "EarningsEngine.py", line 318, in get_earnings
EarningsEngine.NetIncomeCalcError: Error fetching Earnings (SAB): No Annual Income Statement data found on Yahoo Finance (Ticker: SAB).
2025-07-06 - 06:26:57 - INFO: ---------------------- NN ----------------------
2025-07-06 - 06:26:57 - INFO: P/E (Forward) (Ticker: NN): -31.24
2025-07-06 - 06:26:57 - INFO: P/E (Trailing) (Ticker: NN): N/A
2025-07-06 - 06:26:57 - INFO: ---------------------- FOXA ----------------------
2025-07-06 - 06:26:57 - INFO: P/E (Forward) (Ticker: FOXA): 15.08
2025-07-06 - 06:26:57 - INFO: P/E (Trailing) (Ticker: FOXA): 13.92
2025-07-06 - 06:26:57 - INFO: EBIT/TEV (Ticker: NTRA): -1.07 %
2025-07-06 - 06:26:57 - INFO: P/B (Ticker: NTRA): 17.74
2025-07-06 - 06:26:57 - INFO: ---------------------- FFIV ----------------------
2025-07-06 - 06:26:57 - INFO: P/E (Forward) (Ticker: FFIV): 19.49
2025-07-06 - 06:26:57 - ERROR: Invalid Stock Ticker Symbol: AENA
2025-07-06 - 06:26:57 - INFO: P/E (Trailing) (Ticker: FFIV): 28.5
2025-07-06 - 06:26:57 - ERROR: Skipping Stock Analysis for AENA.
2025-07-06 - 06:26:58 - INFO: Fetched Earnings data (EPS) for 4 years period (Ticker: NTRA).
2025-07-06 - 06:26:58 - INFO: EPS (latest) (Ticker: NTRA): -3.78
2025-07-06 - 06:26:58 - INFO: Fetched Earnings data (Net Income) for 4 years period (Ticker: NTRA).
2025-07-06 - 06:26:58 - INFO: Calculating Earnings Variability (EVAR) using EPS over 3 year period (Ticker: NTRA).
2025-07-06 - 06:26:58 - INFO: EVAR 4Y (EPS) (Ticker: NTRA): 58.8%
2025-07-06 - 06:26:58 - INFO: Calculating Earnings Variability (EVAR) using Net Income over 3 year period (Ticker: NTRA).
2025-07-06 - 06:26:58 - INFO: EVAR 4Y (Net Income) (Ticker: NTRA): 36.17%
2025-07-06 - 06:26:58 - INFO: CAGR 4Y (EPS) (Ticker: NTRA): -10.0 %
2025-07-06 - 06:26:58 - INFO: CAGR 4Y (Net Income) (Ticker: NTRA): 16.87 %
2025-07-06 - 06:26:58 - INFO: Dividend Yield (Ticker: NTRA): N/A
2025-07-06 - 06:26:58 - INFO: ROE (ttm) (Yahoo Finance) (Ticker: NTRA): -18.66 %
2025-07-06 - 06:26:58 - INFO: EBIT/TEV (Ticker: FOXA): 11.13 %
2025-07-06 - 06:26:58 - INFO: P/B (Ticker: FOXA): 2.2
2025-07-06 - 06:26:58 - INFO: EBIT/TEV (Ticker: NN): -2.83 %
2025-07-06 - 06:26:58 - INFO: P/B (Ticker: NN): 318.6
2025-07-06 - 06:26:58 - INFO: Fetched Earnings data (EPS) for 4 years period (Ticker: FOXA).
2025-07-06 - 06:26:58 - INFO: EPS (latest) (Ticker: FOXA): 3.14
2025-07-06 - 06:26:58 - INFO: Fetched Earnings data (Net Income) for 4 years period (Ticker: FOXA).
2025-07-06 - 06:26:58 - INFO: ---------------------- AER ----------------------
2025-07-06 - 06:26:58 - INFO: Calculating Earnings Variability (EVAR) using EPS over 3 year period (Ticker: FOXA).
2025-07-06 - 06:26:58 - INFO: P/E (Forward) (Ticker: AER): 9.47
2025-07-06 - 06:26:58 - INFO: EBIT/TEV (Ticker: FFIV): 4.49 %
2025-07-06 - 06:26:58 - INFO: ROE - Calc (Ticker: NTRA): -18.66 %
2025-07-06 - 06:26:58 - INFO: EVAR 4Y (EPS) (Ticker: FOXA): 38.98%
2025-07-06 - 06:26:58 - INFO: P/E (Trailing) (Ticker: AER): 10.3
2025-07-06 - 06:26:58 - INFO: P/B (Ticker: FFIV): 5.25
2025-07-06 - 06:26:58 - INFO: ROE - MSCI (Ticker: NTRA): -17.84 %
2025-07-06 - 06:26:58 - INFO: Fetched Earnings data (EPS) for 4 years period (Ticker: NN).
2025-07-06 - 06:26:58 - INFO: Calculating Earnings Variability (EVAR) using Net Income over 3 year period (Ticker: FOXA).
2025-07-06 - 06:26:58 - INFO: ROA (ttm) (Yahoo Finance) (Ticker: NTRA): -8.87 %
2025-07-06 - 06:26:58 - INFO: EPS (latest) (Ticker: NN): -0.84
2025-07-06 - 06:26:58 - INFO: EVAR 4Y (Net Income) (Ticker: FOXA): 33.57%
2025-07-06 - 06:26:58 - INFO: ROA - Calc (Ticker: NTRA): -11.47 %
2025-07-06 - 06:26:58 - INFO: Fetched Earnings data (Net Income) for 4 years period (Ticker: NN).
2025-07-06 - 06:26:58 - INFO: CAGR 4Y (EPS) (Ticker: FOXA): -4.54 %
2025-07-06 - 06:26:58 - INFO: Calculating Earnings Variability (EVAR) using EPS over 3 year period (Ticker: NN).
2025-07-06 - 06:26:58 - INFO: CAGR 4Y (Net Income) (Ticker: FOXA): -11.29 %
2025-07-06 - 06:26:58 - INFO: EVAR 4Y (EPS) (Ticker: NN): 83.11%
2025-07-06 - 06:26:58 - INFO: Dividend Yield (Ticker: FOXA): 0.96 %
2025-07-06 - 06:26:58 - INFO: Calculating Earnings Variability (EVAR) using Net Income over 3 year period (Ticker: NN).
2025-07-06 - 06:26:58 - INFO: ROE (ttm) (Yahoo Finance) (Ticker: FOXA): 16.62 %
2025-07-06 - 06:26:58 - INFO: EVAR 4Y (Net Income) (Ticker: NN): 78.79%
2025-07-06 - 06:26:58 - INFO: CAGR 4Y (EPS) (Ticker: NN): 23.31 %
2025-07-06 - 06:26:58 - INFO: CAGR 4Y (Net Income) (Ticker: NN): 9.02 %
2025-07-06 - 06:26:58 - INFO: Dividend Yield (Ticker: NN): N/A
2025-07-06 - 06:26:58 - INFO: ROE (ttm) (Yahoo Finance) (Ticker: NN): -403.65 %
2025-07-06 - 06:26:58 - INFO: Fetched Earnings data (EPS) for 4 years period (Ticker: FFIV).
2025-07-06 - 06:26:58 - INFO: EPS (latest) (Ticker: FFIV): 9.65
2025-07-06 - 06:26:58 - INFO: Fetched Earnings data (Net Income) for 4 years period (Ticker: FFIV).
2025-07-06 - 06:26:58 - INFO: Calculating Earnings Variability (EVAR) using EPS over 3 year period (Ticker: FFIV).
2025-07-06 - 06:26:58 - INFO: EVAR 4Y (EPS) (Ticker: FFIV): 24.33%
2025-07-06 - 06:26:58 - INFO: ROE - Calc (Ticker: NN): -412.45 %
2025-07-06 - 06:26:58 - INFO: Calculating Earnings Variability (EVAR) using Net Income over 3 year period (Ticker: FFIV).
2025-07-06 - 06:26:58 - INFO: CFOA (annual) (Ticker: NTRA): 8.17 %
2025-07-06 - 06:26:58 - INFO: ROE - MSCI (Ticker: NN): -2114.97 %
2025-07-06 - 06:26:58 - INFO: EVAR 4Y (Net Income) (Ticker: FFIV): 23.16%
2025-07-06 - 06:26:58 - INFO: ROA (ttm) (Yahoo Finance) (Ticker: NN): -17.55 %
2025-07-06 - 06:26:58 - INFO: CAGR 4Y (EPS) (Ticker: FFIV): 20.91 %
2025-07-06 - 06:26:58 - INFO: ROA - Calc (Ticker: NN): -62.99 %
2025-07-06 - 06:26:58 - INFO: CAGR 4Y (Net Income) (Ticker: FFIV): 19.61 %
2025-07-06 - 06:26:58 - INFO: ---------------------- CYBR ----------------------
2025-07-06 - 06:26:58 - INFO: Dividend Yield (Ticker: FFIV): N/A
2025-07-06 - 06:26:58 - INFO: P/E (Forward) (Ticker: CYBR): 117.63
2025-07-06 - 06:26:58 - INFO: ROE (ttm) (Yahoo Finance) (Ticker: FFIV): 19.89 %
2025-07-06 - 06:26:58 - INFO: ROE - Calc (Ticker: FOXA): 16.89 %
2025-07-06 - 06:26:58 - INFO: P/E (Trailing) (Ticker: CYBR): N/A
2025-07-06 - 06:26:58 - INFO: ROE - MSCI (Ticker: FOXA): 7.75 %
2025-07-06 - 06:26:58 - INFO: ROA (ttm) (Yahoo Finance) (Ticker: FOXA): 8.4 %
2025-07-06 - 06:26:58 - INFO: ROA - Calc (Ticker: FOXA): 6.83 %
2025-07-06 - 06:26:59 - ERROR: Invalid Stock Ticker Symbol: 7936
2025-07-06 - 06:26:59 - ERROR: Skipping Stock Analysis for 7936.
2025-07-06 - 06:26:59 - INFO: CFOA (annual) (Ticker: NN): -23.5 %
2025-07-06 - 06:26:59 - INFO: ROE - Calc (Ticker: FFIV): 19.89 %
2025-07-06 - 06:26:59 - INFO: CFOA (ttm) (Ticker: NTRA): 9.42 %
2025-07-06 - 06:26:59 - INFO: ROE - MSCI (Ticker: FFIV): 18.46 %
2025-07-06 - 06:26:59 - INFO: GPOA (Ticker: NTRA): 61.61 %
2025-07-06 - 06:26:59 - INFO: ROA (ttm) (Yahoo Finance) (Ticker: FFIV): 8.08 %
2025-07-06 - 06:26:59 - INFO: GPMAR (Ticker: NTRA): 60.3 %
2025-07-06 - 06:26:59 - INFO: ROA - Calc (Ticker: FFIV): 10.10 %
2025-07-06 - 06:26:59 - INFO: Profit Margin (Ticker: NTRA): -10.36 %
2025-07-06 - 06:26:59 - INFO: EBIT/TEV (Ticker: AER): 3.36 %
2025-07-06 - 06:26:59 - INFO: CFOA (annual) (Ticker: FOXA): 8.37 %
2025-07-06 - 06:26:59 - INFO: Sector: Healthcare
2025-07-06 - 06:26:59 - INFO: P/B (Ticker: AER): 1.19
2025-07-06 - 06:26:59 - INFO: Industry: Diagnostics & Research
2025-07-06 - 06:26:59 - INFO: CFOA (annual) (Ticker: FFIV): 14.12 %
2025-07-06 - 06:26:59 - INFO: Fetched Earnings data (EPS) for 4 years period (Ticker: AER).
2025-07-06 - 06:26:59 - INFO: CFOA (ttm) (Ticker: FOXA): 11.93 %
2025-07-06 - 06:26:59 - INFO: EPS (latest) (Ticker: AER): 11.06
2025-07-06 - 06:26:59 - INFO: EBIT/TEV (Ticker: CYBR): -0.45 %
2025-07-06 - 06:26:59 - INFO: CFOA (ttm) (Ticker: NN): -22.32 %
2025-07-06 - 06:26:59 - INFO: Fetched Earnings data (Net Income) for 4 years period (Ticker: AER).
2025-07-06 - 06:26:59 - INFO: P/B (Ticker: CYBR): 8.18
2025-07-06 - 06:26:59 - INFO: GPOA (Ticker: NN): -3.16 %
2025-07-06 - 06:26:59 - INFO: Calculating Earnings Variability (EVAR) using EPS over 3 year period (Ticker: AER).
2025-07-06 - 06:26:59 - ERROR: Invalid Stock Ticker Symbol: 1925
2025-07-06 - 06:26:59 - INFO: GPMAR (Ticker: NN): -90.1 %
2025-07-06 - 06:26:59 - INFO: EVAR 4Y (EPS) (Ticker: AER): 377.93%
2025-07-06 - 06:26:59 - ERROR: Skipping Stock Analysis for 1925.
2025-07-06 - 06:26:59 - INFO: Profit Margin (Ticker: NN): 0.0 %
2025-07-06 - 06:26:59 - INFO: Calculating Earnings Variability (EVAR) using Net Income over 3 year period (Ticker: AER).
2025-07-06 - 06:26:59 - INFO: Sector: Technology
2025-07-06 - 06:26:59 - INFO: EVAR 4Y (Net Income) (Ticker: AER): 373.06%
2025-07-06 - 06:26:59 - INFO: Industry: Software - Infrastructure
2025-07-06 - 06:26:59 - INFO: CAGR 4Y (EPS) (Ticker: AER): 17.43 %
2025-07-06 - 06:26:59 - INFO: CAGR 4Y (Net Income) (Ticker: AER): 28.01 %
2025-07-06 - 06:26:59 - INFO: Dividend Yield (Ticker: AER): 0.92 %
2025-07-06 - 06:26:59 - INFO: ROE (ttm) (Yahoo Finance) (Ticker: AER): 12.52 %
2025-07-06 - 06:26:59 - INFO: CFOA (ttm) (Ticker: FFIV): 15.15 %
2025-07-06 - 06:26:59 - INFO: GPOA (Ticker: FFIV): 40.24 %
2025-07-06 - 06:26:59 - INFO: GPMAR (Ticker: FFIV): 80.2 %
2025-07-06 - 06:27:00 - INFO: Profit Margin (Ticker: FFIV): 21.14 %
2025-07-06 - 06:27:00 - INFO: Fetched Earnings data (EPS) for 4 years period (Ticker: CYBR).
2025-07-06 - 06:27:00 - INFO: Sector: Technology
2025-07-06 - 06:27:00 - INFO: EPS (latest) (Ticker: CYBR): -1.6
2025-07-06 - 06:27:00 - INFO: ---------------------- CLS ----------------------
2025-07-06 - 06:27:00 - INFO: Industry: Software - Infrastructure
2025-07-06 - 06:27:00 - INFO: Fetched Earnings data (Net Income) for 4 years period (Ticker: CYBR).
2025-07-06 - 06:27:00 - INFO: P/E (Forward) (Ticker: CLS): 35.79
2025-07-06 - 06:27:00 - INFO: Calculating Earnings Variability (EVAR) using EPS over 3 year period (Ticker: CYBR).
2025-07-06 - 06:27:00 - INFO: ROE - Calc (Ticker: AER): 12.52 %
2025-07-06 - 06:27:00 - INFO: P/E (Trailing) (Ticker: CLS): 44.49
2025-07-06 - 06:27:00 - INFO: EVAR 4Y (EPS) (Ticker: CYBR): 759.59%
2025-07-06 - 06:27:00 - ERROR: Unhandled error analyzing stock (Ticker: AER)
2025-07-06 - 06:27:00 - INFO: Calculating Earnings Variability (EVAR) using Net Income over 3 year period (Ticker: CYBR).
2025-07-06 - 06:27:00 - ERROR: Cannot calculate Trailing EPS! Not enough EPS data for the last 4 quarters (Ticker: AER).
Traceback (most recent call last):
  File "StockFactorScreener.py", line 605, in analyze_stock
  File "ProfitabilityCalculator.py", line 304, in calc_roe_msci
  File "EarningsEngine.py", line 351, in calc_eps_ttm
EarningsEngine.EPSCalcError: Cannot calculate Trailing EPS! Not enough EPS data for the last 4 quarters (Ticker: AER).
2025-07-06 - 06:27:00 - INFO: EVAR 4Y (Net Income) (Ticker: CYBR): 56.43%
2025-07-06 - 06:27:00 - INFO: CAGR 4Y (EPS) (Ticker: CYBR): -120.13 %
2025-07-06 - 06:27:00 - INFO: CAGR 4Y (Net Income) (Ticker: CYBR): -3.64 %
2025-07-06 - 06:27:00 - INFO: Dividend Yield (Ticker: CYBR): N/A
2025-07-06 - 06:27:00 - INFO: ROE (ttm) (Yahoo Finance) (Ticker: CYBR): -5.36 %
2025-07-06 - 06:27:00 - INFO: GPOA (Ticker: FOXA): None %
2025-07-06 - 06:27:00 - INFO: GPMAR (Ticker: FOXA): None %
2025-07-06 - 06:27:00 - ERROR: Error calculating GPOA and GPMAR TTM (Ticker: FOXA): Cannot calculate GPOA (Ticker: FOXA): 'Gross Profit' data is missing in the Income Statement.
2025-07-06 - 06:27:00 - INFO: Profit Margin (Ticker: FOXA): 11.58 %
2025-07-06 - 06:27:00 - INFO: Sector: Communication Services
2025-07-06 - 06:27:00 - INFO: Industry: Entertainment
2025-07-06 - 06:27:00 - ERROR: Error calculating profitability growth metrics for FOXA: Cannot calculate CAGR. No Earnings Growth data available (Ticker: FOXA).
2025-07-06 - 06:27:00 - ERROR: Cannot calculate CAGR. No Earnings Growth data available (Ticker: FOXA).
Traceback (most recent call last):
  File "StockFactorScreener.py", line 249, in calc_profitability_growth
  File "ProfitabilityCalculator.py", line 1004, in calc_cagr
ProfitabilityCalculator.CAGRCalcError: Cannot calculate CAGR. No Earnings Growth data available (Ticker: FOXA).
2025-07-06 - 06:27:00 - INFO: ROE - Calc (Ticker: CYBR): -5.36 %
2025-07-06 - 06:27:00 - INFO: ROE - MSCI (Ticker: CYBR): -3.79 %
2025-07-06 - 06:27:00 - INFO: ROA (ttm) (Yahoo Finance) (Ticker: CYBR): -1.49 %
2025-07-06 - 06:27:00 - INFO: ROA - Calc (Ticker: CYBR): -2.79 %
2025-07-06 - 06:27:00 - INFO: ---------------------- AGI ----------------------
2025-07-06 - 06:27:00 - INFO: P/E (Forward) (Ticker: AGI): 24.54
2025-07-06 - 06:27:00 - INFO: P/E (Trailing) (Ticker: AGI): 43.53
2025-07-06 - 06:27:00 - INFO: ---------------------- PST ----------------------
2025-07-06 - 06:27:00 - INFO: P/E (Forward) (Ticker: PST): N/A
2025-07-06 - 06:27:00 - INFO: P/E (Trailing) (Ticker: PST): N/A
2025-07-06 - 06:27:00 - INFO: CFOA (annual) (Ticker: CYBR): 6.93 %
2025-07-06 - 06:27:00 - ERROR: Invalid Stock Ticker Symbol: 4307
2025-07-06 - 06:27:00 - ERROR: Skipping Stock Analysis for 4307.
2025-07-06 - 06:27:00 - INFO: ---------------------- EMA ----------------------
2025-07-06 - 06:27:00 - INFO: P/E (Forward) (Ticker: EMA): N/A
2025-07-06 - 06:27:00 - INFO: P/E (Trailing) (Ticker: EMA): 21.06
2025-07-06 - 06:27:00 - ERROR: Error while calculating EBIT/TEV ratio (Ticker: PST): No Income Statement (annual) data found (Ticker: PST). Cannot calculate EBIT/TEV ratio!
2025-07-06 - 06:27:00 - ERROR: No Income Statement (annual) data found (Ticker: PST). Cannot calculate EBIT/TEV ratio!
Traceback (most recent call last):
  File "ValueMetrics.py", line 540, in calc_ebit_to_tev
  File "ValueMetrics.py", line 91, in get_operating_income_ttm
ValueMetrics.OperatingIncomeError: No Income Statement (quarterly) data found (Ticker: PST). Cannot calculate EBIT/TEV ratio!

During handling of the above exception, another exception occurred:

Traceback (most recent call last):
  File "StockFactorScreener.py", line 217, in get_ebit_to_tev
  File "ValueMetrics.py", line 562, in calc_ebit_to_tev
  File "ValueMetrics.py", line 161, in get_operating_income_annual
ValueMetrics.OperatingIncomeError: No Income Statement (annual) data found (Ticker: PST). Cannot calculate EBIT/TEV ratio!
2025-07-06 - 06:27:00 - INFO: EBIT/TEV (Ticker: PST): N/A
2025-07-06 - 06:27:00 - INFO: P/B (Ticker: PST): None
2025-07-06 - 06:27:00 - ERROR: Unhandled error analyzing stock (Ticker: PST)
2025-07-06 - 06:27:00 - ERROR: Error fetching Earnings (PST): No Annual Income Statement data found on Yahoo Finance (Ticker: PST).
Traceback (most recent call last):
  File "EarningsEngine.py", line 151, in get_earnings
EarningsEngine.NetIncomeCalcError: No Annual Income Statement data found on Yahoo Finance (Ticker: PST).

The above exception was the direct cause of the following exception:

Traceback (most recent call last):
  File "StockFactorScreener.py", line 437, in analyze_stock
  File "EarningsEngine.py", line 318, in get_earnings
EarningsEngine.NetIncomeCalcError: Error fetching Earnings (PST): No Annual Income Statement data found on Yahoo Finance (Ticker: PST).
2025-07-06 - 06:27:00 - ERROR: Invalid Stock Ticker Symbol: ELE
2025-07-06 - 06:27:00 - ERROR: Skipping Stock Analysis for ELE.
2025-07-06 - 06:27:00 - INFO: CFOA (ttm) (Ticker: CYBR): 9.29 %
2025-07-06 - 06:27:00 - INFO: GPOA (Ticker: CYBR): 23.66 %
2025-07-06 - 06:27:01 - INFO: GPMAR (Ticker: CYBR): 79.18 %
2025-07-06 - 06:27:01 - INFO: Profit Margin (Ticker: CYBR): -7.98 %
2025-07-06 - 06:27:01 - INFO: Sector: Technology
2025-07-06 - 06:27:01 - INFO: Industry: Software - Infrastructure
2025-07-06 - 06:27:01 - INFO: EBIT/TEV (Ticker: AGI): 4.58 %
2025-07-06 - 06:27:01 - INFO: P/B (Ticker: AGI): 3.15
2025-07-06 - 06:27:01 - INFO: EBIT/TEV (Ticker: EMA): 5.37 %
2025-07-06 - 06:27:01 - INFO: P/B (Ticker: EMA): 1.1
2025-07-06 - 06:27:01 - ERROR: Invalid Stock Ticker Symbol: WN
2025-07-06 - 06:27:01 - ERROR: Skipping Stock Analysis for WN.
2025-07-06 - 06:27:01 - INFO: Fetched Earnings data (EPS) for 4 years period (Ticker: EMA).
2025-07-06 - 06:27:01 - INFO: EPS (latest) (Ticker: EMA): 1.71
2025-07-06 - 06:27:01 - INFO: Fetched Earnings data (EPS) for 4 years period (Ticker: AGI).
2025-07-06 - 06:27:01 - INFO: Fetched Earnings data (Net Income) for 4 years period (Ticker: EMA).
2025-07-06 - 06:27:01 - INFO: EPS (latest) (Ticker: AGI): 0.7
2025-07-06 - 06:27:01 - INFO: Calculating Earnings Variability (EVAR) using EPS over 3 year period (Ticker: EMA).
2025-07-06 - 06:27:01 - INFO: Fetched Earnings data (Net Income) for 4 years period (Ticker: AGI).
2025-07-06 - 06:27:01 - INFO: EVAR 4Y (EPS) (Ticker: EMA): 66.41%
2025-07-06 - 06:27:01 - INFO: Calculating Earnings Variability (EVAR) using EPS over 3 year period (Ticker: AGI).
2025-07-06 - 06:27:01 - INFO: Calculating Earnings Variability (EVAR) using Net Income over 3 year period (Ticker: EMA).
2025-07-06 - 06:27:01 - INFO: EVAR 4Y (EPS) (Ticker: AGI): 236.7%
2025-07-06 - 06:27:01 - INFO: EVAR 4Y (Net Income) (Ticker: EMA): 63.33%
2025-07-06 - 06:27:01 - INFO: Calculating Earnings Variability (EVAR) using Net Income over 3 year period (Ticker: AGI).
2025-07-06 - 06:27:01 - INFO: CAGR 4Y (EPS) (Ticker: EMA): -4.77 %
2025-07-06 - 06:27:01 - INFO: EVAR 4Y (Net Income) (Ticker: AGI): 222.22%
2025-07-06 - 06:27:01 - INFO: CAGR 4Y (Net Income) (Ticker: EMA): 0.41 %
2025-07-06 - 06:27:01 - INFO: CAGR 4Y (EPS) (Ticker: AGI): 82.89 %
2025-07-06 - 06:27:01 - INFO: Dividend Yield (Ticker: EMA): 4.53 %
2025-07-06 - 06:27:01 - INFO: CAGR 4Y (Net Income) (Ticker: AGI): 84.32 %
2025-07-06 - 06:27:01 - INFO: ROE (ttm) (Yahoo Finance) (Ticker: EMA): 7.21 %
2025-07-06 - 06:27:01 - INFO: Dividend Yield (Ticker: AGI): 0.38 %
2025-07-06 - 06:27:01 - INFO: ROE (ttm) (Yahoo Finance) (Ticker: AGI): 7.85 %
2025-07-06 - 06:27:01 - ERROR: Invalid Stock Ticker Symbol: ERIC B
2025-07-06 - 06:27:01 - ERROR: Skipping Stock Analysis for ERIC B.
2025-07-06 - 06:27:01 - INFO: ---------------------- TLS ----------------------
2025-07-06 - 06:27:01 - INFO: P/E (Forward) (Ticker: TLS): -16.25
2025-07-06 - 06:27:01 - INFO: P/E (Trailing) (Ticker: TLS): N/A
2025-07-06 - 06:27:01 - INFO: ROE - Calc (Ticker: EMA): 7.21 %
2025-07-06 - 06:27:01 - INFO: ROE - MSCI (Ticker: EMA): 6.84 %
2025-07-06 - 06:27:01 - INFO: ROA (ttm) (Yahoo Finance) (Ticker: EMA): 2.73 %
2025-07-06 - 06:27:01 - INFO: ROA - Calc (Ticker: EMA): 1.32 %
2025-07-06 - 06:27:01 - INFO: EBIT/TEV (Ticker: CLS): 3.22 %
2025-07-06 - 06:27:01 - INFO: P/B (Ticker: CLS): 11.83
2025-07-06 - 06:27:01 - INFO: ROE - Calc (Ticker: AGI): 7.85 %
2025-07-06 - 06:27:01 - INFO: ROE - MSCI (Ticker: AGI): 7.36 %
2025-07-06 - 06:27:01 - INFO: ROA (ttm) (Yahoo Finance) (Ticker: AGI): 6.46 %
2025-07-06 - 06:27:01 - INFO: ROA - Calc (Ticker: AGI): 5.33 %
2025-07-06 - 06:27:01 - ERROR: Invalid Stock Ticker Symbol: GALD
2025-07-06 - 06:27:01 - ERROR: Skipping Stock Analysis for GALD.
2025-07-06 - 06:27:02 - INFO: CFOA (annual) (Ticker: EMA): 6.16 %
2025-07-06 - 06:27:02 - INFO: Fetched Earnings data (EPS) for 4 years period (Ticker: CLS).
2025-07-06 - 06:27:02 - ERROR: Invalid Stock Ticker Symbol: S68
2025-07-06 - 06:27:02 - INFO: ---------------------- MTX ----------------------
2025-07-06 - 06:27:02 - INFO: EPS (latest) (Ticker: CLS): 3.62
2025-07-06 - 06:27:02 - INFO: EBIT/TEV (Ticker: TLS): -26.27 %
2025-07-06 - 06:27:02 - ERROR: Skipping Stock Analysis for S68.
2025-07-06 - 06:27:02 - INFO: P/E (Forward) (Ticker: MTX): 8.68
2025-07-06 - 06:27:02 - INFO: CFOA (annual) (Ticker: AGI): 12.39 %
2025-07-06 - 06:27:02 - INFO: Fetched Earnings data (Net Income) for 4 years period (Ticker: CLS).
2025-07-06 - 06:27:02 - INFO: P/B (Ticker: TLS): 1.89
2025-07-06 - 06:27:02 - INFO: P/E (Trailing) (Ticker: MTX): N/A
2025-07-06 - 06:27:02 - INFO: Calculating Earnings Variability (EVAR) using EPS over 3 year period (Ticker: CLS).
2025-07-06 - 06:27:02 - INFO: EVAR 4Y (EPS) (Ticker: CLS): 18.19%
2025-07-06 - 06:27:02 - INFO: Calculating Earnings Variability (EVAR) using Net Income over 3 year period (Ticker: CLS).
2025-07-06 - 06:27:02 - INFO: EVAR 4Y (Net Income) (Ticker: CLS): 22.26%
2025-07-06 - 06:27:02 - INFO: CAGR 4Y (EPS) (Ticker: CLS): 64.05 %
2025-07-06 - 06:27:02 - INFO: CAGR 4Y (Net Income) (Ticker: CLS): 60.3 %
2025-07-06 - 06:27:02 - INFO: Dividend Yield (Ticker: CLS): N/A
2025-07-06 - 06:27:02 - INFO: ROE (ttm) (Yahoo Finance) (Ticker: CLS): 25.85 %
2025-07-06 - 06:27:02 - INFO: CFOA (ttm) (Ticker: EMA): 6.69 %
2025-07-06 - 06:27:02 - INFO: GPOA (Ticker: EMA): 6.74 %
2025-07-06 - 06:27:02 - INFO: GPMAR (Ticker: EMA): 40.19 %
2025-07-06 - 06:27:02 - INFO: Profit Margin (Ticker: EMA): 12.0 %
2025-07-06 - 06:27:02 - INFO: Sector: Utilities
2025-07-06 - 06:27:02 - INFO: Industry: Utilities - Regulated Electric
2025-07-06 - 06:27:02 - INFO: Fetched Earnings data (EPS) for 4 years period (Ticker: TLS).
2025-07-06 - 06:27:02 - INFO: EPS (latest) (Ticker: TLS): -0.73
2025-07-06 - 06:27:02 - INFO: Fetched Earnings data (Net Income) for 4 years period (Ticker: TLS).
2025-07-06 - 06:27:02 - INFO: Calculating Earnings Variability (EVAR) using EPS over 3 year period (Ticker: TLS).
2025-07-06 - 06:27:02 - INFO: EVAR 4Y (EPS) (Ticker: TLS): 42.49%
2025-07-06 - 06:27:02 - INFO: Calculating Earnings Variability (EVAR) using Net Income over 3 year period (Ticker: TLS).
2025-07-06 - 06:27:02 - INFO: CFOA (ttm) (Ticker: AGI): 12.54 %
2025-07-06 - 06:27:02 - INFO: EVAR 4Y (Net Income) (Ticker: TLS): 44.96%
2025-07-06 - 06:27:02 - INFO: GPOA (Ticker: AGI): 11.17 %
2025-07-06 - 06:27:02 - INFO: ROE - Calc (Ticker: CLS): 25.24 %
2025-07-06 - 06:27:02 - INFO: CAGR 4Y (EPS) (Ticker: TLS): -3.94 %
2025-07-06 - 06:27:02 - INFO: GPMAR (Ticker: AGI): 44.23 %
2025-07-06 - 06:27:02 - INFO: ROE - MSCI (Ticker: CLS): 27.03 %
2025-07-06 - 06:27:02 - INFO: CAGR 4Y (Net Income) (Ticker: TLS): -6.78 %
2025-07-06 - 06:27:02 - INFO: Profit Margin (Ticker: AGI): 18.36 %
2025-07-06 - 06:27:02 - INFO: ROA (ttm) (Yahoo Finance) (Ticker: CLS): 6.68 %
2025-07-06 - 06:27:02 - INFO: Dividend Yield (Ticker: TLS): N/A
2025-07-06 - 06:27:02 - INFO: Sector: Basic Materials
2025-07-06 - 06:27:02 - INFO: ROA - Calc (Ticker: CLS): 7.15 %
2025-07-06 - 06:27:02 - INFO: ROE (ttm) (Yahoo Finance) (Ticker: TLS): -38.32 %
2025-07-06 - 06:27:02 - INFO: Industry: Gold
2025-07-06 - 06:27:02 - INFO: ---------------------- ROL ----------------------
2025-07-06 - 06:27:02 - INFO: P/E (Forward) (Ticker: ROL): 50.39
2025-07-06 - 06:27:02 - INFO: P/E (Trailing) (Ticker: ROL): 57.01
2025-07-06 - 06:27:02 - INFO: EBIT/TEV (Ticker: MTX): 10.64 %
2025-07-06 - 06:27:02 - INFO: P/B (Ticker: MTX): 1.17
2025-07-06 - 06:27:03 - INFO: ROE - Calc (Ticker: TLS): -38.32 %
2025-07-06 - 06:27:03 - INFO: ROE - MSCI (Ticker: TLS): -43.7 %
2025-07-06 - 06:27:03 - INFO: ROA (ttm) (Yahoo Finance) (Ticker: TLS): -15.71 %
2025-07-06 - 06:27:03 - INFO: CFOA (annual) (Ticker: CLS): 7.91 %
2025-07-06 - 06:27:03 - INFO: ROA - Calc (Ticker: TLS): -33.19 %
2025-07-06 - 06:27:03 - ERROR: Invalid Stock Ticker Symbol: G24
2025-07-06 - 06:27:03 - ERROR: Skipping Stock Analysis for G24.
2025-07-06 - 06:27:03 - INFO: Fetched Earnings data (EPS) for 4 years period (Ticker: MTX).
2025-07-06 - 06:27:03 - INFO: EPS (latest) (Ticker: MTX): 5.21
2025-07-06 - 06:27:03 - ERROR: Invalid Stock Ticker Symbol: G1A
2025-07-06 - 06:27:03 - INFO: Fetched Earnings data (Net Income) for 4 years period (Ticker: MTX).
2025-07-06 - 06:27:03 - ERROR: Skipping Stock Analysis for G1A.
2025-07-06 - 06:27:03 - INFO: CFOA (annual) (Ticker: TLS): -16.39 %
2025-07-06 - 06:27:03 - INFO: Calculating Earnings Variability (EVAR) using EPS over 3 year period (Ticker: MTX).
2025-07-06 - 06:27:03 - INFO: EVAR 4Y (EPS) (Ticker: MTX): 74.16%
2025-07-06 - 06:27:03 - INFO: Calculating Earnings Variability (EVAR) using Net Income over 3 year period (Ticker: MTX).
2025-07-06 - 06:27:03 - INFO: CFOA (ttm) (Ticker: CLS): 8.01 %
2025-07-06 - 06:27:03 - INFO: EVAR 4Y (Net Income) (Ticker: MTX): 73.44%
2025-07-06 - 06:27:03 - INFO: GPOA (Ticker: CLS): 17.26 %
2025-07-06 - 06:27:03 - INFO: CAGR 4Y (EPS) (Ticker: MTX): 2.14 %
2025-07-06 - 06:27:03 - INFO: GPMAR (Ticker: CLS): 10.72 %
2025-07-06 - 06:27:03 - INFO: CAGR 4Y (Net Income) (Ticker: MTX): 0.54 %
2025-07-06 - 06:27:03 - INFO: Profit Margin (Ticker: CLS): 4.19 %
2025-07-06 - 06:27:03 - INFO: Dividend Yield (Ticker: MTX): 0.8 %
2025-07-06 - 06:27:03 - INFO: Sector: Technology
2025-07-06 - 06:27:03 - INFO: ROE (ttm) (Yahoo Finance) (Ticker: MTX): -1.18 %
2025-07-06 - 06:27:03 - INFO: Industry: Electronic Components
2025-07-06 - 06:27:03 - INFO: ---------------------- H ----------------------
2025-07-06 - 06:27:03 - INFO: P/E (Forward) (Ticker: H): 37.33
2025-07-06 - 06:27:03 - INFO: P/E (Trailing) (Ticker: H): 18.67
2025-07-06 - 06:27:03 - INFO: CFOA (ttm) (Ticker: TLS): -11.72 %
2025-07-06 - 06:27:03 - INFO: ROE - Calc (Ticker: MTX): -1.45 %
2025-07-06 - 06:27:03 - INFO: GPOA (Ticker: TLS): 21.76 %
2025-07-06 - 06:27:03 - INFO: EBIT/TEV (Ticker: ROL): 2.38 %
2025-07-06 - 06:27:03 - INFO: ROE - MSCI (Ticker: MTX): -1.54 %
2025-07-06 - 06:27:03 - INFO: GPMAR (Ticker: TLS): 31.8 %
2025-07-06 - 06:27:03 - INFO: P/B (Ticker: ROL): 20.17
2025-07-06 - 06:27:03 - INFO: ROA (ttm) (Yahoo Finance) (Ticker: MTX): 5.03 %
2025-07-06 - 06:27:03 - INFO: ---------------------- PODD ----------------------
2025-07-06 - 06:27:04 - INFO: Profit Margin (Ticker: TLS): -49.19 %
2025-07-06 - 06:27:04 - INFO: ROA - Calc (Ticker: MTX): 4.92 %
2025-07-06 - 06:27:04 - INFO: P/E (Forward) (Ticker: PODD): 77.79
2025-07-06 - 06:27:04 - INFO: Sector: Technology
2025-07-06 - 06:27:04 - INFO: P/E (Trailing) (Ticker: PODD): 54.34
2025-07-06 - 06:27:04 - INFO: Industry: Software - Infrastructure
2025-07-06 - 06:27:04 - INFO: CFOA (annual) (Ticker: MTX): 6.97 %
2025-07-06 - 06:27:04 - INFO: Fetched Earnings data (EPS) for 4 years period (Ticker: ROL).
2025-07-06 - 06:27:04 - INFO: EBIT/TEV (Ticker: H): 2.86 %
2025-07-06 - 06:27:04 - INFO: EPS (latest) (Ticker: ROL): 0.96
2025-07-06 - 06:27:04 - INFO: P/B (Ticker: H): 4.07
2025-07-06 - 06:27:04 - INFO: Fetched Earnings data (Net Income) for 4 years period (Ticker: ROL).
2025-07-06 - 06:27:04 - INFO: Calculating Earnings Variability (EVAR) using EPS over 3 year period (Ticker: ROL).
2025-07-06 - 06:27:04 - INFO: EVAR 4Y (EPS) (Ticker: ROL): 6.97%
2025-07-06 - 06:27:04 - INFO: Calculating Earnings Variability (EVAR) using Net Income over 3 year period (Ticker: ROL).
2025-07-06 - 06:27:04 - INFO: EVAR 4Y (Net Income) (Ticker: ROL): 7.58%
2025-07-06 - 06:27:04 - INFO: CAGR 4Y (EPS) (Ticker: ROL): 10.58 %
2025-07-06 - 06:27:04 - INFO: CAGR 4Y (Net Income) (Ticker: ROL): 9.36 %
2025-07-06 - 06:27:04 - INFO: Dividend Yield (Ticker: ROL): 1.17 %
2025-07-06 - 06:27:04 - INFO: ROE (ttm) (Yahoo Finance) (Ticker: ROL): 37.83 %
2025-07-06 - 06:27:04 - INFO: Fetched Earnings data (EPS) for 4 years period (Ticker: H).
2025-07-06 - 06:27:04 - INFO: EPS (latest) (Ticker: H): 12.99
2025-07-06 - 06:27:04 - INFO: Fetched Earnings data (Net Income) for 4 years period (Ticker: H).
2025-07-06 - 06:27:04 - INFO: CFOA (ttm) (Ticker: MTX): 5.2 %
2025-07-06 - 06:27:04 - INFO: Calculating Earnings Variability (EVAR) using EPS over 3 year period (Ticker: H).
2025-07-06 - 06:27:04 - INFO: GPOA (Ticker: MTX): 16.14 %
2025-07-06 - 06:27:04 - INFO: EVAR 4Y (EPS) (Ticker: H): 286.3%
2025-07-06 - 06:27:05 - INFO: EBIT/TEV (Ticker: PODD): 1.58 %
2025-07-06 - 06:27:05 - INFO: GPMAR (Ticker: MTX): 25.85 %
2025-07-06 - 06:27:05 - INFO: Calculating Earnings Variability (EVAR) using Net Income over 3 year period (Ticker: H).
2025-07-06 - 06:27:05 - INFO: P/B (Ticker: PODD): 15.92
2025-07-06 - 06:27:05 - INFO: ROE - Calc (Ticker: ROL): 37.83 %
2025-07-06 - 06:27:05 - INFO: Profit Margin (Ticker: MTX): -1.14 %
2025-07-06 - 06:27:05 - INFO: EVAR 4Y (Net Income) (Ticker: H): 274.92%
2025-07-06 - 06:27:05 - INFO: ROE - MSCI (Ticker: ROL): 35.39 %
2025-07-06 - 06:27:05 - INFO: Sector: Basic Materials
2025-07-06 - 06:27:05 - INFO: CAGR 4Y (EPS) (Ticker: H): 100.82 %
2025-07-06 - 06:27:05 - INFO: ROA (ttm) (Yahoo Finance) (Ticker: ROL): 14.88 %
2025-07-06 - 06:27:05 - ERROR: Invalid Stock Ticker Symbol: 9697
2025-07-06 - 06:27:05 - INFO: Industry: Specialty Chemicals
2025-07-06 - 06:27:05 - INFO: CAGR 4Y (Net Income) (Ticker: H): 98.64 %
2025-07-06 - 06:27:05 - ERROR: Invalid Stock Ticker Symbol: HEIA
2025-07-06 - 06:27:05 - INFO: ROA - Calc (Ticker: ROL): 16.54 %
2025-07-06 - 06:27:05 - ERROR: Skipping Stock Analysis for 9697.
2025-07-06 - 06:27:05 - INFO: Dividend Yield (Ticker: H): 0.43 %
2025-07-06 - 06:27:05 - ERROR: Skipping Stock Analysis for HEIA.
2025-07-06 - 06:27:05 - INFO: ROE (ttm) (Yahoo Finance) (Ticker: H): 21.5 %
2025-07-06 - 06:27:05 - INFO: ---------------------- EVRG ----------------------
2025-07-06 - 06:27:05 - INFO: P/E (Forward) (Ticker: EVRG): 17.37
2025-07-06 - 06:27:05 - INFO: P/E (Trailing) (Ticker: EVRG): 18.47
2025-07-06 - 06:27:05 - INFO: Fetched Earnings data (EPS) for 4 years period (Ticker: PODD).
2025-07-06 - 06:27:05 - INFO: EPS (latest) (Ticker: PODD): 5.97
2025-07-06 - 06:27:05 - INFO: Fetched Earnings data (Net Income) for 4 years period (Ticker: PODD).
2025-07-06 - 06:27:05 - INFO: Calculating Earnings Variability (EVAR) using EPS over 3 year period (Ticker: PODD).
2025-07-06 - 06:27:05 - INFO: EVAR 4Y (EPS) (Ticker: PODD): 2376.65%
2025-07-06 - 06:27:05 - INFO: Calculating Earnings Variability (EVAR) using Net Income over 3 year period (Ticker: PODD).
2025-07-06 - 06:27:05 - INFO: EVAR 4Y (Net Income) (Ticker: PODD): 2524.38%
2025-07-06 - 06:27:05 - INFO: CFOA (annual) (Ticker: ROL): 21.55 %
2025-07-06 - 06:27:05 - INFO: CAGR 4Y (EPS) (Ticker: PODD): 187.97 %
2025-07-06 - 06:27:05 - INFO: ROE - Calc (Ticker: H): 22.31 %
2025-07-06 - 06:27:05 - INFO: CAGR 4Y (Net Income) (Ticker: PODD): 192.01 %
2025-07-06 - 06:27:05 - INFO: ROE - MSCI (Ticker: H): 10.51 %
2025-07-06 - 06:27:05 - INFO: Dividend Yield (Ticker: PODD): N/A
2025-07-06 - 06:27:05 - INFO: ROA (ttm) (Yahoo Finance) (Ticker: H): 2.4 %
2025-07-06 - 06:27:05 - INFO: ROA - Calc (Ticker: H): 9.73 %
2025-07-06 - 06:27:05 - INFO: ROE (ttm) (Yahoo Finance) (Ticker: PODD): 37.92 %
2025-07-06 - 06:27:05 - INFO: CFOA (ttm) (Ticker: ROL): 22.1 %
2025-07-06 - 06:27:05 - INFO: GPOA (Ticker: ROL): 63.32 %
2025-07-06 - 06:27:05 - INFO: EBIT/TEV (Ticker: EVRG): 4.93 %
2025-07-06 - 06:27:05 - INFO: GPMAR (Ticker: ROL): 52.69 %
2025-07-06 - 06:27:05 - INFO: P/B (Ticker: EVRG): 1.63
2025-07-06 - 06:27:05 - INFO: Profit Margin (Ticker: ROL): 13.78 %
2025-07-06 - 06:27:05 - INFO: Sector: Consumer Cyclical
2025-07-06 - 06:27:05 - INFO: Industry: Personal Services
2025-07-06 - 06:27:05 - INFO: CFOA (annual) (Ticker: H): 4.75 %
2025-07-06 - 06:27:06 - INFO: ---------------------- RDDT ----------------------
2025-07-06 - 06:27:06 - INFO: ROE - Calc (Ticker: PODD): 37.92 %
2025-07-06 - 06:27:06 - INFO: ---------------------- SIG ----------------------
2025-07-06 - 06:27:06 - INFO: P/E (Forward) (Ticker: RDDT): 234.37
2025-07-06 - 06:27:06 - INFO: ROE - MSCI (Ticker: PODD): 30.36 %
2025-07-06 - 06:27:06 - INFO: P/E (Forward) (Ticker: SIG): 7.32
2025-07-06 - 06:27:06 - INFO: P/E (Trailing) (Ticker: RDDT): 31.47
2025-07-06 - 06:27:06 - INFO: ROA (ttm) (Yahoo Finance) (Ticker: PODD): 6.94 %
2025-07-06 - 06:27:06 - INFO: P/E (Trailing) (Ticker: SIG): 96.62
2025-07-06 - 06:27:06 - INFO: ROA - Calc (Ticker: PODD): 13.55 %
2025-07-06 - 06:27:06 - INFO: ---------------------- CMS ----------------------
2025-07-06 - 06:27:06 - INFO: P/E (Forward) (Ticker: CMS): 19.68
2025-07-06 - 06:27:06 - INFO: P/E (Trailing) (Ticker: CMS): 20.85
2025-07-06 - 06:27:06 - INFO: Fetched Earnings data (EPS) for 4 years period (Ticker: EVRG).
2025-07-06 - 06:27:06 - INFO: EPS (latest) (Ticker: EVRG): 3.79
2025-07-06 - 06:27:06 - INFO: Fetched Earnings data (Net Income) for 4 years period (Ticker: EVRG).
2025-07-06 - 06:27:06 - INFO: Calculating Earnings Variability (EVAR) using EPS over 3 year period (Ticker: EVRG).
2025-07-06 - 06:27:06 - INFO: EVAR 4Y (EPS) (Ticker: EVRG): 17.25%
2025-07-06 - 06:27:06 - INFO: Calculating Earnings Variability (EVAR) using Net Income over 3 year period (Ticker: EVRG).
2025-07-06 - 06:27:06 - INFO: EVAR 4Y (Net Income) (Ticker: EVRG): 17.22%
2025-07-06 - 06:27:06 - INFO: CAGR 4Y (EPS) (Ticker: EVRG): -0.44 %
2025-07-06 - 06:27:06 - INFO: CAGR 4Y (Net Income) (Ticker: EVRG): -0.24 %
2025-07-06 - 06:27:06 - INFO: Dividend Yield (Ticker: EVRG): 3.87 %
2025-07-06 - 06:27:06 - INFO: ROE (ttm) (Yahoo Finance) (Ticker: EVRG): 9.05 %
2025-07-06 - 06:27:06 - INFO: CFOA (ttm) (Ticker: H): 4.19 %
2025-07-06 - 06:27:06 - INFO: CFOA (annual) (Ticker: PODD): 13.94 %
2025-07-06 - 06:27:06 - INFO: GPOA (Ticker: H): 9.73 %
2025-07-06 - 06:27:06 - INFO: GPMAR (Ticker: H): 19.51 %
2025-07-06 - 06:27:06 - INFO: Profit Margin (Ticker: H): 24.69 %
2025-07-06 - 06:27:06 - INFO: Sector: Consumer Cyclical
2025-07-06 - 06:27:06 - INFO: Industry: Lodging
2025-07-06 - 06:27:06 - INFO: ROE - Calc (Ticker: EVRG): 8.95 %
2025-07-06 - 06:27:06 - INFO: ROE - MSCI (Ticker: EVRG): 9.28 %
2025-07-06 - 06:27:06 - INFO: ROA (ttm) (Yahoo Finance) (Ticker: EVRG): 2.91 %
2025-07-06 - 06:27:06 - INFO: ROA - Calc (Ticker: EVRG): 2.71 %
2025-07-06 - 06:27:06 - INFO: EBIT/TEV (Ticker: SIG): 11.8 %
2025-07-06 - 06:27:06 - INFO: P/B (Ticker: SIG): 1.96
2025-07-06 - 06:27:06 - INFO: CFOA (ttm) (Ticker: PODD): 13.0 %
2025-07-06 - 06:27:06 - INFO: GPOA (Ticker: PODD): 46.82 %
2025-07-06 - 06:27:06 - INFO: GPMAR (Ticker: PODD): 69.79 %
2025-07-06 - 06:27:06 - INFO: Profit Margin (Ticker: PODD): 18.29 %
2025-07-06 - 06:27:06 - INFO: Sector: Healthcare
2025-07-06 - 06:27:06 - INFO: Industry: Medical Devices
2025-07-06 - 06:27:06 - INFO: CFOA (annual) (Ticker: EVRG): 6.14 %
2025-07-06 - 06:27:07 - INFO: EBIT/TEV (Ticker: RDDT): 0.12 %
2025-07-06 - 06:27:07 - INFO: EBIT/TEV (Ticker: CMS): 4.18 %
2025-07-06 - 06:27:07 - INFO: P/B (Ticker: RDDT): 13.05
2025-07-06 - 06:27:07 - INFO: P/B (Ticker: CMS): 2.6
2025-07-06 - 06:27:07 - INFO: Fetched Earnings data (EPS) for 4 years period (Ticker: SIG).
2025-07-06 - 06:27:07 - INFO: EPS (latest) (Ticker: SIG): -0.81
2025-07-06 - 06:27:07 - INFO: Fetched Earnings data (Net Income) for 4 years period (Ticker: SIG).
2025-07-06 - 06:27:07 - INFO: Calculating Earnings Variability (EVAR) using EPS over 3 year period (Ticker: SIG).
2025-07-06 - 06:27:07 - INFO: EVAR 4Y (EPS) (Ticker: SIG): 125.44%
2025-07-06 - 06:27:07 - INFO: Calculating Earnings Variability (EVAR) using Net Income over 3 year period (Ticker: SIG).
2025-07-06 - 06:27:07 - INFO: EVAR 4Y (Net Income) (Ticker: SIG): 109.87%
2025-07-06 - 06:27:07 - INFO: CAGR 4Y (EPS) (Ticker: SIG): -100 %
2025-07-06 - 06:27:07 - INFO: CAGR 4Y (Net Income) (Ticker: SIG): -57.0 %
2025-07-06 - 06:27:07 - INFO: Dividend Yield (Ticker: SIG): 1.61 %
2025-07-06 - 06:27:07 - INFO: ROE (ttm) (Yahoo Finance) (Ticker: SIG): 2.04 %
2025-07-06 - 06:27:07 - ERROR: Invalid Stock Ticker Symbol: A5G
2025-07-06 - 06:27:07 - ERROR: Skipping Stock Analysis for A5G.
2025-07-06 - 06:27:07 - INFO: Fetched Earnings data (EPS) for 4 years period (Ticker: CMS).
2025-07-06 - 06:27:07 - INFO: Fetched Earnings data (EPS) for 4 years period (Ticker: RDDT).
2025-07-06 - 06:27:07 - INFO: ---------------------- SUN ----------------------
2025-07-06 - 06:27:07 - INFO: CFOA (ttm) (Ticker: EVRG): 6.58 %
2025-07-06 - 06:27:07 - INFO: EPS (latest) (Ticker: CMS): 3.34
2025-07-06 - 06:27:07 - INFO: EPS (latest) (Ticker: RDDT): -3.33
2025-07-06 - 06:27:07 - INFO: P/E (Forward) (Ticker: SUN): 9.13
2025-07-06 - 06:27:07 - INFO: GPOA (Ticker: EVRG): 9.4 %
2025-07-06 - 06:27:07 - INFO: Fetched Earnings data (Net Income) for 4 years period (Ticker: CMS).
2025-07-06 - 06:27:07 - INFO: Fetched Earnings data (Net Income) for 4 years period (Ticker: RDDT).
2025-07-06 - 06:27:07 - INFO: P/E (Trailing) (Ticker: SUN): 11.12
2025-07-06 - 06:27:07 - INFO: GPMAR (Ticker: EVRG): 51.9 %
2025-07-06 - 06:27:07 - INFO: Profit Margin (Ticker: EVRG): 14.87 %
2025-07-06 - 06:27:07 - INFO: Calculating Earnings Variability (EVAR) using EPS over 3 year period (Ticker: CMS).
2025-07-06 - 06:27:07 - INFO: ROE - Calc (Ticker: SIG): 2.04 %
2025-07-06 - 06:27:07 - INFO: Calculating Earnings Variability (EVAR) using EPS over 3 year period (Ticker: RDDT).
2025-07-06 - 06:27:07 - INFO: Sector: Utilities
2025-07-06 - 06:27:07 - INFO: EVAR 4Y (EPS) (Ticker: CMS): 27.72%
2025-07-06 - 06:27:07 - INFO: ROE - MSCI (Ticker: SIG): -5.26 %
2025-07-06 - 06:27:07 - INFO: EVAR 4Y (EPS) (Ticker: RDDT): 287.58%
2025-07-06 - 06:27:07 - INFO: Industry: Utilities - Regulated Electric
2025-07-06 - 06:27:07 - INFO: Calculating Earnings Variability (EVAR) using Net Income over 3 year period (Ticker: CMS).
2025-07-06 - 06:27:07 - INFO: ROA (ttm) (Yahoo Finance) (Ticker: SIG): 5.61 %
2025-07-06 - 06:27:07 - INFO: Calculating Earnings Variability (EVAR) using Net Income over 3 year period (Ticker: RDDT).
2025-07-06 - 06:27:07 - INFO: EVAR 4Y (Net Income) (Ticker: RDDT): 257.69%
2025-07-06 - 06:27:07 - INFO: EVAR 4Y (Net Income) (Ticker: CMS): 27.75%
2025-07-06 - 06:27:07 - INFO: CAGR 4Y (EPS) (Ticker: CMS): -10.51 %
2025-07-06 - 06:27:07 - INFO: ROA - Calc (Ticker: SIG): 1.07 %
2025-07-06 - 06:27:07 - INFO: CAGR 4Y (Net Income) (Ticker: CMS): -9.5 %
2025-07-06 - 06:27:07 - INFO: CAGR 4Y (EPS) (Ticker: RDDT): -56.7 %
2025-07-06 - 06:27:07 - INFO: CAGR 4Y (Net Income) (Ticker: RDDT): -55.86 %
2025-07-06 - 06:27:07 - INFO: Dividend Yield (Ticker: RDDT): N/A
2025-07-06 - 06:27:07 - INFO: Dividend Yield (Ticker: CMS): 3.13 %
2025-07-06 - 06:27:07 - INFO: ROE (ttm) (Yahoo Finance) (Ticker: RDDT): 5.77 %
2025-07-06 - 06:27:07 - INFO: ROE (ttm) (Yahoo Finance) (Ticker: CMS): 11.23 %
2025-07-06 - 06:27:08 - INFO: CFOA (annual) (Ticker: SIG): 10.32 %
2025-07-06 - 06:27:08 - INFO: ROE - Calc (Ticker: RDDT): 5.77 %
2025-07-06 - 06:27:08 - INFO: ROE - MSCI (Ticker: RDDT): 3.86 %
2025-07-06 - 06:27:08 - INFO: ROE - Calc (Ticker: CMS): 12.53 %
2025-07-06 - 06:27:08 - INFO: ROA (ttm) (Yahoo Finance) (Ticker: RDDT): 0.92 %
2025-07-06 - 06:27:08 - INFO: ROE - MSCI (Ticker: CMS): 13.04 %
2025-07-06 - 06:27:08 - INFO: ROA - Calc (Ticker: RDDT): -20.73 %
2025-07-06 - 06:27:08 - INFO: ROA (ttm) (Yahoo Finance) (Ticker: CMS): 3.09 %
2025-07-06 - 06:27:08 - INFO: ROA - Calc (Ticker: CMS): 2.79 %
2025-07-06 - 06:27:08 - INFO: ---------------------- AGS ----------------------
2025-07-06 - 06:27:08 - INFO: CFOA (annual) (Ticker: CMS): 6.6 %
2025-07-06 - 06:27:08 - INFO: P/E (Forward) (Ticker: AGS): 16.22
2025-07-06 - 06:27:08 - INFO: CFOA (annual) (Ticker: RDDT): 9.5 %
2025-07-06 - 06:27:08 - INFO: P/E (Trailing) (Ticker: AGS): 10.77
2025-07-06 - 06:27:08 - INFO: CFOA (ttm) (Ticker: SIG): 10.21 %
2025-07-06 - 06:27:08 - INFO: GPOA (Ticker: SIG): 45.85 %
2025-07-06 - 06:27:08 - INFO: EBIT/TEV (Ticker: SUN): 5.38 %
2025-07-06 - 06:27:08 - ERROR: Invalid Stock Ticker Symbol: PME
2025-07-06 - 06:27:08 - INFO: GPMAR (Ticker: SIG): 39.17 %
2025-07-06 - 06:27:09 - INFO: P/B (Ticker: SUN): 1.81
2025-07-06 - 06:27:09 - ERROR: Skipping Stock Analysis for PME.
2025-07-06 - 06:27:09 - INFO: ---------------------- OKTA ----------------------
2025-07-06 - 06:27:09 - INFO: Profit Margin (Ticker: SIG): 0.63 %
2025-07-06 - 06:27:09 - INFO: CFOA (ttm) (Ticker: RDDT): 14.08 %
2025-07-06 - 06:27:09 - INFO: P/E (Forward) (Ticker: OKTA): 34.18
2025-07-06 - 06:27:09 - INFO: Sector: Consumer Cyclical
2025-07-06 - 06:27:09 - INFO: CFOA (ttm) (Ticker: CMS): 6.85 %
2025-07-06 - 06:27:09 - INFO: GPOA (Ticker: RDDT): 50.36 %
2025-07-06 - 06:27:09 - INFO: P/E (Trailing) (Ticker: OKTA): 152.48
2025-07-06 - 06:27:09 - INFO: Industry: Luxury Goods
2025-07-06 - 06:27:09 - INFO: GPOA (Ticker: CMS): 8.93 %
2025-07-06 - 06:27:09 - INFO: GPMAR (Ticker: RDDT): 90.49 %
2025-07-06 - 06:27:09 - INFO: GPMAR (Ticker: CMS): 42.7 %
2025-07-06 - 06:27:09 - INFO: Profit Margin (Ticker: RDDT): 8.07 %
2025-07-06 - 06:27:09 - INFO: Profit Margin (Ticker: CMS): 13.1 %
2025-07-06 - 06:27:09 - INFO: Sector: Communication Services
2025-07-06 - 06:27:09 - INFO: Sector: Utilities
2025-07-06 - 06:27:09 - INFO: Industry: Internet Content & Information
2025-07-06 - 06:27:09 - INFO: Industry: Utilities - Regulated Electric
2025-07-06 - 06:27:09 - INFO: EBIT/TEV (Ticker: AGS): 6.86 %
2025-07-06 - 06:27:09 - INFO: Fetched Earnings data (EPS) for 4 years period (Ticker: SUN).
2025-07-06 - 06:27:09 - INFO: P/B (Ticker: AGS): 4.41
2025-07-06 - 06:27:09 - INFO: EPS (latest) (Ticker: SUN): 3.7
2025-07-06 - 06:27:09 - INFO: Fetched Earnings data (Net Income) for 4 years period (Ticker: SUN).
2025-07-06 - 06:27:09 - INFO: Calculating Earnings Variability (EVAR) using EPS over 3 year period (Ticker: SUN).
2025-07-06 - 06:27:09 - INFO: EVAR 4Y (EPS) (Ticker: SUN): 141.49%
2025-07-06 - 06:27:09 - INFO: Calculating Earnings Variability (EVAR) using Net Income over 3 year period (Ticker: SUN).
2025-07-06 - 06:27:09 - INFO: EVAR 4Y (Net Income) (Ticker: SUN): 84.78%
2025-07-06 - 06:27:09 - INFO: CAGR 4Y (EPS) (Ticker: SUN): 31.42 %
2025-07-06 - 06:27:09 - INFO: CAGR 4Y (Net Income) (Ticker: SUN): 17.09 %
2025-07-06 - 06:27:09 - INFO: Dividend Yield (Ticker: SUN): 6.7 %
2025-07-06 - 06:27:09 - INFO: ROE (ttm) (Yahoo Finance) (Ticker: SUN): 32.25 %
2025-07-06 - 06:27:09 - INFO: Fetched Earnings data (EPS) for 4 years period (Ticker: AGS).
2025-07-06 - 06:27:09 - ERROR: Unhandled error analyzing stock (Ticker: SUN)
2025-07-06 - 06:27:09 - INFO: EPS (latest) (Ticker: AGS): 1.2
2025-07-06 - 06:27:09 - ERROR: Unexpected error during ROE calculation for Ticker SUN: float division by zero
Traceback (most recent call last):
  File "ProfitabilityCalculator.py", line 268, in calc_roe
ZeroDivisionError: float division by zero

The above exception was the direct cause of the following exception:

Traceback (most recent call last):
  File "StockFactorScreener.py", line 580, in analyze_stock
  File "ProfitabilityCalculator.py", line 277, in calc_roe
ValueError: Unexpected error during ROE calculation for Ticker SUN: float division by zero
2025-07-06 - 06:27:09 - INFO: Fetched Earnings data (Net Income) for 4 years period (Ticker: AGS).
2025-07-06 - 06:27:09 - INFO: Calculating Earnings Variability (EVAR) using EPS over 3 year period (Ticker: AGS).
2025-07-06 - 06:27:09 - INFO: EVAR 4Y (EPS) (Ticker: AGS): 6821.69%
2025-07-06 - 06:27:09 - INFO: Calculating Earnings Variability (EVAR) using Net Income over 3 year period (Ticker: AGS).
2025-07-06 - 06:27:09 - INFO: EVAR 4Y (Net Income) (Ticker: AGS): 6859.95%
2025-07-06 - 06:27:09 - INFO: CAGR 4Y (EPS) (Ticker: AGS): 57.88 %
2025-07-06 - 06:27:09 - INFO: CAGR 4Y (Net Income) (Ticker: AGS): 62.46 %
2025-07-06 - 06:27:09 - INFO: Dividend Yield (Ticker: AGS): N/A
2025-07-06 - 06:27:09 - INFO: ROE (ttm) (Yahoo Finance) (Ticker: AGS): 53.08 %
2025-07-06 - 06:27:10 - INFO: EBIT/TEV (Ticker: OKTA): 0.15 %
2025-07-06 - 06:27:10 - INFO: P/B (Ticker: OKTA): 2.64
2025-07-06 - 06:27:10 - ERROR: Invalid Stock Ticker Symbol: HELN
2025-07-06 - 06:27:10 - ERROR: Invalid Stock Ticker Symbol: LISN
2025-07-06 - 06:27:10 - ERROR: Skipping Stock Analysis for HELN.
2025-07-06 - 06:27:10 - ERROR: Skipping Stock Analysis for LISN.
2025-07-06 - 06:27:10 - INFO: ROE - Calc (Ticker: AGS): 53.08 %
2025-07-06 - 06:27:10 - INFO: ROE - MSCI (Ticker: AGS): 8.84 %
2025-07-06 - 06:27:10 - INFO: ROA (ttm) (Yahoo Finance) (Ticker: AGS): 6.38 %
2025-07-06 - 06:27:10 - INFO: ROA - Calc (Ticker: AGS): 7.28 %
2025-07-06 - 06:27:10 - INFO: Fetched Earnings data (EPS) for 4 years period (Ticker: OKTA).
2025-07-06 - 06:27:10 - INFO: EPS (latest) (Ticker: OKTA): 0.16
2025-07-06 - 06:27:10 - INFO: Fetched Earnings data (Net Income) for 4 years period (Ticker: OKTA).
2025-07-06 - 06:27:10 - INFO: ---------------------- IAG ----------------------
2025-07-06 - 06:27:10 - INFO: Calculating Earnings Variability (EVAR) using EPS over 3 year period (Ticker: OKTA).
2025-07-06 - 06:27:10 - INFO: P/E (Forward) (Ticker: IAG): 9.35
2025-07-06 - 06:27:10 - INFO: ---------------------- EVN ----------------------
2025-07-06 - 06:27:10 - INFO: EVAR 4Y (EPS) (Ticker: OKTA): 48.71%
2025-07-06 - 06:27:10 - INFO: P/E (Trailing) (Ticker: IAG): 5.12
2025-07-06 - 06:27:10 - INFO: P/E (Forward) (Ticker: EVN): N/A
2025-07-06 - 06:27:10 - INFO: Calculating Earnings Variability (EVAR) using Net Income over 3 year period (Ticker: OKTA).
2025-07-06 - 06:27:10 - INFO: CFOA (annual) (Ticker: AGS): 14.27 %
2025-07-06 - 06:27:10 - INFO: P/E (Trailing) (Ticker: EVN): 11.15
2025-07-06 - 06:27:10 - INFO: EVAR 4Y (Net Income) (Ticker: OKTA): 52.0%
2025-07-06 - 06:27:10 - INFO: CAGR 4Y (EPS) (Ticker: OKTA): 26.58 %
2025-07-06 - 06:27:10 - INFO: CAGR 4Y (Net Income) (Ticker: OKTA): 26.68 %
2025-07-06 - 06:27:10 - INFO: Dividend Yield (Ticker: OKTA): N/A
2025-07-06 - 06:27:10 - INFO: ROE (ttm) (Yahoo Finance) (Ticker: OKTA): 2.08 %
2025-07-06 - 06:27:10 - ERROR: Invalid Stock Ticker Symbol: UNI
2025-07-06 - 06:27:10 - ERROR: Skipping Stock Analysis for UNI.
2025-07-06 - 06:27:10 - INFO: CFOA (ttm) (Ticker: AGS): 14.76 %
2025-07-06 - 06:27:10 - INFO: GPOA (Ticker: AGS): 39.01 %
2025-07-06 - 06:27:10 - INFO: ROE - Calc (Ticker: OKTA): 2.08 %
2025-07-06 - 06:27:10 - INFO: GPMAR (Ticker: AGS): 70.1 %
2025-07-06 - 06:27:10 - ERROR: Invalid Stock Ticker Symbol: ORK
2025-07-06 - 06:27:10 - ERROR: Invalid Stock Ticker Symbol: BALN
2025-07-06 - 06:27:10 - INFO: ROE - MSCI (Ticker: OKTA): 1.93 %
2025-07-06 - 06:27:10 - INFO: Profit Margin (Ticker: AGS): 12.83 %
2025-07-06 - 06:27:10 - ERROR: Skipping Stock Analysis for ORK.
2025-07-06 - 06:27:10 - ERROR: Skipping Stock Analysis for BALN.
2025-07-06 - 06:27:10 - INFO: ROA (ttm) (Yahoo Finance) (Ticker: OKTA): 0.11 %
2025-07-06 - 06:27:10 - INFO: Sector: Consumer Cyclical
2025-07-06 - 06:27:10 - INFO: EBIT/TEV (Ticker: IAG): 10.54 %
2025-07-06 - 06:27:10 - INFO: ROA - Calc (Ticker: OKTA): 0.30 %
2025-07-06 - 06:27:10 - INFO: Industry: Gambling
2025-07-06 - 06:27:10 - INFO: P/B (Ticker: IAG): 1.27
2025-07-06 - 06:27:11 - INFO: Fetched Earnings data (EPS) for 4 years period (Ticker: IAG).
2025-07-06 - 06:27:11 - INFO: EPS (latest) (Ticker: IAG): 1.52
2025-07-06 - 06:27:11 - INFO: CFOA (annual) (Ticker: OKTA): 7.95 %
2025-07-06 - 06:27:11 - INFO: Fetched Earnings data (Net Income) for 4 years period (Ticker: IAG).
2025-07-06 - 06:27:11 - INFO: Calculating Earnings Variability (EVAR) using EPS over 3 year period (Ticker: IAG).
2025-07-06 - 06:27:11 - INFO: EVAR 4Y (EPS) (Ticker: IAG): 327.32%
2025-07-06 - 06:27:11 - INFO: Calculating Earnings Variability (EVAR) using Net Income over 3 year period (Ticker: IAG).
2025-07-06 - 06:27:11 - INFO: EVAR 4Y (Net Income) (Ticker: IAG): 364.57%
2025-07-06 - 06:27:11 - INFO: CAGR 4Y (EPS) (Ticker: IAG): 69.48 %
2025-07-06 - 06:27:11 - INFO: CAGR 4Y (Net Income) (Ticker: IAG): 73.49 %
2025-07-06 - 06:27:11 - INFO: Dividend Yield (Ticker: IAG): N/A
2025-07-06 - 06:27:11 - INFO: ROE (ttm) (Yahoo Finance) (Ticker: IAG): 28.74 %
2025-07-06 - 06:27:11 - INFO: CFOA (ttm) (Ticker: OKTA): 8.37 %
2025-07-06 - 06:27:11 - INFO: GPOA (Ticker: OKTA): 21.11 %
2025-07-06 - 06:27:11 - INFO: GPMAR (Ticker: OKTA): 76.32 %
2025-07-06 - 06:27:11 - INFO: Profit Margin (Ticker: OKTA): 4.85 %
2025-07-06 - 06:27:11 - INFO: Sector: Technology
2025-07-06 - 06:27:11 - INFO: Industry: Software - Infrastructure
2025-07-06 - 06:27:11 - INFO: ROE - Calc (Ticker: IAG): 28.42 %
2025-07-06 - 06:27:11 - INFO: ROE - MSCI (Ticker: IAG): 23.89 %
2025-07-06 - 06:27:11 - INFO: ROA (ttm) (Yahoo Finance) (Ticker: IAG): 6.25 %
2025-07-06 - 06:27:11 - INFO: ROA - Calc (Ticker: IAG): 15.25 %
2025-07-06 - 06:27:11 - INFO: EBIT/TEV (Ticker: EVN): 6.05 %
2025-07-06 - 06:27:11 - INFO: P/B (Ticker: EVN): 0.9
2025-07-06 - 06:27:11 - INFO: Fetched Earnings data (EPS) for 4 years period (Ticker: EVN).
2025-07-06 - 06:27:11 - INFO: EPS (latest) (Ticker: EVN): 0.34
2025-07-06 - 06:27:11 - INFO: Fetched Earnings data (Net Income) for 4 years period (Ticker: EVN).
2025-07-06 - 06:27:11 - INFO: Calculating Earnings Variability (EVAR) using EPS over 3 year period (Ticker: EVN).
2025-07-06 - 06:27:11 - INFO: EVAR 4Y (EPS) (Ticker: EVN): 299.47%
2025-07-06 - 06:27:11 - INFO: Calculating Earnings Variability (EVAR) using Net Income over 3 year period (Ticker: EVN).
2025-07-06 - 06:27:11 - INFO: EVAR 4Y (Net Income) (Ticker: EVN): 349.5%
2025-07-06 - 06:27:11 - INFO: CAGR 4Y (EPS) (Ticker: EVN): -28.09 %
2025-07-06 - 06:27:11 - INFO: CAGR 4Y (Net Income) (Ticker: EVN): 11.09 %
2025-07-06 - 06:27:11 - INFO: Dividend Yield (Ticker: EVN): 6.02 %
2025-07-06 - 06:27:11 - INFO: ROE (ttm) (Yahoo Finance) (Ticker: EVN): 8.21 %
2025-07-06 - 06:27:11 - ERROR: Error calculating ROE (ttm) (Ticker: EVN): Cannot calculate ROE (Ticker: EVN): An error occurred: Cannot calculate Net Income TTM! Net Income data is missing in the Quarterly Income Statement (Ticker: EVN).
2025-07-06 - 06:27:11 - ERROR: Unhandled error analyzing stock (Ticker: EVN)
2025-07-06 - 06:27:11 - ERROR: Cannot calculate Trailing EPS! EPS data is missing (Ticker: EVN).
Traceback (most recent call last):
  File "StockFactorScreener.py", line 605, in analyze_stock
  File "ProfitabilityCalculator.py", line 304, in calc_roe_msci
  File "EarningsEngine.py", line 343, in calc_eps_ttm
EarningsEngine.EPSCalcError: Cannot calculate Trailing EPS! EPS data is missing (Ticker: EVN).
2025-07-06 - 06:27:11 - ERROR: Invalid Stock Ticker Symbol: DSCT
2025-07-06 - 06:27:11 - ERROR: Skipping Stock Analysis for DSCT.
2025-07-06 - 06:27:11 - ERROR: Invalid Stock Ticker Symbol: TEL2 B
2025-07-06 - 06:27:11 - INFO: ---------------------- AM ----------------------
2025-07-06 - 06:27:11 - ERROR: Skipping Stock Analysis for TEL2 B.
2025-07-06 - 06:27:11 - INFO: P/E (Forward) (Ticker: AM): 17.93
2025-07-06 - 06:27:11 - INFO: P/E (Trailing) (Ticker: AM): 21.06
2025-07-06 - 06:27:11 - INFO: CFOA (annual) (Ticker: IAG): 9.04 %
2025-07-06 - 06:27:12 - ERROR: Invalid Stock Ticker Symbol: 8136
2025-07-06 - 06:27:12 - ERROR: Skipping Stock Analysis for 8136.
2025-07-06 - 06:27:12 - INFO: CFOA (ttm) (Ticker: IAG): 9.07 %
2025-07-06 - 06:27:12 - INFO: GPOA (Ticker: IAG): 10.23 %
2025-07-06 - 06:27:12 - INFO: GPMAR (Ticker: IAG): 33.67 %
2025-07-06 - 06:27:12 - INFO: Profit Margin (Ticker: IAG): 45.42 %
2025-07-06 - 06:27:12 - INFO: Sector: Basic Materials
2025-07-06 - 06:27:12 - INFO: Industry: Gold
2025-07-06 - 06:27:12 - ERROR: Invalid Stock Ticker Symbol: MZTF
2025-07-06 - 06:27:12 - ERROR: Skipping Stock Analysis for MZTF.
2025-07-06 - 06:27:12 - ERROR: Invalid Stock Ticker Symbol: 4689
2025-07-06 - 06:27:12 - ERROR: Skipping Stock Analysis for 4689.
2025-07-06 - 06:27:12 - INFO: ---------------------- TLX ----------------------
2025-07-06 - 06:27:12 - INFO: ---------------------- IAG ----------------------
2025-07-06 - 06:27:12 - INFO: EBIT/TEV (Ticker: AM): 5.7 %
2025-07-06 - 06:27:12 - INFO: P/E (Forward) (Ticker: TLX): 14.58
2025-07-06 - 06:27:12 - INFO: P/E (Forward) (Ticker: IAG): 9.35
2025-07-06 - 06:27:12 - INFO: P/B (Ticker: AM): 4.16
2025-07-06 - 06:27:12 - INFO: P/E (Trailing) (Ticker: TLX): 178.56
2025-07-06 - 06:27:12 - INFO: P/E (Trailing) (Ticker: IAG): 5.12
2025-07-06 - 06:27:12 - INFO: EBIT/TEV (Ticker: IAG): 10.54 %
2025-07-06 - 06:27:12 - INFO: P/B (Ticker: IAG): 1.27
2025-07-06 - 06:27:12 - INFO: Fetched Earnings data (EPS) for 4 years period (Ticker: AM).
2025-07-06 - 06:27:12 - INFO: EPS (latest) (Ticker: AM): 0.83
2025-07-06 - 06:27:12 - INFO: Fetched Earnings data (Net Income) for 4 years period (Ticker: AM).
2025-07-06 - 06:27:12 - INFO: Calculating Earnings Variability (EVAR) using EPS over 3 year period (Ticker: AM).
2025-07-06 - 06:27:13 - INFO: Fetched Earnings data (EPS) for 4 years period (Ticker: IAG).
2025-07-06 - 06:27:13 - INFO: EVAR 4Y (EPS) (Ticker: AM): 181.59%
2025-07-06 - 06:27:13 - INFO: EPS (latest) (Ticker: IAG): 1.52
2025-07-06 - 06:27:13 - INFO: Calculating Earnings Variability (EVAR) using Net Income over 3 year period (Ticker: AM).
2025-07-06 - 06:27:13 - INFO: EVAR 4Y (Net Income) (Ticker: AM): 7.85%
2025-07-06 - 06:27:13 - INFO: Fetched Earnings data (Net Income) for 4 years period (Ticker: IAG).
2025-07-06 - 06:27:13 - INFO: CAGR 4Y (EPS) (Ticker: AM): 73.11 %
2025-07-06 - 06:27:13 - ERROR: Invalid Stock Ticker Symbol: 9531
2025-07-06 - 06:27:13 - INFO: Calculating Earnings Variability (EVAR) using EPS over 3 year period (Ticker: IAG).
2025-07-06 - 06:27:13 - INFO: CAGR 4Y (Net Income) (Ticker: AM): 6.53 %
2025-07-06 - 06:27:13 - ERROR: Skipping Stock Analysis for 9531.
2025-07-06 - 06:27:13 - INFO: Dividend Yield (Ticker: AM): 4.75 %
2025-07-06 - 06:27:13 - INFO: EVAR 4Y (EPS) (Ticker: IAG): 327.32%
2025-07-06 - 06:27:13 - INFO: Calculating Earnings Variability (EVAR) using Net Income over 3 year period (Ticker: IAG).
2025-07-06 - 06:27:13 - INFO: EVAR 4Y (Net Income) (Ticker: IAG): 364.57%
2025-07-06 - 06:27:13 - INFO: ROE (ttm) (Yahoo Finance) (Ticker: AM): 19.71 %
2025-07-06 - 06:27:13 - INFO: CAGR 4Y (EPS) (Ticker: IAG): 69.48 %
2025-07-06 - 06:27:13 - INFO: CAGR 4Y (Net Income) (Ticker: IAG): 73.49 %
2025-07-06 - 06:27:13 - INFO: Dividend Yield (Ticker: IAG): N/A
2025-07-06 - 06:27:13 - INFO: ROE (ttm) (Yahoo Finance) (Ticker: IAG): 28.74 %
2025-07-06 - 06:27:13 - ERROR: Invalid Stock Ticker Symbol: FGR
2025-07-06 - 06:27:13 - ERROR: Skipping Stock Analysis for FGR.
2025-07-06 - 06:27:13 - INFO: ROE - Calc (Ticker: IAG): 28.42 %
2025-07-06 - 06:27:13 - INFO: ROE - MSCI (Ticker: IAG): 23.89 %
2025-07-06 - 06:27:13 - INFO: ROA (ttm) (Yahoo Finance) (Ticker: IAG): 6.25 %
2025-07-06 - 06:27:13 - INFO: ROA - Calc (Ticker: IAG): 15.25 %
2025-07-06 - 06:27:13 - INFO: ROE - Calc (Ticker: AM): 19.71 %
2025-07-06 - 06:27:13 - INFO: ROE - MSCI (Ticker: AM): 19.96 %
2025-07-06 - 06:27:13 - INFO: CFOA (annual) (Ticker: IAG): 9.04 %
2025-07-06 - 06:27:13 - INFO: ROA (ttm) (Yahoo Finance) (Ticker: AM): 7.3 %
2025-07-06 - 06:27:13 - INFO: ROA - Calc (Ticker: AM): 6.96 %
2025-07-06 - 06:27:13 - INFO: CFOA (ttm) (Ticker: IAG): 9.07 %
2025-07-06 - 06:27:13 - INFO: ---------------------- GFL ----------------------
2025-07-06 - 06:27:13 - INFO: GPOA (Ticker: IAG): 10.23 %
2025-07-06 - 06:27:13 - INFO: P/E (Forward) (Ticker: GFL): 48.49
2025-07-06 - 06:27:13 - INFO: ---------------------- MAA ----------------------
2025-07-06 - 06:27:13 - INFO: GPMAR (Ticker: IAG): 33.67 %
2025-07-06 - 06:27:13 - INFO: P/E (Trailing) (Ticker: GFL): N/A
2025-07-06 - 06:27:13 - INFO: P/E (Forward) (Ticker: MAA): 36.26
2025-07-06 - 06:27:13 - INFO: Profit Margin (Ticker: IAG): 45.42 %
2025-07-06 - 06:27:13 - INFO: P/E (Trailing) (Ticker: MAA): 31.22
2025-07-06 - 06:27:13 - INFO: Sector: Basic Materials
2025-07-06 - 06:27:13 - INFO: Industry: Gold
2025-07-06 - 06:27:14 - INFO: ---------------------- MB ----------------------
2025-07-06 - 06:27:14 - INFO: P/E (Forward) (Ticker: MB): N/A
2025-07-06 - 06:27:14 - INFO: P/E (Trailing) (Ticker: MB): 32.8
2025-07-06 - 06:27:14 - INFO: CFOA (annual) (Ticker: AM): 14.65 %
2025-07-06 - 06:27:14 - INFO: EBIT/TEV (Ticker: TLX): 1.55 %
2025-07-06 - 06:27:14 - INFO: P/B (Ticker: TLX): 9.46
2025-07-06 - 06:27:14 - INFO: Fetched Earnings data (EPS) for 4 years period (Ticker: TLX).
2025-07-06 - 06:27:14 - INFO: EPS (latest) (Ticker: TLX): 0.02
2025-07-06 - 06:27:14 - INFO: ---------------------- CNA ----------------------
2025-07-06 - 06:27:14 - INFO: Fetched Earnings data (Net Income) for 4 years period (Ticker: TLX).
2025-07-06 - 06:27:14 - INFO: P/E (Forward) (Ticker: CNA): 8.67
2025-07-06 - 06:27:14 - INFO: Calculating Earnings Variability (EVAR) using EPS over 3 year period (Ticker: TLX).
2025-07-06 - 06:27:14 - INFO: P/E (Trailing) (Ticker: CNA): 13.93
2025-07-06 - 06:27:14 - INFO: EVAR 4Y (EPS) (Ticker: TLX): 86.92%
2025-07-06 - 06:27:14 - INFO: Calculating Earnings Variability (EVAR) using Net Income over 3 year period (Ticker: TLX).
2025-07-06 - 06:27:14 - INFO: EVAR 4Y (Net Income) (Ticker: TLX): 478.21%
2025-07-06 - 06:27:14 - INFO: CAGR 4Y (EPS) (Ticker: TLX): 27.9 %
2025-07-06 - 06:27:14 - INFO: CAGR 4Y (Net Income) (Ticker: TLX): 37.86 %
2025-07-06 - 06:27:14 - INFO: Dividend Yield (Ticker: TLX): N/A
2025-07-06 - 06:27:14 - INFO: ROE (ttm) (Yahoo Finance) (Ticker: TLX): 13.92 %
2025-07-06 - 06:27:14 - ERROR: Error calculating ROE (ttm) (Ticker: TLX): Cannot calculate ROE (Ticker: TLX): An error occurred: Cannot calculate Net Income TTM! Net Income data is missing in the Quarterly Income Statement (Ticker: TLX).
2025-07-06 - 06:27:14 - ERROR: Unhandled error analyzing stock (Ticker: TLX)
2025-07-06 - 06:27:14 - ERROR: Cannot calculate Trailing EPS! EPS data is missing (Ticker: TLX).
Traceback (most recent call last):
  File "StockFactorScreener.py", line 605, in analyze_stock
  File "ProfitabilityCalculator.py", line 304, in calc_roe_msci
  File "EarningsEngine.py", line 343, in calc_eps_ttm
EarningsEngine.EPSCalcError: Cannot calculate Trailing EPS! EPS data is missing (Ticker: TLX).
2025-07-06 - 06:27:14 - INFO: CFOA (ttm) (Ticker: AM): 14.43 %
2025-07-06 - 06:27:14 - INFO: GPOA (Ticker: AM): 12.99 %
2025-07-06 - 06:27:14 - INFO: GPMAR (Ticker: AM): 63.58 %
2025-07-06 - 06:27:14 - INFO: Profit Margin (Ticker: AM): 35.13 %
2025-07-06 - 06:27:14 - INFO: Sector: Energy
2025-07-06 - 06:27:14 - INFO: EBIT/TEV (Ticker: GFL): 1.68 %
2025-07-06 - 06:27:14 - INFO: Industry: Oil & Gas Midstream
2025-07-06 - 06:27:14 - INFO: P/B (Ticker: GFL): 2.21
2025-07-06 - 06:27:14 - INFO: EBIT/TEV (Ticker: MAA): 2.82 %
2025-07-06 - 06:27:14 - INFO: P/B (Ticker: MAA): 2.96
2025-07-06 - 06:27:14 - ERROR: Invalid Stock Ticker Symbol: LUG
2025-07-06 - 06:27:14 - ERROR: Skipping Stock Analysis for LUG.
2025-07-06 - 06:27:14 - INFO: EBIT/TEV (Ticker: CNA): 9.9 %
2025-07-06 - 06:27:14 - INFO: P/B (Ticker: CNA): 1.2
2025-07-06 - 06:27:15 - ERROR: Invalid Stock Ticker Symbol: 5803
2025-07-06 - 06:27:15 - INFO: Fetched Earnings data (EPS) for 4 years period (Ticker: MAA).
2025-07-06 - 06:27:15 - INFO: Fetched Earnings data (EPS) for 4 years period (Ticker: GFL).
2025-07-06 - 06:27:15 - ERROR: Skipping Stock Analysis for 5803.
2025-07-06 - 06:27:15 - INFO: EPS (latest) (Ticker: MAA): 4.49
2025-07-06 - 06:27:15 - INFO: EPS (latest) (Ticker: GFL): 0.13
2025-07-06 - 06:27:15 - INFO: Fetched Earnings data (Net Income) for 4 years period (Ticker: MAA).
2025-07-06 - 06:27:15 - INFO: Fetched Earnings data (Net Income) for 4 years period (Ticker: GFL).
2025-07-06 - 06:27:15 - INFO: Calculating Earnings Variability (EVAR) using EPS over 3 year period (Ticker: MAA).
2025-07-06 - 06:27:15 - INFO: Calculating Earnings Variability (EVAR) using EPS over 3 year period (Ticker: GFL).
2025-07-06 - 06:27:15 - INFO: EVAR 4Y (EPS) (Ticker: MAA): 17.0%
2025-07-06 - 06:27:15 - INFO: EVAR 4Y (EPS) (Ticker: GFL): 42.97%
2025-07-06 - 06:27:15 - INFO: Calculating Earnings Variability (EVAR) using Net Income over 3 year period (Ticker: MAA).
2025-07-06 - 06:27:15 - INFO: EVAR 4Y (Net Income) (Ticker: MAA): 16.93%
2025-07-06 - 06:27:15 - INFO: Calculating Earnings Variability (EVAR) using Net Income over 3 year period (Ticker: GFL).
2025-07-06 - 06:27:15 - INFO: CAGR 4Y (EPS) (Ticker: MAA): -0.95 %
2025-07-06 - 06:27:15 - INFO: EVAR 4Y (Net Income) (Ticker: GFL): 1024.43%
2025-07-06 - 06:27:15 - INFO: CAGR 4Y (EPS) (Ticker: GFL): 26.96 %
2025-07-06 - 06:27:15 - INFO: CAGR 4Y (Net Income) (Ticker: GFL): -6.0 %
2025-07-06 - 06:27:15 - INFO: Dividend Yield (Ticker: GFL): 0.12 %
2025-07-06 - 06:27:15 - INFO: CAGR 4Y (Net Income) (Ticker: MAA): -0.39 %
2025-07-06 - 06:27:15 - INFO: ROE (ttm) (Yahoo Finance) (Ticker: GFL): -9.64 %
2025-07-06 - 06:27:15 - INFO: Dividend Yield (Ticker: MAA): 4.09 %
2025-07-06 - 06:27:15 - INFO: ROE (ttm) (Yahoo Finance) (Ticker: MAA): 9.37 %
2025-07-06 - 06:27:15 - INFO: Fetched Earnings data (EPS) for 4 years period (Ticker: CNA).
2025-07-06 - 06:27:15 - INFO: EPS (latest) (Ticker: CNA): 4.44
2025-07-06 - 06:27:15 - INFO: Fetched Earnings data (Net Income) for 4 years period (Ticker: CNA).
2025-07-06 - 06:27:15 - INFO: Calculating Earnings Variability (EVAR) using EPS over 3 year period (Ticker: CNA).
2025-07-06 - 06:27:15 - INFO: EVAR 4Y (EPS) (Ticker: CNA): 50.2%
2025-07-06 - 06:27:15 - INFO: ROE - Calc (Ticker: MAA): 9.37 %
2025-07-06 - 06:27:15 - INFO: Calculating Earnings Variability (EVAR) using Net Income over 3 year period (Ticker: CNA).
2025-07-06 - 06:27:15 - INFO: ROE - MSCI (Ticker: MAA): 9.72 %
2025-07-06 - 06:27:15 - INFO: EVAR 4Y (Net Income) (Ticker: CNA): 63.37%
2025-07-06 - 06:27:15 - INFO: ROE - Calc (Ticker: GFL): 37.57 %
2025-07-06 - 06:27:15 - INFO: ROA (ttm) (Yahoo Finance) (Ticker: MAA): 3.49 %
2025-07-06 - 06:27:15 - INFO: CAGR 4Y (EPS) (Ticker: CNA): 20.47 %
2025-07-06 - 06:27:15 - INFO: ROE - MSCI (Ticker: GFL): -9.64 %
2025-07-06 - 06:27:15 - INFO: ROA - Calc (Ticker: MAA): 4.47 %
2025-07-06 - 06:27:15 - INFO: CAGR 4Y (Net Income) (Ticker: CNA): -6.78 %
2025-07-06 - 06:27:15 - INFO: ROA (ttm) (Yahoo Finance) (Ticker: GFL): 1.6 %
2025-07-06 - 06:27:15 - INFO: Dividend Yield (Ticker: CNA): 3.95 %
2025-07-06 - 06:27:15 - INFO: ROA - Calc (Ticker: GFL): -3.41 %
2025-07-06 - 06:27:15 - INFO: ROE (ttm) (Yahoo Finance) (Ticker: CNA): 8.98 %
2025-07-06 - 06:27:15 - ERROR: Invalid Stock Ticker Symbol: TELIA
2025-07-06 - 06:27:15 - ERROR: Skipping Stock Analysis for TELIA.
2025-07-06 - 06:27:15 - INFO: ---------------------- RPRX ----------------------
2025-07-06 - 06:27:15 - INFO: P/E (Forward) (Ticker: RPRX): 8.28
2025-07-06 - 06:27:15 - INFO: P/E (Trailing) (Ticker: RPRX): 14.84
2025-07-06 - 06:27:15 - INFO: CFOA (annual) (Ticker: GFL): 7.26 %
2025-07-06 - 06:27:15 - INFO: ROE - Calc (Ticker: CNA): 8.98 %
2025-07-06 - 06:27:15 - INFO: CFOA (annual) (Ticker: MAA): 9.3 %
2025-07-06 - 06:27:15 - INFO: ROE - MSCI (Ticker: CNA): 8.68 %
2025-07-06 - 06:27:15 - INFO: ROA (ttm) (Yahoo Finance) (Ticker: CNA): 1.19 %
2025-07-06 - 06:27:15 - INFO: ROA - Calc (Ticker: CNA): 1.44 %
2025-07-06 - 06:27:16 - ERROR: Invalid Stock Ticker Symbol: 1802
2025-07-06 - 06:27:16 - ERROR: Error while calculating EBIT/TEV ratio (Ticker: MB): No historical data found for MB around 2024-12-31. Cannot calculate (annual) Market Cap!
2025-07-06 - 06:27:16 - ERROR: Skipping Stock Analysis for 1802.
2025-07-06 - 06:27:16 - ERROR: No historical data found for MB around 2024-12-31. Cannot calculate (annual) Market Cap!
Traceback (most recent call last):
  File "ValueMetrics.py", line 540, in calc_ebit_to_tev
  File "ValueMetrics.py", line 91, in get_operating_income_ttm
ValueMetrics.OperatingIncomeError: No Income Statement (quarterly) data found (Ticker: MB). Cannot calculate EBIT/TEV ratio!

During handling of the above exception, another exception occurred:

Traceback (most recent call last):
  File "StockFactorScreener.py", line 217, in get_ebit_to_tev
  File "ValueMetrics.py", line 570, in calc_ebit_to_tev
  File "ValueMetrics.py", line 451, in calc_enterprise_value_annual
  File "ValueMetrics.py", line 325, in get_market_cap_annual
ValueError: No historical data found for MB around 2024-12-31. Cannot calculate (annual) Market Cap!
2025-07-06 - 06:27:16 - INFO: EBIT/TEV (Ticker: MB): N/A
2025-07-06 - 06:27:16 - INFO: P/B (Ticker: MB): 4.31
2025-07-06 - 06:27:16 - INFO: CFOA (ttm) (Ticker: GFL): 7.15 %
2025-07-06 - 06:27:16 - INFO: CFOA (ttm) (Ticker: MAA): 9.33 %
2025-07-06 - 06:27:16 - ERROR: Unhandled error analyzing stock (Ticker: MB)
2025-07-06 - 06:27:16 - INFO: GPOA (Ticker: GFL): 7.01 %
2025-07-06 - 06:27:16 - INFO: GPOA (Ticker: MAA): 6.04 %
2025-07-06 - 06:27:16 - ERROR: Error fetching Earnings (MB): Error fetching earnings data from 'Alpha Vantage' for MB: No 'annualEarnings' data available for MB on 'Alpha Vantage'. 
 'Alpha Vantage' Response: We have detected your API key as KSXIATXJ1OZKX7X9 and our standard API rate limit is 25 requests per day. Please subscribe to any of the premium plans at https://www.alphavantage.co/premium/ to instantly remove all daily rate limits.
Traceback (most recent call last):
  File "AlphaVantageHelper.py", line 111, in fetch_earnings_alpha_vantage
AlphaVantageHelper.AlphaVantageError: No 'annualEarnings' data available for MB on 'Alpha Vantage'. 
 'Alpha Vantage' Response: We have detected your API key as KSXIATXJ1OZKX7X9 and our standard API rate limit is 25 requests per day. Please subscribe to any of the premium plans at https://www.alphavantage.co/premium/ to instantly remove all daily rate limits.

The above exception was the direct cause of the following exception:

Traceback (most recent call last):
  File "EarningsEngine.py", line 186, in get_earnings
  File "AlphaVantageHelper.py", line 209, in fetch_earnings_alpha_vantage
AlphaVantageHelper.AlphaVantageError: Error fetching earnings data from 'Alpha Vantage' for MB: No 'annualEarnings' data available for MB on 'Alpha Vantage'. 
 'Alpha Vantage' Response: We have detected your API key as KSXIATXJ1OZKX7X9 and our standard API rate limit is 25 requests per day. Please subscribe to any of the premium plans at https://www.alphavantage.co/premium/ to instantly remove all daily rate limits.

The above exception was the direct cause of the following exception:

Traceback (most recent call last):
  File "StockFactorScreener.py", line 437, in analyze_stock
  File "EarningsEngine.py", line 318, in get_earnings
EarningsEngine.NetIncomeCalcError: Error fetching Earnings (MB): Error fetching earnings data from 'Alpha Vantage' for MB: No 'annualEarnings' data available for MB on 'Alpha Vantage'. 
 'Alpha Vantage' Response: We have detected your API key as KSXIATXJ1OZKX7X9 and our standard API rate limit is 25 requests per day. Please subscribe to any of the premium plans at https://www.alphavantage.co/premium/ to instantly remove all daily rate limits.
2025-07-06 - 06:27:16 - INFO: GPMAR (Ticker: GFL): 18.9 %
2025-07-06 - 06:27:16 - INFO: GPMAR (Ticker: MAA): 32.55 %
2025-07-06 - 06:27:16 - INFO: CFOA (annual) (Ticker: CNA): 3.87 %
2025-07-06 - 06:27:16 - INFO: Profit Margin (Ticker: GFL): 35.79 %
2025-07-06 - 06:27:16 - INFO: Profit Margin (Ticker: MAA): 25.74 %
2025-07-06 - 06:27:16 - INFO: Sector: Industrials
2025-07-06 - 06:27:16 - INFO: Sector: Real Estate
2025-07-06 - 06:27:16 - INFO: Industry: Waste Management
2025-07-06 - 06:27:16 - INFO: Industry: REIT - Residential
2025-07-06 - 06:27:16 - INFO: EBIT/TEV (Ticker: RPRX): 7.24 %
2025-07-06 - 06:27:16 - INFO: P/B (Ticker: RPRX): 2.31
2025-07-06 - 06:27:16 - INFO: ---------------------- FNF ----------------------
2025-07-06 - 06:27:16 - INFO: P/E (Forward) (Ticker: FNF): 9.37
2025-07-06 - 06:27:16 - INFO: P/E (Trailing) (Ticker: FNF): 14.39
2025-07-06 - 06:27:16 - INFO: CFOA (ttm) (Ticker: CNA): 4.06 %
2025-07-06 - 06:27:16 - INFO: ---------------------- LNT ----------------------
2025-07-06 - 06:27:16 - INFO: P/E (Forward) (Ticker: LNT): 19.05
2025-07-06 - 06:27:16 - INFO: P/E (Trailing) (Ticker: LNT): 21.22
2025-07-06 - 06:27:16 - INFO: Fetched Earnings data (EPS) for 4 years period (Ticker: RPRX).
2025-07-06 - 06:27:16 - INFO: EPS (latest) (Ticker: RPRX): 1.92
2025-07-06 - 06:27:16 - INFO: Fetched Earnings data (Net Income) for 4 years period (Ticker: RPRX).
2025-07-06 - 06:27:16 - ERROR: Invalid Stock Ticker Symbol: 1812
2025-07-06 - 06:27:16 - INFO: Calculating Earnings Variability (EVAR) using EPS over 3 year period (Ticker: RPRX).
2025-07-06 - 06:27:16 - ERROR: Skipping Stock Analysis for 1812.
2025-07-06 - 06:27:17 - INFO: EVAR 4Y (EPS) (Ticker: RPRX): 1443.12%
2025-07-06 - 06:27:17 - INFO: Calculating Earnings Variability (EVAR) using Net Income over 3 year period (Ticker: RPRX).
2025-07-06 - 06:27:17 - INFO: EVAR 4Y (Net Income) (Ticker: RPRX): 1506.24%
2025-07-06 - 06:27:17 - INFO: CAGR 4Y (EPS) (Ticker: RPRX): 8.82 %
2025-07-06 - 06:27:17 - INFO: CAGR 4Y (Net Income) (Ticker: RPRX): 11.5 %
2025-07-06 - 06:27:17 - INFO: Dividend Yield (Ticker: RPRX): 2.44 %
2025-07-06 - 06:27:17 - INFO: ROE (ttm) (Yahoo Finance) (Ticker: RPRX): 18.0 %
2025-07-06 - 06:27:17 - ERROR: Invalid Stock Ticker Symbol: GWO
2025-07-06 - 06:27:17 - ERROR: Skipping Stock Analysis for GWO.
2025-07-06 - 06:27:17 - INFO: GPOA (Ticker: CNA): None %
2025-07-06 - 06:27:17 - INFO: GPMAR (Ticker: CNA): None %
2025-07-06 - 06:27:17 - ERROR: Error calculating GPOA and GPMAR TTM (Ticker: CNA): Cannot calculate GPOA (Ticker: CNA): 'Gross Profit' data is missing in the Income Statement.
2025-07-06 - 06:27:17 - INFO: Profit Margin (Ticker: CNA): 6.19 %
2025-07-06 - 06:27:17 - INFO: Sector: Financial Services
2025-07-06 - 06:27:17 - INFO: Industry: Insurance - Property & Casualty
2025-07-06 - 06:27:17 - ERROR: Error calculating profitability growth metrics for CNA: Cannot calculate CAGR. No Earnings Growth data available (Ticker: CNA).
2025-07-06 - 06:27:17 - ERROR: Cannot calculate CAGR. No Earnings Growth data available (Ticker: CNA).
Traceback (most recent call last):
  File "StockFactorScreener.py", line 249, in calc_profitability_growth
  File "ProfitabilityCalculator.py", line 1004, in calc_cagr
ProfitabilityCalculator.CAGRCalcError: Cannot calculate CAGR. No Earnings Growth data available (Ticker: CNA).
2025-07-06 - 06:27:17 - INFO: ---------------------- SRG ----------------------
2025-07-06 - 06:27:17 - INFO: P/E (Forward) (Ticker: SRG): 1.37
2025-07-06 - 06:27:17 - INFO: P/E (Trailing) (Ticker: SRG): N/A
2025-07-06 - 06:27:17 - INFO: EBIT/TEV (Ticker: FNF): -15.3 %
2025-07-06 - 06:27:17 - INFO: P/B (Ticker: FNF): 2.02
2025-07-06 - 06:27:17 - INFO: ROE - Calc (Ticker: RPRX): 16.57 %
2025-07-06 - 06:27:17 - INFO: ROE - MSCI (Ticker: RPRX): 28.95 %
2025-07-06 - 06:27:17 - INFO: ROA (ttm) (Yahoo Finance) (Ticker: RPRX): 7.04 %
2025-07-06 - 06:27:17 - INFO: ROA - Calc (Ticker: RPRX): 4.71 %
2025-07-06 - 06:27:17 - INFO: EBIT/TEV (Ticker: LNT): 3.49 %
2025-07-06 - 06:27:17 - INFO: P/B (Ticker: LNT): 2.23
2025-07-06 - 06:27:17 - ERROR: Invalid Stock Ticker Symbol: 1801
2025-07-06 - 06:27:17 - ERROR: Skipping Stock Analysis for 1801.
2025-07-06 - 06:27:17 - INFO: EBIT/TEV (Ticker: SRG): -15.62 %
2025-07-06 - 06:27:17 - INFO: Fetched Earnings data (EPS) for 4 years period (Ticker: FNF).
2025-07-06 - 06:27:17 - ERROR: Invalid Stock Ticker Symbol: MPL
2025-07-06 - 06:27:17 - INFO: P/B (Ticker: SRG): 0.44
2025-07-06 - 06:27:17 - INFO: EPS (latest) (Ticker: FNF): 4.65
2025-07-06 - 06:27:17 - INFO: Fetched Earnings data (EPS) for 4 years period (Ticker: LNT).
2025-07-06 - 06:27:17 - ERROR: Skipping Stock Analysis for MPL.
2025-07-06 - 06:27:17 - INFO: Fetched Earnings data (Net Income) for 4 years period (Ticker: FNF).
2025-07-06 - 06:27:17 - INFO: EPS (latest) (Ticker: LNT): 2.69
2025-07-06 - 06:27:17 - INFO: ---------------------- BKT ----------------------
2025-07-06 - 06:27:17 - INFO: CFOA (annual) (Ticker: RPRX): 15.2 %
2025-07-06 - 06:27:17 - INFO: Calculating Earnings Variability (EVAR) using EPS over 3 year period (Ticker: FNF).
2025-07-06 - 06:27:17 - INFO: Fetched Earnings data (Net Income) for 4 years period (Ticker: LNT).
2025-07-06 - 06:27:17 - INFO: P/E (Forward) (Ticker: BKT): N/A
2025-07-06 - 06:27:17 - INFO: EVAR 4Y (EPS) (Ticker: FNF): 113.19%
2025-07-06 - 06:27:17 - INFO: Calculating Earnings Variability (EVAR) using Net Income over 3 year period (Ticker: FNF).
2025-07-06 - 06:27:17 - INFO: P/E (Trailing) (Ticker: BKT): 83.5
2025-07-06 - 06:27:17 - INFO: EVAR 4Y (Net Income) (Ticker: FNF): 116.98%
2025-07-06 - 06:27:17 - INFO: Calculating Earnings Variability (EVAR) using EPS over 3 year period (Ticker: LNT).
2025-07-06 - 06:27:17 - INFO: CAGR 4Y (EPS) (Ticker: FNF): -18.21 %
2025-07-06 - 06:27:17 - INFO: CAGR 4Y (Net Income) (Ticker: FNF): -23.14 %
2025-07-06 - 06:27:17 - INFO: Dividend Yield (Ticker: FNF): 3.57 %
2025-07-06 - 06:27:17 - INFO: EVAR 4Y (EPS) (Ticker: LNT): 3.63%
2025-07-06 - 06:27:17 - INFO: ROE (ttm) (Yahoo Finance) (Ticker: FNF): 14.49 %
2025-07-06 - 06:27:17 - INFO: Calculating Earnings Variability (EVAR) using Net Income over 3 year period (Ticker: LNT).
2025-07-06 - 06:27:17 - INFO: EVAR 4Y (Net Income) (Ticker: LNT): 2.32%
2025-07-06 - 06:27:17 - INFO: CAGR 4Y (EPS) (Ticker: LNT): 0.75 %
2025-07-06 - 06:27:17 - INFO: CAGR 4Y (Net Income) (Ticker: LNT): 0.79 %
2025-07-06 - 06:27:17 - INFO: Dividend Yield (Ticker: LNT): 3.36 %
2025-07-06 - 06:27:17 - INFO: ROE (ttm) (Yahoo Finance) (Ticker: LNT): 10.71 %
2025-07-06 - 06:27:18 - INFO: Fetched Earnings data (EPS) for 4 years period (Ticker: SRG).
2025-07-06 - 06:27:18 - INFO: EPS (latest) (Ticker: SRG): -2.82
2025-07-06 - 06:27:18 - INFO: Fetched Earnings data (Net Income) for 4 years period (Ticker: SRG).
2025-07-06 - 06:27:18 - INFO: Calculating Earnings Variability (EVAR) using EPS over 3 year period (Ticker: SRG).
2025-07-06 - 06:27:18 - INFO: EVAR 4Y (EPS) (Ticker: SRG): 54.86%
2025-07-06 - 06:27:18 - INFO: Calculating Earnings Variability (EVAR) using Net Income over 3 year period (Ticker: SRG).
2025-07-06 - 06:27:18 - INFO: EVAR 4Y (Net Income) (Ticker: SRG): 83.44%
2025-07-06 - 06:27:18 - INFO: CAGR 4Y (EPS) (Ticker: SRG): -53.48 %
2025-07-06 - 06:27:18 - INFO: CAGR 4Y (Net Income) (Ticker: SRG): -76.03 %
2025-07-06 - 06:27:18 - INFO: Dividend Yield (Ticker: SRG): N/A
2025-07-06 - 06:27:18 - INFO: ROE (ttm) (Yahoo Finance) (Ticker: SRG): -33.85 %
2025-07-06 - 06:27:18 - INFO: CFOA (ttm) (Ticker: RPRX): 15.1 %
2025-07-06 - 06:27:18 - INFO: ROE - Calc (Ticker: LNT): 10.71 %
2025-07-06 - 06:27:18 - INFO: ROE - MSCI (Ticker: LNT): 10.5 %
2025-07-06 - 06:27:18 - INFO: ROA (ttm) (Yahoo Finance) (Ticker: LNT): 2.73 %
2025-07-06 - 06:27:18 - INFO: ROA - Calc (Ticker: LNT): 3.04 %
2025-07-06 - 06:27:18 - INFO: ROE - Calc (Ticker: FNF): 14.72 %
2025-07-06 - 06:27:18 - INFO: ROE - Calc (Ticker: SRG): -33.95 %
2025-07-06 - 06:27:18 - ERROR: Invalid Stock Ticker Symbol: 9602
2025-07-06 - 06:27:18 - INFO: ROE - MSCI (Ticker: FNF): 15.95 %
2025-07-06 - 06:27:18 - ERROR: Invalid Stock Ticker Symbol: ASRNL
2025-07-06 - 06:27:18 - INFO: ROE - MSCI (Ticker: SRG): -44.64 %
2025-07-06 - 06:27:18 - ERROR: Skipping Stock Analysis for 9602.
2025-07-06 - 06:27:18 - INFO: ROA (ttm) (Yahoo Finance) (Ticker: FNF): 1.26 %
2025-07-06 - 06:27:18 - ERROR: Skipping Stock Analysis for ASRNL.
2025-07-06 - 06:27:18 - INFO: ROA (ttm) (Yahoo Finance) (Ticker: SRG): -5.97 %
2025-07-06 - 06:27:18 - INFO: ROA - Calc (Ticker: FNF): 1.33 %
2025-07-06 - 06:27:18 - INFO: ROA - Calc (Ticker: SRG): -22.65 %
2025-07-06 - 06:27:18 - INFO: CFOA (annual) (Ticker: LNT): 5.14 %
2025-07-06 - 06:27:18 - INFO: GPOA (Ticker: RPRX): None %
2025-07-06 - 06:27:18 - INFO: GPMAR (Ticker: RPRX): None %
2025-07-06 - 06:27:18 - ERROR: Error calculating GPOA and GPMAR TTM (Ticker: RPRX): Cannot calculate GPOA (Ticker: RPRX): 'Gross Profit' data is missing in the Income Statement.
2025-07-06 - 06:27:18 - INFO: Profit Margin (Ticker: RPRX): 48.26 %
2025-07-06 - 06:27:18 - INFO: Sector: Healthcare
2025-07-06 - 06:27:18 - INFO: Industry: Biotechnology
2025-07-06 - 06:27:18 - ERROR: Error calculating profitability growth metrics for RPRX: Cannot calculate CAGR. No Earnings Growth data available (Ticker: RPRX).
2025-07-06 - 06:27:18 - ERROR: Cannot calculate CAGR. No Earnings Growth data available (Ticker: RPRX).
Traceback (most recent call last):
  File "StockFactorScreener.py", line 249, in calc_profitability_growth
  File "ProfitabilityCalculator.py", line 1004, in calc_cagr
ProfitabilityCalculator.CAGRCalcError: Cannot calculate CAGR. No Earnings Growth data available (Ticker: RPRX).
2025-07-06 - 06:27:18 - INFO: CFOA (annual) (Ticker: FNF): 7.15 %
2025-07-06 - 06:27:18 - INFO: CFOA (annual) (Ticker: SRG): -7.9 %
2025-07-06 - 06:27:18 - INFO: CFOA (ttm) (Ticker: LNT): 4.92 %
2025-07-06 - 06:27:18 - INFO: GPOA (Ticker: LNT): 7.84 %
2025-07-06 - 06:27:18 - INFO: GPMAR (Ticker: LNT): 44.71 %
2025-07-06 - 06:27:18 - INFO: Profit Margin (Ticker: LNT): 18.27 %
2025-07-06 - 06:27:18 - INFO: Sector: Utilities
2025-07-06 - 06:27:18 - INFO: Industry: Utilities - Regulated Electric
2025-07-06 - 06:27:18 - INFO: EBIT/TEV (Ticker: BKT): 0.88 %
2025-07-06 - 06:27:18 - INFO: P/B (Ticker: BKT): 0.99
2025-07-06 - 06:27:18 - INFO: Fetched Earnings data (EPS) for 4 years period (Ticker: BKT).
2025-07-06 - 06:27:18 - INFO: EPS (latest) (Ticker: BKT): 0.69
2025-07-06 - 06:27:18 - INFO: Fetched Earnings data (Net Income) for 4 years period (Ticker: BKT).
2025-07-06 - 06:27:18 - INFO: Calculating Earnings Variability (EVAR) using EPS over 3 year period (Ticker: BKT).
2025-07-06 - 06:27:18 - INFO: EVAR 4Y (EPS) (Ticker: BKT): 408.67%
2025-07-06 - 06:27:18 - INFO: Calculating Earnings Variability (EVAR) using Net Income over 3 year period (Ticker: BKT).
2025-07-06 - 06:27:18 - INFO: EVAR 4Y (Net Income) (Ticker: BKT): 415.94%
2025-07-06 - 06:27:18 - INFO: CAGR 4Y (EPS) (Ticker: BKT): 79.15 %
2025-07-06 - 06:27:18 - INFO: CAGR 4Y (Net Income) (Ticker: BKT): 33.33 %
2025-07-06 - 06:27:18 - INFO: Dividend Yield (Ticker: BKT): 9.01 %
2025-07-06 - 06:27:18 - INFO: ROE (ttm) (Yahoo Finance) (Ticker: BKT): 1.09 %
2025-07-06 - 06:27:19 - ERROR: Error calculating ROE (ttm) (Ticker: BKT): Cannot calculate ROE (Ticker: BKT): An error occurred: Cannot calculate Net Income TTM! Net Income data is missing in the Quarterly Income Statement (Ticker: BKT).
2025-07-06 - 06:27:19 - ERROR: Unhandled error analyzing stock (Ticker: BKT)
2025-07-06 - 06:27:19 - ERROR: Cannot calculate Trailing EPS! EPS data is missing (Ticker: BKT).
Traceback (most recent call last):
  File "StockFactorScreener.py", line 605, in analyze_stock
  File "ProfitabilityCalculator.py", line 304, in calc_roe_msci
  File "EarningsEngine.py", line 343, in calc_eps_ttm
EarningsEngine.EPSCalcError: Cannot calculate Trailing EPS! EPS data is missing (Ticker: BKT).
2025-07-06 - 06:27:19 - INFO: CFOA (ttm) (Ticker: SRG): -6.54 %
2025-07-06 - 06:27:19 - ERROR: Invalid Stock Ticker Symbol: MKS
2025-07-06 - 06:27:19 - ERROR: Skipping Stock Analysis for MKS.
2025-07-06 - 06:27:19 - INFO: GPOA (Ticker: SRG): -0.39 %
2025-07-06 - 06:27:19 - INFO: CFOA (ttm) (Ticker: FNF): 6.72 %
2025-07-06 - 06:27:19 - INFO: GPMAR (Ticker: SRG): -15.05 %
2025-07-06 - 06:27:19 - INFO: Profit Margin (Ticker: SRG): 0.0 %
2025-07-06 - 06:27:19 - INFO: Sector: Real Estate
2025-07-06 - 06:27:19 - INFO: Industry: Real Estate Services
2025-07-06 - 06:27:19 - ERROR: Invalid Stock Ticker Symbol: ALA
2025-07-06 - 06:27:19 - ERROR: Skipping Stock Analysis for ALA.
2025-07-06 - 06:27:19 - INFO: ---------------------- ADM ----------------------
2025-07-06 - 06:27:19 - INFO: P/E (Forward) (Ticker: ADM): 10.91
2025-07-06 - 06:27:19 - INFO: P/E (Trailing) (Ticker: ADM): 19.48
2025-07-06 - 06:27:19 - INFO: GPOA (Ticker: FNF): None %
2025-07-06 - 06:27:19 - INFO: GPMAR (Ticker: FNF): None %
2025-07-06 - 06:27:19 - ERROR: Error calculating GPOA and GPMAR TTM (Ticker: FNF): Cannot calculate GPOA (Ticker: FNF): 'Gross Profit' data is missing in the Income Statement.
2025-07-06 - 06:27:19 - INFO: Profit Margin (Ticker: FNF): 8.39 %
2025-07-06 - 06:27:19 - INFO: Sector: Financial Services
2025-07-06 - 06:27:19 - INFO: Industry: Insurance - Specialty
2025-07-06 - 06:27:19 - ERROR: Error calculating profitability growth metrics for FNF: Cannot calculate CAGR. No Earnings Growth data available (Ticker: FNF).
2025-07-06 - 06:27:19 - ERROR: Cannot calculate CAGR. No Earnings Growth data available (Ticker: FNF).
Traceback (most recent call last):
  File "StockFactorScreener.py", line 249, in calc_profitability_growth
  File "ProfitabilityCalculator.py", line 1004, in calc_cagr
ProfitabilityCalculator.CAGRCalcError: Cannot calculate CAGR. No Earnings Growth data available (Ticker: FNF).
2025-07-06 - 06:27:19 - ERROR: Invalid Stock Ticker Symbol: ORNBV
2025-07-06 - 06:27:19 - ERROR: Skipping Stock Analysis for ORNBV.
2025-07-06 - 06:27:19 - ERROR: Invalid Stock Ticker Symbol: EN
2025-07-06 - 06:27:19 - ERROR: Skipping Stock Analysis for EN.
2025-07-06 - 06:27:19 - INFO: EBIT/TEV (Ticker: ADM): 4.23 %
2025-07-06 - 06:27:19 - INFO: P/B (Ticker: ADM): 1.2
2025-07-06 - 06:27:20 - ERROR: Invalid Stock Ticker Symbol: BPE
2025-07-06 - 06:27:20 - ERROR: Skipping Stock Analysis for BPE.
2025-07-06 - 06:27:20 - ERROR: Invalid Stock Ticker Symbol: SCHN
2025-07-06 - 06:27:20 - ERROR: Skipping Stock Analysis for SCHN.
2025-07-06 - 06:27:20 - INFO: Fetched Earnings data (EPS) for 4 years period (Ticker: ADM).
2025-07-06 - 06:27:20 - INFO: EPS (latest) (Ticker: ADM): 3.77
2025-07-06 - 06:27:20 - INFO: Fetched Earnings data (Net Income) for 4 years period (Ticker: ADM).
2025-07-06 - 06:27:20 - INFO: Calculating Earnings Variability (EVAR) using EPS over 3 year period (Ticker: ADM).
2025-07-06 - 06:27:20 - INFO: EVAR 4Y (EPS) (Ticker: ADM): 55.55%
2025-07-06 - 06:27:20 - INFO: Calculating Earnings Variability (EVAR) using Net Income over 3 year period (Ticker: ADM).
2025-07-06 - 06:27:20 - INFO: EVAR 4Y (Net Income) (Ticker: ADM): 56.25%
2025-07-06 - 06:27:20 - INFO: CAGR 4Y (EPS) (Ticker: ADM): -8.01 %
2025-07-06 - 06:27:20 - INFO: CAGR 4Y (Net Income) (Ticker: ADM): -12.74 %
2025-07-06 - 06:27:20 - INFO: Dividend Yield (Ticker: ADM): 3.87 %
2025-07-06 - 06:27:20 - INFO: ROE (ttm) (Yahoo Finance) (Ticker: ADM): 5.89 %
2025-07-06 - 06:27:20 - INFO: ---------------------- SMIN ----------------------
2025-07-06 - 06:27:20 - INFO: P/E (Forward) (Ticker: SMIN): N/A
2025-07-06 - 06:27:20 - INFO: P/E (Trailing) (Ticker: SMIN): 28.78
2025-07-06 - 06:27:20 - INFO: ROE - Calc (Ticker: ADM): 6.03 %
2025-07-06 - 06:27:20 - INFO: ROE - MSCI (Ticker: ADM): 6.19 %
2025-07-06 - 06:27:20 - INFO: ROA (ttm) (Yahoo Finance) (Ticker: ADM): 1.79 %
2025-07-06 - 06:27:20 - INFO: ROA - Calc (Ticker: ADM): 3.38 %
2025-07-06 - 06:27:20 - ERROR: Invalid Stock Ticker Symbol: LIFCO B
2025-07-06 - 06:27:20 - ERROR: Skipping Stock Analysis for LIFCO B.
2025-07-06 - 06:27:20 - ERROR: Invalid Stock Ticker Symbol: EFN
2025-07-06 - 06:27:20 - ERROR: Skipping Stock Analysis for EFN.
2025-07-06 - 06:27:20 - INFO: ---------------------- PAAS ----------------------
2025-07-06 - 06:27:20 - INFO: P/E (Forward) (Ticker: PAAS): 15.7
2025-07-06 - 06:27:20 - ERROR: Error while calculating EBIT/TEV ratio (Ticker: SMIN): No Income Statement (annual) data found (Ticker: SMIN). Cannot calculate EBIT/TEV ratio!
2025-07-06 - 06:27:20 - INFO: P/E (Trailing) (Ticker: PAAS): 33.95
2025-07-06 - 06:27:20 - ERROR: No Income Statement (annual) data found (Ticker: SMIN). Cannot calculate EBIT/TEV ratio!
Traceback (most recent call last):
  File "ValueMetrics.py", line 540, in calc_ebit_to_tev
  File "ValueMetrics.py", line 91, in get_operating_income_ttm
ValueMetrics.OperatingIncomeError: No Income Statement (quarterly) data found (Ticker: SMIN). Cannot calculate EBIT/TEV ratio!

During handling of the above exception, another exception occurred:

Traceback (most recent call last):
  File "StockFactorScreener.py", line 217, in get_ebit_to_tev
  File "ValueMetrics.py", line 562, in calc_ebit_to_tev
  File "ValueMetrics.py", line 161, in get_operating_income_annual
ValueMetrics.OperatingIncomeError: No Income Statement (annual) data found (Ticker: SMIN). Cannot calculate EBIT/TEV ratio!
2025-07-06 - 06:27:20 - INFO: EBIT/TEV (Ticker: SMIN): N/A
2025-07-06 - 06:27:20 - INFO: P/B (Ticker: SMIN): None
2025-07-06 - 06:27:20 - ERROR: Unhandled error analyzing stock (Ticker: SMIN)
2025-07-06 - 06:27:20 - ERROR: Error fetching Earnings (SMIN): No Annual Income Statement data found on Yahoo Finance (Ticker: SMIN).
Traceback (most recent call last):
  File "EarningsEngine.py", line 151, in get_earnings
EarningsEngine.NetIncomeCalcError: No Annual Income Statement data found on Yahoo Finance (Ticker: SMIN).

The above exception was the direct cause of the following exception:

Traceback (most recent call last):
  File "StockFactorScreener.py", line 437, in analyze_stock
  File "EarningsEngine.py", line 318, in get_earnings
EarningsEngine.NetIncomeCalcError: Error fetching Earnings (SMIN): No Annual Income Statement data found on Yahoo Finance (Ticker: SMIN).
2025-07-06 - 06:27:20 - INFO: CFOA (annual) (Ticker: ADM): 5.24 %
2025-07-06 - 06:27:20 - ERROR: Invalid Stock Ticker Symbol: 4704
2025-07-06 - 06:27:20 - ERROR: Skipping Stock Analysis for 4704.
2025-07-06 - 06:27:20 - INFO: CFOA (ttm) (Ticker: ADM): 3.3 %
2025-07-06 - 06:27:20 - INFO: GPOA (Ticker: ADM): 10.85 %
2025-07-06 - 06:27:20 - INFO: GPMAR (Ticker: ADM): 6.76 %
2025-07-06 - 06:27:21 - INFO: Profit Margin (Ticker: ADM): 1.63 %
2025-07-06 - 06:27:21 - INFO: Sector: Consumer Defensive
2025-07-06 - 06:27:21 - INFO: Industry: Farm Products
2025-07-06 - 06:27:21 - ERROR: Invalid Stock Ticker Symbol: ADDT B
2025-07-06 - 06:27:21 - ERROR: Skipping Stock Analysis for ADDT B.
2025-07-06 - 06:27:21 - INFO: ---------------------- TEL ----------------------
2025-07-06 - 06:27:21 - INFO: P/E (Forward) (Ticker: TEL): 19.39
2025-07-06 - 06:27:21 - INFO: P/E (Trailing) (Ticker: TEL): 37.89
2025-07-06 - 06:27:21 - ERROR: Invalid Stock Ticker Symbol: RO
2025-07-06 - 06:27:21 - ERROR: Skipping Stock Analysis for RO.
2025-07-06 - 06:27:21 - INFO: EBIT/TEV (Ticker: PAAS): 5.07 %
2025-07-06 - 06:27:21 - INFO: P/B (Ticker: PAAS): 2.2
2025-07-06 - 06:27:21 - ERROR: Invalid Stock Ticker Symbol: EMP.A
2025-07-06 - 06:27:21 - ERROR: Skipping Stock Analysis for EMP.A.
2025-07-06 - 06:27:21 - INFO: ---------------------- CAE ----------------------
2025-07-06 - 06:27:21 - INFO: P/E (Forward) (Ticker: CAE): 29.95
2025-07-06 - 06:27:21 - INFO: P/E (Trailing) (Ticker: CAE): 31.88
2025-07-06 - 06:27:21 - INFO: Fetched Earnings data (EPS) for 4 years period (Ticker: PAAS).
2025-07-06 - 06:27:21 - INFO: EPS (latest) (Ticker: PAAS): 0.31
2025-07-06 - 06:27:21 - INFO: Fetched Earnings data (Net Income) for 4 years period (Ticker: PAAS).
2025-07-06 - 06:27:21 - INFO: Calculating Earnings Variability (EVAR) using EPS over 3 year period (Ticker: PAAS).
2025-07-06 - 06:27:21 - INFO: EVAR 4Y (EPS) (Ticker: PAAS): 346.01%
2025-07-06 - 06:27:21 - INFO: Calculating Earnings Variability (EVAR) using Net Income over 3 year period (Ticker: PAAS).
2025-07-06 - 06:27:21 - INFO: EVAR 4Y (Net Income) (Ticker: PAAS): 347.15%
2025-07-06 - 06:27:21 - INFO: CAGR 4Y (EPS) (Ticker: PAAS): -12.33 %
2025-07-06 - 06:27:21 - INFO: CAGR 4Y (Net Income) (Ticker: PAAS): 4.6 %
2025-07-06 - 06:27:21 - INFO: Dividend Yield (Ticker: PAAS): 1.41 %
2025-07-06 - 06:27:21 - INFO: ROE (ttm) (Yahoo Finance) (Ticker: PAAS): 6.58 %
2025-07-06 - 06:27:21 - INFO: EBIT/TEV (Ticker: TEL): 5.6 %
2025-07-06 - 06:27:21 - INFO: P/B (Ticker: TEL): 4.29
2025-07-06 - 06:27:21 - INFO: ROE - Calc (Ticker: PAAS): 6.56 %
2025-07-06 - 06:27:21 - INFO: ROE - MSCI (Ticker: PAAS): 3.7 %
2025-07-06 - 06:27:21 - INFO: ROA (ttm) (Yahoo Finance) (Ticker: PAAS): 4.88 %
2025-07-06 - 06:27:21 - INFO: ROA - Calc (Ticker: PAAS): 1.55 %
2025-07-06 - 06:27:21 - INFO: ---------------------- HEI ----------------------
2025-07-06 - 06:27:21 - INFO: P/E (Forward) (Ticker: HEI): 75.86
2025-07-06 - 06:27:21 - ERROR: Invalid Stock Ticker Symbol: SECU B
2025-07-06 - 06:27:21 - INFO: P/E (Trailing) (Ticker: HEI): 75.68
2025-07-06 - 06:27:21 - ERROR: Skipping Stock Analysis for SECU B.
2025-07-06 - 06:27:21 - INFO: Fetched Earnings data (EPS) for 4 years period (Ticker: TEL).
2025-07-06 - 06:27:21 - INFO: EPS (latest) (Ticker: TEL): 10.4
2025-07-06 - 06:27:21 - INFO: Fetched Earnings data (Net Income) for 4 years period (Ticker: TEL).
2025-07-06 - 06:27:21 - INFO: Calculating Earnings Variability (EVAR) using EPS over 3 year period (Ticker: TEL).
2025-07-06 - 06:27:21 - INFO: EVAR 4Y (EPS) (Ticker: TEL): 46.48%
2025-07-06 - 06:27:21 - INFO: EBIT/TEV (Ticker: CAE): 4.82 %
2025-07-06 - 06:27:21 - INFO: Calculating Earnings Variability (EVAR) using Net Income over 3 year period (Ticker: TEL).
2025-07-06 - 06:27:21 - INFO: P/B (Ticker: CAE): 1.94
2025-07-06 - 06:27:21 - ERROR: Invalid Stock Ticker Symbol: REA
2025-07-06 - 06:27:21 - INFO: EVAR 4Y (Net Income) (Ticker: TEL): 45.15%
2025-07-06 - 06:27:21 - ERROR: Skipping Stock Analysis for REA.
2025-07-06 - 06:27:21 - INFO: CAGR 4Y (EPS) (Ticker: TEL): 14.93 %
2025-07-06 - 06:27:22 - INFO: CFOA (annual) (Ticker: PAAS): 10.05 %
2025-07-06 - 06:27:22 - INFO: CAGR 4Y (Net Income) (Ticker: TEL): 12.19 %
2025-07-06 - 06:27:22 - INFO: ---------------------- ALO.PA ----------------------
2025-07-06 - 06:27:22 - INFO: Dividend Yield (Ticker: TEL): 1.68 %
2025-07-06 - 06:27:22 - INFO: P/E (Forward) (Ticker: ALO.PA): 10.07
2025-07-06 - 06:27:22 - INFO: ROE (ttm) (Yahoo Finance) (Ticker: TEL): 11.22 %
2025-07-06 - 06:27:22 - INFO: P/E (Trailing) (Ticker: ALO.PA): 61.74
2025-07-06 - 06:27:22 - INFO: Fetched Earnings data (EPS) for 4 years period (Ticker: CAE).
2025-07-06 - 06:27:22 - INFO: EPS (latest) (Ticker: CAE): 1.27
2025-07-06 - 06:27:22 - INFO: Fetched Earnings data (Net Income) for 4 years period (Ticker: CAE).
2025-07-06 - 06:27:22 - INFO: Calculating Earnings Variability (EVAR) using EPS over 3 year period (Ticker: CAE).
2025-07-06 - 06:27:22 - INFO: EVAR 4Y (EPS) (Ticker: CAE): 236.7%
2025-07-06 - 06:27:22 - INFO: Calculating Earnings Variability (EVAR) using Net Income over 3 year period (Ticker: CAE).
2025-07-06 - 06:27:22 - INFO: EVAR 4Y (Net Income) (Ticker: CAE): 237.35%
2025-07-06 - 06:27:22 - INFO: CAGR 4Y (EPS) (Ticker: CAE): 40.29 %
2025-07-06 - 06:27:22 - INFO: CAGR 4Y (Net Income) (Ticker: CAE): 41.95 %
2025-07-06 - 06:27:22 - INFO: Dividend Yield (Ticker: CAE): N/A
2025-07-06 - 06:27:22 - INFO: CFOA (ttm) (Ticker: PAAS): 11.72 %
2025-07-06 - 06:27:22 - INFO: ROE (ttm) (Yahoo Finance) (Ticker: CAE): 8.94 %
2025-07-06 - 06:27:22 - INFO: GPOA (Ticker: PAAS): 7.62 %
2025-07-06 - 06:27:22 - INFO: GPMAR (Ticker: PAAS): 19.46 %
2025-07-06 - 06:27:22 - INFO: Profit Margin (Ticker: PAAS): 10.4 %
2025-07-06 - 06:27:22 - INFO: Sector: Basic Materials
2025-07-06 - 06:27:22 - INFO: Industry: Gold
2025-07-06 - 06:27:22 - INFO: EBIT/TEV (Ticker: HEI): 2.21 %
2025-07-06 - 06:27:22 - INFO: P/B (Ticker: HEI): 11.38
2025-07-06 - 06:27:22 - INFO: ROE - Calc (Ticker: TEL): 11.33 %
2025-07-06 - 06:27:22 - INFO: ROE - MSCI (Ticker: TEL): 11.39 %
2025-07-06 - 06:27:22 - INFO: ROA (ttm) (Yahoo Finance) (Ticker: TEL): 8.15 %
2025-07-06 - 06:27:22 - INFO: ROA - Calc (Ticker: TEL): 13.97 %
2025-07-06 - 06:27:22 - ERROR: Invalid Stock Ticker Symbol: SGP
2025-07-06 - 06:27:22 - ERROR: Skipping Stock Analysis for SGP.
2025-07-06 - 06:27:22 - INFO: ROE - Calc (Ticker: CAE): 8.89 %
2025-07-06 - 06:27:22 - INFO: ROE - MSCI (Ticker: CAE): -4.53 %
2025-07-06 - 06:27:22 - INFO: ROA (ttm) (Yahoo Finance) (Ticker: CAE): 3.78 %
2025-07-06 - 06:27:22 - INFO: Fetched Earnings data (EPS) for 4 years period (Ticker: HEI).
2025-07-06 - 06:27:22 - INFO: ROA - Calc (Ticker: CAE): 3.61 %
2025-07-06 - 06:27:22 - INFO: ---------------------- FOX ----------------------
2025-07-06 - 06:27:22 - INFO: EPS (latest) (Ticker: HEI): 3.71
2025-07-06 - 06:27:22 - INFO: P/E (Forward) (Ticker: FOX): 22.03
2025-07-06 - 06:27:22 - INFO: Fetched Earnings data (Net Income) for 4 years period (Ticker: HEI).
2025-07-06 - 06:27:22 - INFO: P/E (Trailing) (Ticker: FOX): 12.81
2025-07-06 - 06:27:22 - INFO: Calculating Earnings Variability (EVAR) using EPS over 3 year period (Ticker: HEI).
2025-07-06 - 06:27:22 - INFO: EVAR 4Y (EPS) (Ticker: HEI): 6.9%
2025-07-06 - 06:27:22 - INFO: Calculating Earnings Variability (EVAR) using Net Income over 3 year period (Ticker: HEI).
2025-07-06 - 06:27:22 - INFO: EVAR 4Y (Net Income) (Ticker: HEI): 7.06%
2025-07-06 - 06:27:22 - INFO: CAGR 4Y (EPS) (Ticker: HEI): 18.14 %
2025-07-06 - 06:27:22 - INFO: CAGR 4Y (Net Income) (Ticker: HEI): 19.11 %
2025-07-06 - 06:27:22 - INFO: Dividend Yield (Ticker: HEI): 0.07 %
2025-07-06 - 06:27:22 - INFO: ROE (ttm) (Yahoo Finance) (Ticker: HEI): 15.71 %
2025-07-06 - 06:27:22 - INFO: CFOA (annual) (Ticker: TEL): 15.21 %
2025-07-06 - 06:27:22 - INFO: CFOA (annual) (Ticker: CAE): 7.99 %
2025-07-06 - 06:27:23 - INFO: ROE - Calc (Ticker: HEI): 16.34 %
2025-07-06 - 06:27:23 - INFO: ROE - MSCI (Ticker: HEI): 6.9 %
2025-07-06 - 06:27:23 - INFO: ROA (ttm) (Yahoo Finance) (Ticker: HEI): 7.39 %
2025-07-06 - 06:27:23 - INFO: ROA - Calc (Ticker: HEI): 6.77 %
2025-07-06 - 06:27:23 - ERROR: Invalid Stock Ticker Symbol: TIT
2025-07-06 - 06:27:23 - ERROR: Skipping Stock Analysis for TIT.
2025-07-06 - 06:27:23 - INFO: EBIT/TEV (Ticker: FOX): 11.13 %
2025-07-06 - 06:27:23 - INFO: P/B (Ticker: FOX): 2.02
2025-07-06 - 06:27:23 - INFO: EBIT/TEV (Ticker: ALO.PA): 6.2 %
2025-07-06 - 06:27:23 - INFO: P/B (Ticker: ALO.PA): 0.91
2025-07-06 - 06:27:23 - INFO: Fetched Earnings data (EPS) for 4 years period (Ticker: ALO.PA).
2025-07-06 - 06:27:23 - INFO: EPS (latest) (Ticker: ALO.PA): -0.81
2025-07-06 - 06:27:23 - INFO: CFOA (ttm) (Ticker: TEL): 15.59 %
2025-07-06 - 06:27:23 - INFO: Fetched Earnings data (Net Income) for 4 years period (Ticker: ALO.PA).
2025-07-06 - 06:27:23 - INFO: GPOA (Ticker: TEL): 23.87 %
2025-07-06 - 06:27:23 - INFO: Calculating Earnings Variability (EVAR) using EPS over 3 year period (Ticker: ALO.PA).
2025-07-06 - 06:27:23 - INFO: CFOA (ttm) (Ticker: CAE): 8.44 %
2025-07-06 - 06:27:23 - INFO: GPMAR (Ticker: TEL): 34.43 %
2025-07-06 - 06:27:23 - INFO: CFOA (annual) (Ticker: HEI): 8.86 %
2025-07-06 - 06:27:23 - INFO: EVAR 4Y (EPS) (Ticker: ALO.PA): 173.1%
2025-07-06 - 06:27:23 - INFO: GPOA (Ticker: CAE): 11.59 %
2025-07-06 - 06:27:23 - INFO: Profit Margin (Ticker: TEL): 8.67 %
2025-07-06 - 06:27:23 - INFO: Calculating Earnings Variability (EVAR) using Net Income over 3 year period (Ticker: ALO.PA).
2025-07-06 - 06:27:23 - INFO: GPMAR (Ticker: CAE): 27.62 %
2025-07-06 - 06:27:23 - INFO: Sector: Technology
2025-07-06 - 06:27:23 - INFO: EVAR 4Y (Net Income) (Ticker: ALO.PA): 146.86%
2025-07-06 - 06:27:23 - INFO: Profit Margin (Ticker: CAE): 8.61 %
2025-07-06 - 06:27:23 - INFO: Industry: Electronic Components
2025-07-06 - 06:27:23 - INFO: CAGR 4Y (EPS) (Ticker: ALO.PA): -100 %
2025-07-06 - 06:27:23 - INFO: Sector: Industrials
2025-07-06 - 06:27:23 - INFO: CAGR 4Y (Net Income) (Ticker: ALO.PA): 31.16 %
2025-07-06 - 06:27:23 - INFO: Industry: Aerospace & Defense
2025-07-06 - 06:27:23 - INFO: Dividend Yield (Ticker: ALO.PA): N/A
2025-07-06 - 06:27:23 - INFO: ROE (ttm) (Yahoo Finance) (Ticker: ALO.PA): 1.89 %
2025-07-06 - 06:27:23 - ERROR: Error calculating ROE (ttm) (Ticker: ALO.PA): Cannot calculate ROE (Ticker: ALO.PA): An error occurred: Cannot calculate Net Income TTM! Net Income data is missing in the Quarterly Income Statement (Ticker: ALO.PA).
2025-07-06 - 06:27:23 - ERROR: Unhandled error analyzing stock (Ticker: ALO.PA)
2025-07-06 - 06:27:23 - ERROR: Cannot calculate Trailing EPS! EPS data is missing (Ticker: ALO.PA).
Traceback (most recent call last):
  File "StockFactorScreener.py", line 605, in analyze_stock
  File "ProfitabilityCalculator.py", line 304, in calc_roe_msci
  File "EarningsEngine.py", line 343, in calc_eps_ttm
EarningsEngine.EPSCalcError: Cannot calculate Trailing EPS! EPS data is missing (Ticker: ALO.PA).
2025-07-06 - 06:27:23 - INFO: ---------------------- KEY ----------------------
2025-07-06 - 06:27:23 - INFO: P/E (Forward) (Ticker: KEY): 11.83
2025-07-06 - 06:27:23 - INFO: P/E (Trailing) (Ticker: KEY): N/A
2025-07-06 - 06:27:23 - INFO: CFOA (ttm) (Ticker: HEI): 10.68 %
2025-07-06 - 06:27:23 - INFO: GPOA (Ticker: HEI): 19.78 %
2025-07-06 - 06:27:23 - INFO: GPMAR (Ticker: HEI): 38.93 %
2025-07-06 - 06:27:23 - INFO: Fetched Earnings data (EPS) for 4 years period (Ticker: FOX).
2025-07-06 - 06:27:23 - INFO: Profit Margin (Ticker: HEI): 14.54 %
2025-07-06 - 06:27:23 - INFO: EPS (latest) (Ticker: FOX): 3.14
2025-07-06 - 06:27:23 - INFO: Sector: Industrials
2025-07-06 - 06:27:23 - INFO: Fetched Earnings data (Net Income) for 4 years period (Ticker: FOX).
2025-07-06 - 06:27:23 - INFO: Industry: Aerospace & Defense
2025-07-06 - 06:27:23 - INFO: Calculating Earnings Variability (EVAR) using EPS over 3 year period (Ticker: FOX).
2025-07-06 - 06:27:23 - INFO: EVAR 4Y (EPS) (Ticker: FOX): 38.98%
2025-07-06 - 06:27:23 - INFO: Calculating Earnings Variability (EVAR) using Net Income over 3 year period (Ticker: FOX).
2025-07-06 - 06:27:23 - INFO: EVAR 4Y (Net Income) (Ticker: FOX): 33.57%
2025-07-06 - 06:27:23 - INFO: CAGR 4Y (EPS) (Ticker: FOX): -4.54 %
2025-07-06 - 06:27:23 - INFO: CAGR 4Y (Net Income) (Ticker: FOX): -11.29 %
2025-07-06 - 06:27:23 - INFO: Dividend Yield (Ticker: FOX): 1.05 %
2025-07-06 - 06:27:23 - INFO: ROE (ttm) (Yahoo Finance) (Ticker: FOX): 16.62 %
2025-07-06 - 06:27:23 - ERROR: Invalid Stock Ticker Symbol: 6383
2025-07-06 - 06:27:23 - ERROR: Skipping Stock Analysis for 6383.
2025-07-06 - 06:27:23 - INFO: ROE - Calc (Ticker: FOX): 16.89 %
2025-07-06 - 06:27:23 - INFO: ROE - MSCI (Ticker: FOX): 8.53 %
2025-07-06 - 06:27:23 - INFO: ROA (ttm) (Yahoo Finance) (Ticker: FOX): 8.4 %
2025-07-06 - 06:27:23 - INFO: ROA - Calc (Ticker: FOX): 6.83 %
2025-07-06 - 06:27:23 - ERROR: Invalid Stock Ticker Symbol: 9719
2025-07-06 - 06:27:23 - ERROR: Skipping Stock Analysis for 9719.
2025-07-06 - 06:27:23 - ERROR: Invalid Stock Ticker Symbol: 3088
2025-07-06 - 06:27:23 - ERROR: Skipping Stock Analysis for 3088.
2025-07-06 - 06:27:24 - INFO: EBIT/TEV (Ticker: KEY): -0.47 %
2025-07-06 - 06:27:24 - INFO: P/B (Ticker: KEY): 1.24
2025-07-06 - 06:27:24 - INFO: CFOA (annual) (Ticker: FOX): 8.37 %
2025-07-06 - 06:27:24 - INFO: ---------------------- ICL ----------------------
2025-07-06 - 06:27:24 - INFO: P/E (Forward) (Ticker: ICL): 17.4
2025-07-06 - 06:27:24 - INFO: P/E (Trailing) (Ticker: ICL): 23.58
2025-07-06 - 06:27:24 - INFO: Fetched Earnings data (EPS) for 4 years period (Ticker: KEY).
2025-07-06 - 06:27:24 - INFO: EPS (latest) (Ticker: KEY): -0.32
2025-07-06 - 06:27:24 - INFO: CFOA (ttm) (Ticker: FOX): 11.93 %
2025-07-06 - 06:27:24 - INFO: Fetched Earnings data (Net Income) for 4 years period (Ticker: KEY).
2025-07-06 - 06:27:24 - INFO: Calculating Earnings Variability (EVAR) using EPS over 3 year period (Ticker: KEY).
2025-07-06 - 06:27:24 - INFO: EVAR 4Y (EPS) (Ticker: KEY): 56.95%
2025-07-06 - 06:27:24 - ERROR: Invalid Stock Ticker Symbol: EVD
2025-07-06 - 06:27:24 - INFO: Calculating Earnings Variability (EVAR) using Net Income over 3 year period (Ticker: KEY).
2025-07-06 - 06:27:24 - ERROR: Skipping Stock Analysis for EVD.
2025-07-06 - 06:27:24 - INFO: EVAR 4Y (Net Income) (Ticker: KEY): 46.64%
2025-07-06 - 06:27:24 - INFO: CAGR 4Y (EPS) (Ticker: KEY): -100 %
2025-07-06 - 06:27:24 - INFO: CAGR 4Y (Net Income) (Ticker: KEY): -100 %
2025-07-06 - 06:27:24 - INFO: Dividend Yield (Ticker: KEY): 4.71 %
2025-07-06 - 06:27:24 - INFO: ROE (ttm) (Yahoo Finance) (Ticker: KEY): 0.14 %
2025-07-06 - 06:27:24 - ERROR: Invalid Stock Ticker Symbol: QAN
2025-07-06 - 06:27:24 - ERROR: Skipping Stock Analysis for QAN.
2025-07-06 - 06:27:24 - INFO: ROE - Calc (Ticker: KEY): 0.15 %
2025-07-06 - 06:27:24 - INFO: ROE - MSCI (Ticker: KEY): -0.92 %
2025-07-06 - 06:27:24 - INFO: ROA (ttm) (Yahoo Finance) (Ticker: KEY): 0.01 %
2025-07-06 - 06:27:24 - INFO: ROA - Calc (Ticker: KEY): -0.09 %
2025-07-06 - 06:27:24 - INFO: GPOA (Ticker: FOX): None %
2025-07-06 - 06:27:24 - INFO: EBIT/TEV (Ticker: ICL): 6.65 %
2025-07-06 - 06:27:24 - INFO: GPMAR (Ticker: FOX): None %
2025-07-06 - 06:27:24 - INFO: P/B (Ticker: ICL): 1.61
2025-07-06 - 06:27:24 - ERROR: Error calculating GPOA and GPMAR TTM (Ticker: FOX): Cannot calculate GPOA (Ticker: FOX): 'Gross Profit' data is missing in the Income Statement.
2025-07-06 - 06:27:24 - INFO: Profit Margin (Ticker: FOX): 11.58 %
2025-07-06 - 06:27:24 - INFO: Sector: Communication Services
2025-07-06 - 06:27:24 - INFO: Industry: Entertainment
2025-07-06 - 06:27:24 - ERROR: Error calculating profitability growth metrics for FOX: Cannot calculate CAGR. No Earnings Growth data available (Ticker: FOX).
2025-07-06 - 06:27:24 - ERROR: Cannot calculate CAGR. No Earnings Growth data available (Ticker: FOX).
Traceback (most recent call last):
  File "StockFactorScreener.py", line 249, in calc_profitability_growth
  File "ProfitabilityCalculator.py", line 1004, in calc_cagr
ProfitabilityCalculator.CAGRCalcError: Cannot calculate CAGR. No Earnings Growth data available (Ticker: FOX).
2025-07-06 - 06:27:24 - ERROR: Invalid Stock Ticker Symbol: H78
2025-07-06 - 06:27:24 - ERROR: Skipping Stock Analysis for H78.
2025-07-06 - 06:27:24 - ERROR: Invalid Stock Ticker Symbol: SGH
2025-07-06 - 06:27:24 - ERROR: Skipping Stock Analysis for SGH.
2025-07-06 - 06:27:24 - INFO: Fetched Earnings data (EPS) for 4 years period (Ticker: ICL).
2025-07-06 - 06:27:24 - INFO: EPS (latest) (Ticker: ICL): 0.32
2025-07-06 - 06:27:24 - INFO: CFOA (annual) (Ticker: KEY): 0.35 %
2025-07-06 - 06:27:24 - INFO: Fetched Earnings data (Net Income) for 4 years period (Ticker: ICL).
2025-07-06 - 06:27:24 - INFO: Calculating Earnings Variability (EVAR) using EPS over 3 year period (Ticker: ICL).
2025-07-06 - 06:27:24 - INFO: EVAR 4Y (EPS) (Ticker: ICL): 133.05%
2025-07-06 - 06:27:24 - INFO: Calculating Earnings Variability (EVAR) using Net Income over 3 year period (Ticker: ICL).
2025-07-06 - 06:27:24 - INFO: EVAR 4Y (Net Income) (Ticker: ICL): 133.41%
2025-07-06 - 06:27:24 - INFO: CAGR 4Y (EPS) (Ticker: ICL): -19.35 %
2025-07-06 - 06:27:24 - INFO: CAGR 4Y (Net Income) (Ticker: ICL): -19.6 %
2025-07-06 - 06:27:24 - INFO: Dividend Yield (Ticker: ICL): 2.68 %
2025-07-06 - 06:27:24 - INFO: ROE (ttm) (Yahoo Finance) (Ticker: ICL): 7.3 %
2025-07-06 - 06:27:25 - ERROR: Invalid Stock Ticker Symbol: 9435
2025-07-06 - 06:27:25 - ERROR: Skipping Stock Analysis for 9435.
2025-07-06 - 06:27:25 - INFO: CFOA (ttm) (Ticker: KEY): 0.09 %
2025-07-06 - 06:27:25 - ERROR: Invalid Stock Ticker Symbol: 6823
2025-07-06 - 06:27:25 - ERROR: Skipping Stock Analysis for 6823.
2025-07-06 - 06:27:25 - ERROR: Invalid Stock Ticker Symbol: PHNX
2025-07-06 - 06:27:25 - ERROR: Skipping Stock Analysis for PHNX.
2025-07-06 - 06:27:25 - INFO: ROE - Calc (Ticker: ICL): 6.70 %
2025-07-06 - 06:27:25 - INFO: ROE - MSCI (Ticker: ICL): 7.19 %
2025-07-06 - 06:27:25 - ERROR: Invalid Stock Ticker Symbol: 4716
2025-07-06 - 06:27:25 - INFO: ROA (ttm) (Yahoo Finance) (Ticker: ICL): 4.15 %
2025-07-06 - 06:27:25 - ERROR: Skipping Stock Analysis for 4716.
2025-07-06 - 06:27:25 - INFO: ROA - Calc (Ticker: ICL): 3.60 %
2025-07-06 - 06:27:25 - INFO: CFOA (annual) (Ticker: ICL): 12.97 %
2025-07-06 - 06:27:25 - INFO: ---------------------- IAG ----------------------
2025-07-06 - 06:27:25 - INFO: P/E (Forward) (Ticker: IAG): 9.35
2025-07-06 - 06:27:25 - INFO: P/E (Trailing) (Ticker: IAG): 5.12
2025-07-06 - 06:27:25 - INFO: ---------------------- GIL ----------------------
2025-07-06 - 06:27:25 - INFO: P/E (Forward) (Ticker: GIL): 10.57
2025-07-06 - 06:27:25 - INFO: P/E (Trailing) (Ticker: GIL): 19.94
2025-07-06 - 06:27:25 - ERROR: Invalid Stock Ticker Symbol: GJF
2025-07-06 - 06:27:25 - ERROR: Skipping Stock Analysis for GJF.
2025-07-06 - 06:27:25 - ERROR: Invalid Stock Ticker Symbol: 7550
2025-07-06 - 06:27:25 - ERROR: Skipping Stock Analysis for 7550.
2025-07-06 - 06:27:25 - INFO: GPOA (Ticker: KEY): None %
2025-07-06 - 06:27:25 - INFO: GPMAR (Ticker: KEY): None %
2025-07-06 - 06:27:25 - ERROR: Error calculating GPOA and GPMAR TTM (Ticker: KEY): Cannot calculate GPOA (Ticker: KEY): 'Gross Profit' data is missing in the Income Statement.
2025-07-06 - 06:27:25 - INFO: Profit Margin (Ticker: KEY): 0.56 %
2025-07-06 - 06:27:25 - INFO: CFOA (ttm) (Ticker: ICL): 11.72 %
2025-07-06 - 06:27:25 - INFO: Sector: Financial Services
2025-07-06 - 06:27:25 - INFO: GPOA (Ticker: ICL): 19.93 %
2025-07-06 - 06:27:25 - INFO: ---------------------- WIX ----------------------
2025-07-06 - 06:27:25 - INFO: Industry: Banks - Regional
2025-07-06 - 06:27:25 - INFO: GPMAR (Ticker: ICL): 32.98 %
2025-07-06 - 06:27:25 - INFO: P/E (Forward) (Ticker: WIX): 23.57
2025-07-06 - 06:27:25 - INFO: Profit Margin (Ticker: ICL): 5.66 %
2025-07-06 - 06:27:25 - INFO: P/E (Trailing) (Ticker: WIX): 65.45
2025-07-06 - 06:27:25 - ERROR: Error calculating profitability growth metrics for KEY: Cannot calculate CAGR. No Earnings Growth data available (Ticker: KEY).
2025-07-06 - 06:27:25 - INFO: Sector: Basic Materials
2025-07-06 - 06:27:25 - ERROR: Cannot calculate CAGR. No Earnings Growth data available (Ticker: KEY).
Traceback (most recent call last):
  File "StockFactorScreener.py", line 249, in calc_profitability_growth
  File "ProfitabilityCalculator.py", line 1004, in calc_cagr
ProfitabilityCalculator.CAGRCalcError: Cannot calculate CAGR. No Earnings Growth data available (Ticker: KEY).
2025-07-06 - 06:27:25 - INFO: Industry: Agricultural Inputs
2025-07-06 - 06:27:26 - INFO: EBIT/TEV (Ticker: IAG): 10.54 %
2025-07-06 - 06:27:26 - INFO: P/B (Ticker: IAG): 1.27
2025-07-06 - 06:27:26 - INFO: EBIT/TEV (Ticker: GIL): 6.73 %
2025-07-06 - 06:27:26 - INFO: P/B (Ticker: GIL): 5.48
2025-07-06 - 06:27:26 - INFO: Fetched Earnings data (EPS) for 4 years period (Ticker: IAG).
2025-07-06 - 06:27:26 - INFO: EPS (latest) (Ticker: IAG): 1.52
2025-07-06 - 06:27:26 - INFO: Fetched Earnings data (Net Income) for 4 years period (Ticker: IAG).
2025-07-06 - 06:27:26 - ERROR: Invalid Stock Ticker Symbol: U96
2025-07-06 - 06:27:26 - INFO: Calculating Earnings Variability (EVAR) using EPS over 3 year period (Ticker: IAG).
2025-07-06 - 06:27:26 - ERROR: Skipping Stock Analysis for U96.
2025-07-06 - 06:27:26 - INFO: EVAR 4Y (EPS) (Ticker: IAG): 327.32%
2025-07-06 - 06:27:26 - INFO: Calculating Earnings Variability (EVAR) using Net Income over 3 year period (Ticker: IAG).
2025-07-06 - 06:27:26 - INFO: EVAR 4Y (Net Income) (Ticker: IAG): 364.57%
2025-07-06 - 06:27:26 - INFO: CAGR 4Y (EPS) (Ticker: IAG): 69.48 %
2025-07-06 - 06:27:26 - INFO: CAGR 4Y (Net Income) (Ticker: IAG): 73.49 %
2025-07-06 - 06:27:26 - INFO: Dividend Yield (Ticker: IAG): N/A
2025-07-06 - 06:27:26 - INFO: ROE (ttm) (Yahoo Finance) (Ticker: IAG): 28.74 %
2025-07-06 - 06:27:26 - ERROR: Invalid Stock Ticker Symbol: DIE
2025-07-06 - 06:27:26 - ERROR: Skipping Stock Analysis for DIE.
2025-07-06 - 06:27:26 - ERROR: Invalid Stock Ticker Symbol: 3064
2025-07-06 - 06:27:26 - ERROR: Skipping Stock Analysis for 3064.
2025-07-06 - 06:27:26 - ERROR: Invalid Stock Ticker Symbol: 3038
2025-07-06 - 06:27:26 - ERROR: Skipping Stock Analysis for 3038.
2025-07-06 - 06:27:26 - INFO: Fetched Earnings data (EPS) for 4 years period (Ticker: GIL).
2025-07-06 - 06:27:26 - INFO: EPS (latest) (Ticker: GIL): 2.46
2025-07-06 - 06:27:26 - INFO: Fetched Earnings data (Net Income) for 4 years period (Ticker: GIL).
2025-07-06 - 06:27:26 - INFO: ROE - Calc (Ticker: IAG): 28.42 %
2025-07-06 - 06:27:26 - INFO: Calculating Earnings Variability (EVAR) using EPS over 3 year period (Ticker: GIL).
2025-07-06 - 06:27:26 - INFO: ROE - MSCI (Ticker: IAG): 23.89 %
2025-07-06 - 06:27:26 - INFO: EBIT/TEV (Ticker: WIX): 1.41 %
2025-07-06 - 06:27:26 - INFO: EVAR 4Y (EPS) (Ticker: GIL): 11.1%
2025-07-06 - 06:27:26 - INFO: ROA (ttm) (Yahoo Finance) (Ticker: IAG): 6.25 %
2025-07-06 - 06:27:26 - INFO: P/B (Ticker: WIX): -54.27
2025-07-06 - 06:27:26 - INFO: ROA - Calc (Ticker: IAG): 15.25 %
2025-07-06 - 06:27:26 - INFO: Calculating Earnings Variability (EVAR) using Net Income over 3 year period (Ticker: GIL).
2025-07-06 - 06:27:26 - INFO: EVAR 4Y (Net Income) (Ticker: GIL): 11.78%
2025-07-06 - 06:27:26 - INFO: CAGR 4Y (EPS) (Ticker: GIL): -7.22 %
2025-07-06 - 06:27:26 - INFO: CAGR 4Y (Net Income) (Ticker: GIL): -12.93 %
2025-07-06 - 06:27:26 - INFO: Dividend Yield (Ticker: GIL): 1.84 %
2025-07-06 - 06:27:26 - INFO: ROE (ttm) (Yahoo Finance) (Ticker: GIL): 24.4 %
2025-07-06 - 06:27:26 - ERROR: Invalid Stock Ticker Symbol: BKW
2025-07-06 - 06:27:26 - ERROR: Skipping Stock Analysis for BKW.
2025-07-06 - 06:27:27 - INFO: Fetched Earnings data (EPS) for 4 years period (Ticker: WIX).
2025-07-06 - 06:27:27 - INFO: EPS (latest) (Ticker: WIX): 2.49
2025-07-06 - 06:27:27 - ERROR: Invalid Stock Ticker Symbol: QBR.B
2025-07-06 - 06:27:27 - INFO: Fetched Earnings data (Net Income) for 4 years period (Ticker: WIX).
2025-07-06 - 06:27:27 - ERROR: Skipping Stock Analysis for QBR.B.
2025-07-06 - 06:27:27 - INFO: CFOA (annual) (Ticker: IAG): 9.04 %
2025-07-06 - 06:27:27 - INFO: Calculating Earnings Variability (EVAR) using EPS over 3 year period (Ticker: WIX).
2025-07-06 - 06:27:27 - INFO: EVAR 4Y (EPS) (Ticker: WIX): 295.44%
2025-07-06 - 06:27:27 - INFO: Calculating Earnings Variability (EVAR) using Net Income over 3 year period (Ticker: WIX).
2025-07-06 - 06:27:27 - INFO: EVAR 4Y (Net Income) (Ticker: WIX): 293.64%
2025-07-06 - 06:27:27 - INFO: CAGR 4Y (EPS) (Ticker: WIX): 47.5 %
2025-07-06 - 06:27:27 - INFO: ROE - Calc (Ticker: GIL): 24.40 %
2025-07-06 - 06:27:27 - INFO: CAGR 4Y (Net Income) (Ticker: WIX): 47.06 %
2025-07-06 - 06:27:27 - INFO: ROE - MSCI (Ticker: GIL): 27.86 %
2025-07-06 - 06:27:27 - INFO: ---------------------- CAD ----------------------
2025-07-06 - 06:27:27 - INFO: Dividend Yield (Ticker: WIX): N/A
2025-07-06 - 06:27:27 - INFO: ROA (ttm) (Yahoo Finance) (Ticker: GIL): 11.46 %
2025-07-06 - 06:27:27 - INFO: P/E (Forward) (Ticker: CAD): N/A
2025-07-06 - 06:27:27 - INFO: ROE (ttm) (Yahoo Finance) (Ticker: WIX): N/A
2025-07-06 - 06:27:27 - INFO: ROA - Calc (Ticker: GIL): 10.79 %
2025-07-06 - 06:27:27 - INFO: P/E (Trailing) (Ticker: CAD): N/A
2025-07-06 - 06:27:27 - INFO: ---------------------- BMED ----------------------
2025-07-06 - 06:27:27 - INFO: P/E (Forward) (Ticker: BMED): N/A
2025-07-06 - 06:27:27 - INFO: P/E (Trailing) (Ticker: BMED): 29.1
2025-07-06 - 06:27:27 - INFO: CFOA (annual) (Ticker: GIL): 13.5 %
2025-07-06 - 06:27:27 - INFO: CFOA (ttm) (Ticker: IAG): 9.07 %
2025-07-06 - 06:27:27 - INFO: GPOA (Ticker: IAG): 10.23 %
2025-07-06 - 06:27:27 - INFO: GPMAR (Ticker: IAG): 33.67 %
2025-07-06 - 06:27:27 - INFO: Profit Margin (Ticker: IAG): 45.42 %
2025-07-06 - 06:27:27 - INFO: ROE - Calc (Ticker: WIX): N/A
2025-07-06 - 06:27:27 - INFO: Sector: Basic Materials
2025-07-06 - 06:27:27 - INFO: ROE - MSCI (Ticker: WIX): -88.15 %
2025-07-06 - 06:27:27 - INFO: Industry: Gold
2025-07-06 - 06:27:27 - INFO: ROA (ttm) (Yahoo Finance) (Ticker: WIX): 4.57 %
2025-07-06 - 06:27:27 - INFO: ROA - Calc (Ticker: WIX): 7.23 %
2025-07-06 - 06:27:27 - ERROR: Error while calculating EBIT/TEV ratio (Ticker: CAD): No Income Statement (annual) data found (Ticker: CAD). Cannot calculate EBIT/TEV ratio!
2025-07-06 - 06:27:27 - ERROR: Invalid Stock Ticker Symbol: BZFUT
2025-07-06 - 06:27:27 - ERROR: Invalid Stock Ticker Symbol: BCVN
2025-07-06 - 06:27:27 - ERROR: No Income Statement (annual) data found (Ticker: CAD). Cannot calculate EBIT/TEV ratio!
Traceback (most recent call last):
  File "ValueMetrics.py", line 540, in calc_ebit_to_tev
  File "ValueMetrics.py", line 91, in get_operating_income_ttm
ValueMetrics.OperatingIncomeError: No Income Statement (quarterly) data found (Ticker: CAD). Cannot calculate EBIT/TEV ratio!

During handling of the above exception, another exception occurred:

Traceback (most recent call last):
  File "StockFactorScreener.py", line 217, in get_ebit_to_tev
  File "ValueMetrics.py", line 562, in calc_ebit_to_tev
  File "ValueMetrics.py", line 161, in get_operating_income_annual
ValueMetrics.OperatingIncomeError: No Income Statement (annual) data found (Ticker: CAD). Cannot calculate EBIT/TEV ratio!
2025-07-06 - 06:27:27 - ERROR: Skipping Stock Analysis for BZFUT.
2025-07-06 - 06:27:27 - ERROR: Skipping Stock Analysis for BCVN.
2025-07-06 - 06:27:28 - INFO: EBIT/TEV (Ticker: CAD): N/A
2025-07-06 - 06:27:28 - INFO: P/B (Ticker: CAD): None
2025-07-06 - 06:27:28 - ERROR: Unhandled error analyzing stock (Ticker: CAD)
2025-07-06 - 06:27:28 - ERROR: Error fetching Earnings (CAD): No Annual Income Statement data found on Yahoo Finance (Ticker: CAD).
Traceback (most recent call last):
  File "EarningsEngine.py", line 151, in get_earnings
EarningsEngine.NetIncomeCalcError: No Annual Income Statement data found on Yahoo Finance (Ticker: CAD).

The above exception was the direct cause of the following exception:

Traceback (most recent call last):
  File "StockFactorScreener.py", line 437, in analyze_stock
  File "EarningsEngine.py", line 318, in get_earnings
EarningsEngine.NetIncomeCalcError: Error fetching Earnings (CAD): No Annual Income Statement data found on Yahoo Finance (Ticker: CAD).
2025-07-06 - 06:27:28 - ERROR: Error while calculating EBIT/TEV ratio (Ticker: BMED): No Income Statement (annual) data found (Ticker: BMED). Cannot calculate EBIT/TEV ratio!
2025-07-06 - 06:27:28 - ERROR: No Income Statement (annual) data found (Ticker: BMED). Cannot calculate EBIT/TEV ratio!
Traceback (most recent call last):
  File "ValueMetrics.py", line 540, in calc_ebit_to_tev
  File "ValueMetrics.py", line 91, in get_operating_income_ttm
ValueMetrics.OperatingIncomeError: No Income Statement (quarterly) data found (Ticker: BMED). Cannot calculate EBIT/TEV ratio!

During handling of the above exception, another exception occurred:

Traceback (most recent call last):
  File "StockFactorScreener.py", line 217, in get_ebit_to_tev
  File "ValueMetrics.py", line 562, in calc_ebit_to_tev
  File "ValueMetrics.py", line 161, in get_operating_income_annual
ValueMetrics.OperatingIncomeError: No Income Statement (annual) data found (Ticker: BMED). Cannot calculate EBIT/TEV ratio!
2025-07-06 - 06:27:28 - INFO: CFOA (annual) (Ticker: WIX): 26.0 %
2025-07-06 - 06:27:28 - INFO: CFOA (ttm) (Ticker: GIL): 10.24 %
2025-07-06 - 06:27:28 - INFO: EBIT/TEV (Ticker: BMED): N/A
2025-07-06 - 06:27:28 - INFO: GPOA (Ticker: GIL): 27.02 %
2025-07-06 - 06:27:28 - INFO: P/B (Ticker: BMED): None
2025-07-06 - 06:27:28 - INFO: GPMAR (Ticker: GIL): 30.69 %
2025-07-06 - 06:27:28 - ERROR: Unhandled error analyzing stock (Ticker: BMED)
2025-07-06 - 06:27:28 - INFO: Profit Margin (Ticker: GIL): 12.38 %
2025-07-06 - 06:27:28 - ERROR: Error fetching Earnings (BMED): No Annual Income Statement data found on Yahoo Finance (Ticker: BMED).
Traceback (most recent call last):
  File "EarningsEngine.py", line 151, in get_earnings
EarningsEngine.NetIncomeCalcError: No Annual Income Statement data found on Yahoo Finance (Ticker: BMED).

The above exception was the direct cause of the following exception:

Traceback (most recent call last):
  File "StockFactorScreener.py", line 437, in analyze_stock
  File "EarningsEngine.py", line 318, in get_earnings
EarningsEngine.NetIncomeCalcError: Error fetching Earnings (BMED): No Annual Income Statement data found on Yahoo Finance (Ticker: BMED).
2025-07-06 - 06:27:28 - INFO: Sector: Consumer Cyclical
2025-07-06 - 06:27:28 - INFO: Industry: Apparel Manufacturing
2025-07-06 - 06:27:28 - ERROR: Invalid Stock Ticker Symbol: DKK
2025-07-06 - 06:27:28 - ERROR: Skipping Stock Analysis for DKK.
2025-07-06 - 06:27:28 - INFO: CFOA (ttm) (Ticker: WIX): 30.13 %
2025-07-06 - 06:27:28 - INFO: GPOA (Ticker: WIX): 62.52 %
2025-07-06 - 06:27:28 - ERROR: Invalid Stock Ticker Symbol: ROCK B
2025-07-06 - 06:27:28 - INFO: GPMAR (Ticker: WIX): 67.93 %
2025-07-06 - 06:27:28 - ERROR: Skipping Stock Analysis for ROCK B.
2025-07-06 - 06:27:28 - ERROR: Invalid Stock Ticker Symbol: CU
2025-07-06 - 06:27:28 - INFO: Profit Margin (Ticker: WIX): 8.16 %
2025-07-06 - 06:27:28 - ERROR: Skipping Stock Analysis for CU.
2025-07-06 - 06:27:28 - INFO: Sector: Technology
2025-07-06 - 06:27:28 - INFO: Industry: Software - Infrastructure
2025-07-06 - 06:27:28 - INFO: ---------------------- IGM.TO ----------------------
2025-07-06 - 06:27:28 - INFO: P/E (Forward) (Ticker: IGM.TO): 9.96
2025-07-06 - 06:27:28 - INFO: P/E (Trailing) (Ticker: IGM.TO): 10.89
2025-07-06 - 06:27:28 - INFO: ---------------------- ILS ----------------------
2025-07-06 - 06:27:29 - INFO: P/E (Forward) (Ticker: ILS): N/A
2025-07-06 - 06:27:29 - INFO: P/E (Trailing) (Ticker: ILS): N/A
2025-07-06 - 06:27:29 - INFO: EBIT/TEV (Ticker: IGM.TO): 7.24 %
2025-07-06 - 06:27:29 - INFO: P/B (Ticker: IGM.TO): 1.3
2025-07-06 - 06:27:29 - ERROR: Error while calculating EBIT/TEV ratio (Ticker: ILS): No Income Statement (annual) data found (Ticker: ILS). Cannot calculate EBIT/TEV ratio!
2025-07-06 - 06:27:29 - ERROR: No Income Statement (annual) data found (Ticker: ILS). Cannot calculate EBIT/TEV ratio!
Traceback (most recent call last):
  File "ValueMetrics.py", line 540, in calc_ebit_to_tev
  File "ValueMetrics.py", line 91, in get_operating_income_ttm
ValueMetrics.OperatingIncomeError: No Income Statement (quarterly) data found (Ticker: ILS). Cannot calculate EBIT/TEV ratio!

During handling of the above exception, another exception occurred:

Traceback (most recent call last):
  File "StockFactorScreener.py", line 217, in get_ebit_to_tev
  File "ValueMetrics.py", line 562, in calc_ebit_to_tev
  File "ValueMetrics.py", line 161, in get_operating_income_annual
ValueMetrics.OperatingIncomeError: No Income Statement (annual) data found (Ticker: ILS). Cannot calculate EBIT/TEV ratio!
2025-07-06 - 06:27:29 - INFO: EBIT/TEV (Ticker: ILS): N/A
2025-07-06 - 06:27:29 - INFO: P/B (Ticker: ILS): None
2025-07-06 - 06:27:29 - ERROR: Unhandled error analyzing stock (Ticker: ILS)
2025-07-06 - 06:27:29 - ERROR: Error fetching Earnings (ILS): No Annual Income Statement data found on Yahoo Finance (Ticker: ILS).
Traceback (most recent call last):
  File "EarningsEngine.py", line 151, in get_earnings
EarningsEngine.NetIncomeCalcError: No Annual Income Statement data found on Yahoo Finance (Ticker: ILS).

The above exception was the direct cause of the following exception:

Traceback (most recent call last):
  File "StockFactorScreener.py", line 437, in analyze_stock
  File "EarningsEngine.py", line 318, in get_earnings
EarningsEngine.NetIncomeCalcError: Error fetching Earnings (ILS): No Annual Income Statement data found on Yahoo Finance (Ticker: ILS).
2025-07-06 - 06:27:29 - INFO: Fetched Earnings data (EPS) for 4 years period (Ticker: IGM.TO).
2025-07-06 - 06:27:29 - INFO: EPS (latest) (Ticker: IGM.TO): 3.93
2025-07-06 - 06:27:29 - INFO: Fetched Earnings data (Net Income) for 4 years period (Ticker: IGM.TO).
2025-07-06 - 06:27:29 - INFO: Calculating Earnings Variability (EVAR) using EPS over 3 year period (Ticker: IGM.TO).
2025-07-06 - 06:27:29 - INFO: EVAR 4Y (EPS) (Ticker: IGM.TO): 27.74%
2025-07-06 - 06:27:29 - INFO: Calculating Earnings Variability (EVAR) using Net Income over 3 year period (Ticker: IGM.TO).
2025-07-06 - 06:27:29 - INFO: EVAR 4Y (Net Income) (Ticker: IGM.TO): 27.7%
2025-07-06 - 06:27:29 - INFO: CAGR 4Y (EPS) (Ticker: IGM.TO): -1.4 %
2025-07-06 - 06:27:29 - INFO: CAGR 4Y (Net Income) (Ticker: IGM.TO): -1.57 %
2025-07-06 - 06:27:29 - INFO: Dividend Yield (Ticker: IGM.TO): 5.23 %
2025-07-06 - 06:27:29 - INFO: ROE (ttm) (Yahoo Finance) (Ticker: IGM.TO): 12.72 %
2025-07-06 - 06:27:29 - INFO: ROE - Calc (Ticker: IGM.TO): 12.78 %
2025-07-06 - 06:27:29 - INFO: ROE - MSCI (Ticker: IGM.TO): 12.06 %
2025-07-06 - 06:27:29 - INFO: ROA (ttm) (Yahoo Finance) (Ticker: IGM.TO): 4.93 %
2025-07-06 - 06:27:29 - INFO: ROA - Calc (Ticker: IGM.TO): 4.51 %
2025-07-06 - 06:27:30 - INFO: CFOA (annual) (Ticker: IGM.TO): 5.57 %
2025-07-06 - 06:27:30 - INFO: CFOA (ttm) (Ticker: IGM.TO): 5.55 %
2025-07-06 - 06:27:30 - INFO: GPOA (Ticker: IGM.TO): 8.23 %
2025-07-06 - 06:27:30 - INFO: GPMAR (Ticker: IGM.TO): 48.73 %
2025-07-06 - 06:27:30 - INFO: Profit Margin (Ticker: IGM.TO): 23.92 %
2025-07-06 - 06:27:30 - INFO: Sector: Financial Services
2025-07-06 - 06:27:30 - INFO: Industry: Asset Management
2025-07-06 - 06:27:31 - INFO: Program total runtime: 0:02:09.895018
2025-07-09 - 22:11:13 - INFO: Running Stock Analysis Script:
    Version: 0.5.6
    Date: 04.07.2025
2025-07-09 - 22:11:13 - INFO: 
    Copyright (c) Ivan Antunoviæ (ivantun05@gmail.com) - All rights reserved.
    Unintended redistribution can be punishable by law.
    By reading this message, you are automatically consenting to it 
    and you are accepting that the financial data might be incorrect.
    The financial data generated by this script is for informational purposes only 
    and should not be considered as investment advice.
    Use at your own risk.
    
2025-07-09 - 22:11:15 - INFO: ---------------------- BRK-B ----------------------
2025-07-09 - 22:11:15 - INFO: P/E (Forward) (Ticker: BRK-B): 23.87
2025-07-09 - 22:11:15 - INFO: P/E (Trailing) (Ticker: BRK-B): 12.77
2025-07-09 - 22:11:15 - INFO: ---------------------- PLTR ----------------------
2025-07-09 - 22:11:15 - INFO: ---------------------- NFLX ----------------------
2025-07-09 - 22:11:15 - INFO: P/E (Forward) (Ticker: PLTR): 304.53
2025-07-09 - 22:11:15 - INFO: P/E (Forward) (Ticker: NFLX): 54.17
2025-07-09 - 22:11:15 - INFO: P/E (Trailing) (Ticker: PLTR): 650.59
2025-07-09 - 22:11:15 - INFO: P/E (Trailing) (Ticker: NFLX): 60.85
2025-07-09 - 22:11:15 - INFO: ---------------------- AVGO ----------------------
2025-07-09 - 22:11:15 - INFO: P/E (Forward) (Ticker: AVGO): 45.04
2025-07-09 - 22:11:15 - INFO: P/E (Trailing) (Ticker: AVGO): 101.05
2025-07-09 - 22:11:15 - INFO: ---------------------- WMT ----------------------
2025-07-09 - 22:11:15 - INFO: P/E (Forward) (Ticker: WMT): 35.6
2025-07-09 - 22:11:15 - INFO: P/E (Trailing) (Ticker: WMT): 41.38
2025-07-09 - 22:11:15 - INFO: ---------------------- V ----------------------
2025-07-09 - 22:11:15 - INFO: P/E (Forward) (Ticker: V): 28.21
2025-07-09 - 22:11:15 - INFO: P/E (Trailing) (Ticker: V): 35.86
2025-07-09 - 22:11:15 - INFO: ---------------------- JPM ----------------------
2025-07-09 - 22:11:15 - INFO: P/E (Forward) (Ticker: JPM): 16.91
2025-07-09 - 22:11:15 - INFO: P/E (Trailing) (Ticker: JPM): 13.88
2025-07-09 - 22:11:16 - INFO: EBIT/TEV (Ticker: BRK-B): 12.3 %
2025-07-09 - 22:11:16 - INFO: P/B (Ticker: BRK-B): 0.0
2025-07-09 - 22:11:16 - INFO: EBIT/TEV (Ticker: NFLX): 2.01 %
2025-07-09 - 22:11:16 - INFO: P/B (Ticker: NFLX): 22.82
2025-07-09 - 22:11:16 - INFO: EBIT/TEV (Ticker: AVGO): 1.57 %
2025-07-09 - 22:11:16 - INFO: P/B (Ticker: AVGO): 4.69
2025-07-09 - 22:11:16 - INFO: EBIT/TEV (Ticker: PLTR): 0.12 %
2025-07-09 - 22:11:16 - INFO: P/B (Ticker: PLTR): 62.26
2025-07-09 - 22:11:16 - INFO: EBIT/TEV (Ticker: V): 3.55 %
2025-07-09 - 22:11:16 - INFO: P/B (Ticker: V): 18.04
2025-07-09 - 22:11:16 - INFO: EBIT/TEV (Ticker: JPM): 17.12 %
2025-07-09 - 22:11:16 - INFO: P/B (Ticker: JPM): 2.37
2025-07-09 - 22:11:16 - INFO: Fetched Earnings data (EPS) for 4 years period (Ticker: BRK-B).
2025-07-09 - 22:11:16 - INFO: EPS (latest) (Ticker: BRK-B): 44.27
2025-07-09 - 22:11:16 - INFO: Fetched Earnings data (Net Income) for 4 years period (Ticker: BRK-B).
2025-07-09 - 22:11:16 - INFO: EBIT/TEV (Ticker: WMT): 3.57 %
2025-07-09 - 22:11:16 - INFO: Calculating Earnings Variability (EVAR) using EPS over 3 year period (Ticker: BRK-B).
2025-07-09 - 22:11:16 - INFO: P/B (Ticker: WMT): 9.23
2025-07-09 - 22:11:16 - INFO: EVAR 4Y (EPS) (Ticker: BRK-B): 330.41%
2025-07-09 - 22:11:16 - INFO: Fetched Earnings data (EPS) for 4 years period (Ticker: NFLX).
2025-07-09 - 22:11:16 - INFO: Calculating Earnings Variability (EVAR) using Net Income over 3 year period (Ticker: BRK-B).
2025-07-09 - 22:11:16 - INFO: EPS (latest) (Ticker: NFLX): 20.28
2025-07-09 - 22:11:16 - INFO: EVAR 4Y (Net Income) (Ticker: BRK-B): 345.24%
2025-07-09 - 22:11:16 - INFO: Fetched Earnings data (EPS) for 4 years period (Ticker: AVGO).
2025-07-09 - 22:11:16 - INFO: CAGR 4Y (EPS) (Ticker: BRK-B): 35.55 %
2025-07-09 - 22:11:16 - INFO: Fetched Earnings data (Net Income) for 4 years period (Ticker: NFLX).
2025-07-09 - 22:11:16 - INFO: EPS (latest) (Ticker: AVGO): 1.27
2025-07-09 - 22:11:16 - INFO: Fetched Earnings data (EPS) for 4 years period (Ticker: PLTR).
2025-07-09 - 22:11:16 - INFO: CAGR 4Y (Net Income) (Ticker: BRK-B): -0.35 %
2025-07-09 - 22:11:16 - INFO: Calculating Earnings Variability (EVAR) using EPS over 3 year period (Ticker: NFLX).
2025-07-09 - 22:11:16 - INFO: Fetched Earnings data (EPS) for 4 years period (Ticker: V).
2025-07-09 - 22:11:16 - INFO: Fetched Earnings data (Net Income) for 4 years period (Ticker: AVGO).
2025-07-09 - 22:11:16 - INFO: EPS (latest) (Ticker: PLTR): 0.21
2025-07-09 - 22:11:16 - INFO: Dividend Yield (Ticker: BRK-B): N/A
2025-07-09 - 22:11:16 - INFO: EVAR 4Y (EPS) (Ticker: NFLX): 39.17%
2025-07-09 - 22:11:16 - INFO: EPS (latest) (Ticker: V): 9.74
2025-07-09 - 22:11:16 - INFO: Calculating Earnings Variability (EVAR) using EPS over 3 year period (Ticker: AVGO).
2025-07-09 - 22:11:16 - INFO: Fetched Earnings data (Net Income) for 4 years period (Ticker: PLTR).
2025-07-09 - 22:11:16 - INFO: ROE (ttm) (Yahoo Finance) (Ticker: BRK-B): 13.19 %
2025-07-09 - 22:11:16 - INFO: Calculating Earnings Variability (EVAR) using Net Income over 3 year period (Ticker: NFLX).
2025-07-09 - 22:11:16 - INFO: Fetched Earnings data (Net Income) for 4 years period (Ticker: V).
2025-07-09 - 22:11:16 - INFO: EVAR 4Y (EPS) (Ticker: AVGO): 69.44%
2025-07-09 - 22:11:16 - INFO: Calculating Earnings Variability (EVAR) using EPS over 3 year period (Ticker: PLTR).
2025-07-09 - 22:11:16 - INFO: EVAR 4Y (Net Income) (Ticker: NFLX): 36.72%
2025-07-09 - 22:11:16 - INFO: Calculating Earnings Variability (EVAR) using EPS over 3 year period (Ticker: V).
2025-07-09 - 22:11:16 - INFO: Calculating Earnings Variability (EVAR) using Net Income over 3 year period (Ticker: AVGO).
2025-07-09 - 22:11:16 - INFO: EVAR 4Y (EPS) (Ticker: PLTR): 61.77%
2025-07-09 - 22:11:16 - INFO: CAGR 4Y (EPS) (Ticker: NFLX): 20.64 %
2025-07-09 - 22:11:16 - INFO: EVAR 4Y (EPS) (Ticker: V): 3.85%
2025-07-09 - 22:11:16 - INFO: EVAR 4Y (Net Income) (Ticker: AVGO): 65.07%
2025-07-09 - 22:11:16 - INFO: Calculating Earnings Variability (EVAR) using Net Income over 3 year period (Ticker: PLTR).
2025-07-09 - 22:11:16 - INFO: CAGR 4Y (Net Income) (Ticker: NFLX): 19.41 %
2025-07-09 - 22:11:16 - INFO: Calculating Earnings Variability (EVAR) using Net Income over 3 year period (Ticker: V).
2025-07-09 - 22:11:16 - INFO: CAGR 4Y (EPS) (Ticker: AVGO): -6.75 %
2025-07-09 - 22:11:16 - INFO: EVAR 4Y (Net Income) (Ticker: PLTR): 66.01%
2025-07-09 - 22:11:16 - INFO: Dividend Yield (Ticker: NFLX): N/A
2025-07-09 - 22:11:16 - INFO: Fetched Earnings data (EPS) for 4 years period (Ticker: JPM).
2025-07-09 - 22:11:16 - INFO: EVAR 4Y (Net Income) (Ticker: V): 3.86%
2025-07-09 - 22:11:16 - INFO: CAGR 4Y (Net Income) (Ticker: AVGO): -4.35 %
2025-07-09 - 22:11:16 - INFO: CAGR 4Y (EPS) (Ticker: PLTR): 40.57 %
2025-07-09 - 22:11:16 - INFO: ROE (ttm) (Yahoo Finance) (Ticker: NFLX): 40.84 %
2025-07-09 - 22:11:16 - INFO: EPS (latest) (Ticker: JPM): 19.79
2025-07-09 - 22:11:16 - INFO: CAGR 4Y (EPS) (Ticker: V): 20.05 %
2025-07-09 - 22:11:16 - INFO: Dividend Yield (Ticker: AVGO): 0.86 %
2025-07-09 - 22:11:16 - INFO: CAGR 4Y (Net Income) (Ticker: PLTR): 42.41 %
2025-07-09 - 22:11:16 - INFO: Fetched Earnings data (Net Income) for 4 years period (Ticker: JPM).
2025-07-09 - 22:11:16 - INFO: CAGR 4Y (Net Income) (Ticker: V): 17.05 %
2025-07-09 - 22:11:16 - INFO: ROE (ttm) (Yahoo Finance) (Ticker: AVGO): 18.98 %
2025-07-09 - 22:11:16 - INFO: Dividend Yield (Ticker: PLTR): N/A
2025-07-09 - 22:11:16 - INFO: Calculating Earnings Variability (EVAR) using EPS over 3 year period (Ticker: JPM).
2025-07-09 - 22:11:16 - INFO: Dividend Yield (Ticker: V): 0.66 %
2025-07-09 - 22:11:16 - INFO: ROE (ttm) (Yahoo Finance) (Ticker: PLTR): 12.36 %
2025-07-09 - 22:11:16 - INFO: EVAR 4Y (EPS) (Ticker: JPM): 29.21%
2025-07-09 - 22:11:17 - INFO: ROE (ttm) (Yahoo Finance) (Ticker: V): 50.65 %
2025-07-09 - 22:11:17 - INFO: Calculating Earnings Variability (EVAR) using Net Income over 3 year period (Ticker: JPM).
2025-07-09 - 22:11:17 - INFO: EVAR 4Y (Net Income) (Ticker: JPM): 27.86%
2025-07-09 - 22:11:17 - INFO: CAGR 4Y (EPS) (Ticker: JPM): 8.74 %
2025-07-09 - 22:11:17 - INFO: CAGR 4Y (Net Income) (Ticker: JPM): 6.55 %
2025-07-09 - 22:11:17 - INFO: Dividend Yield (Ticker: JPM): 1.93 %
2025-07-09 - 22:11:17 - INFO: ROE (ttm) (Yahoo Finance) (Ticker: JPM): 17.35 %
2025-07-09 - 22:11:17 - INFO: Fetched Earnings data (EPS) for 4 years period (Ticker: WMT).
2025-07-09 - 22:11:17 - INFO: EPS (latest) (Ticker: WMT): 2.42
2025-07-09 - 22:11:17 - INFO: ROE - Calc (Ticker: BRK-B): 13.20 %
2025-07-09 - 22:11:17 - INFO: Fetched Earnings data (Net Income) for 4 years period (Ticker: WMT).
2025-07-09 - 22:11:17 - INFO: ROE - MSCI (Ticker: BRK-B): 7.06 %
2025-07-09 - 22:11:17 - INFO: Calculating Earnings Variability (EVAR) using EPS over 3 year period (Ticker: WMT).
2025-07-09 - 22:11:17 - INFO: ROA (ttm) (Yahoo Finance) (Ticker: BRK-B): 5.79 %
2025-07-09 - 22:11:17 - INFO: EVAR 4Y (EPS) (Ticker: WMT): 24.94%
2025-07-09 - 22:11:17 - INFO: ROA - Calc (Ticker: BRK-B): 7.71 %
2025-07-09 - 22:11:17 - INFO: Calculating Earnings Variability (EVAR) using Net Income over 3 year period (Ticker: WMT).
2025-07-09 - 22:11:17 - INFO: EVAR 4Y (Net Income) (Ticker: WMT): 25.47%
2025-07-09 - 22:11:17 - INFO: CAGR 4Y (EPS) (Ticker: WMT): 14.0 %
2025-07-09 - 22:11:17 - INFO: CAGR 4Y (Net Income) (Ticker: WMT): 12.44 %
2025-07-09 - 22:11:17 - INFO: Dividend Yield (Ticker: WMT): 0.96 %
2025-07-09 - 22:11:17 - INFO: ROE (ttm) (Yahoo Finance) (Ticker: WMT): 21.78 %
2025-07-09 - 22:11:17 - INFO: ROE - Calc (Ticker: AVGO): 18.51 %
2025-07-09 - 22:11:17 - INFO: ROE - MSCI (Ticker: AVGO): 18.52 %
2025-07-09 - 22:11:17 - INFO: ROA (ttm) (Yahoo Finance) (Ticker: AVGO): 8.01 %
2025-07-09 - 22:11:17 - INFO: ROA - Calc (Ticker: AVGO): 3.56 %
2025-07-09 - 22:11:17 - INFO: ROE - Calc (Ticker: NFLX): 40.84 %
2025-07-09 - 22:11:17 - INFO: ROE - Calc (Ticker: V): 50.66 %
2025-07-09 - 22:11:17 - INFO: ROE - MSCI (Ticker: NFLX): 38.33 %
2025-07-09 - 22:11:17 - INFO: ROE - MSCI (Ticker: V): 44.68 %
2025-07-09 - 22:11:17 - INFO: ROE - Calc (Ticker: PLTR): 12.41 %
2025-07-09 - 22:11:17 - INFO: ROA (ttm) (Yahoo Finance) (Ticker: NFLX): 13.79 %
2025-07-09 - 22:11:17 - INFO: ROA (ttm) (Yahoo Finance) (Ticker: V): 16.94 %
2025-07-09 - 22:11:17 - INFO: ROE - MSCI (Ticker: PLTR): 10.19 %
2025-07-09 - 22:11:17 - INFO: ROA - Calc (Ticker: NFLX): 16.24 %
2025-07-09 - 22:11:17 - INFO: ROA - Calc (Ticker: V): 20.89 %
2025-07-09 - 22:11:17 - INFO: ROA (ttm) (Yahoo Finance) (Ticker: PLTR): 4.39 %
2025-07-09 - 22:11:17 - INFO: CFOA (annual) (Ticker: BRK-B): 2.65 %
2025-07-09 - 22:11:17 - INFO: ROE - Calc (Ticker: JPM): 17.35 %
2025-07-09 - 22:11:17 - INFO: ROA - Calc (Ticker: PLTR): 7.29 %
2025-07-09 - 22:11:17 - INFO: ROE - MSCI (Ticker: JPM): 16.14 %
2025-07-09 - 22:11:17 - INFO: ROA (ttm) (Yahoo Finance) (Ticker: JPM): 1.41 %
2025-07-09 - 22:11:17 - INFO: ROA - Calc (Ticker: JPM): 1.46 %
2025-07-09 - 22:11:17 - INFO: ROE - Calc (Ticker: WMT): 22.80 %
2025-07-09 - 22:11:17 - INFO: ROE - MSCI (Ticker: WMT): 24.06 %
2025-07-09 - 22:11:17 - INFO: ROA (ttm) (Yahoo Finance) (Ticker: WMT): 7.15 %
2025-07-09 - 22:11:17 - INFO: ROA - Calc (Ticker: WMT): 7.45 %
2025-07-09 - 22:11:17 - INFO: CFOA (annual) (Ticker: AVGO): 12.05 %
2025-07-09 - 22:11:17 - INFO: CFOA (ttm) (Ticker: BRK-B): 2.7 %
2025-07-09 - 22:11:17 - INFO: CFOA (annual) (Ticker: NFLX): 13.73 %
2025-07-09 - 22:11:17 - INFO: CFOA (annual) (Ticker: JPM): -1.05 %
2025-07-09 - 22:11:17 - INFO: CFOA (annual) (Ticker: PLTR): 18.2 %
2025-07-09 - 22:11:17 - INFO: CFOA (annual) (Ticker: V): 21.11 %
2025-07-09 - 22:11:17 - INFO: CFOA (annual) (Ticker: WMT): 13.97 %
2025-07-09 - 22:11:17 - INFO: CFOA (ttm) (Ticker: AVGO): 14.01 %
2025-07-09 - 22:11:17 - INFO: GPOA (Ticker: AVGO): 19.63 %
2025-07-09 - 22:11:17 - INFO: GPMAR (Ticker: AVGO): 63.03 %
2025-07-09 - 22:11:17 - INFO: Profit Margin (Ticker: AVGO): 22.64 %
2025-07-09 - 22:11:17 - INFO: Sector: Technology
2025-07-09 - 22:11:17 - INFO: Industry: Semiconductors
2025-07-09 - 22:11:18 - INFO: CFOA (ttm) (Ticker: JPM): -3.34 %
2025-07-09 - 22:11:18 - INFO: CFOA (ttm) (Ticker: NFLX): 15.33 %
2025-07-09 - 22:11:18 - INFO: GPOA (Ticker: NFLX): 33.49 %
2025-07-09 - 22:11:18 - INFO: GPMAR (Ticker: NFLX): 46.06 %
2025-07-09 - 22:11:18 - INFO: Profit Margin (Ticker: NFLX): 23.07 %
2025-07-09 - 22:11:18 - INFO: Sector: Communication Services
2025-07-09 - 22:11:18 - INFO: Industry: Entertainment
2025-07-09 - 22:11:18 - INFO: CFOA (ttm) (Ticker: V): 23.65 %
2025-07-09 - 22:11:18 - INFO: GPOA (Ticker: V): 30.56 %
2025-07-09 - 22:11:18 - INFO: GPMAR (Ticker: V): 80.4 %
2025-07-09 - 22:11:18 - INFO: Profit Margin (Ticker: V): 52.86 %
2025-07-09 - 22:11:18 - INFO: Sector: Financial Services
2025-07-09 - 22:11:18 - INFO: Industry: Credit Services
2025-07-09 - 22:11:18 - INFO: CFOA (ttm) (Ticker: WMT): 14.45 %
2025-07-09 - 22:11:18 - INFO: GPOA (Ticker: WMT): 64.88 %
2025-07-09 - 22:11:18 - INFO: GPMAR (Ticker: WMT): 24.85 %
2025-07-09 - 22:11:18 - INFO: CFOA (ttm) (Ticker: PLTR): 22.21 %
2025-07-09 - 22:11:18 - INFO: Profit Margin (Ticker: WMT): 2.75 %
2025-07-09 - 22:11:18 - INFO: GPOA (Ticker: PLTR): 36.26 %
2025-07-09 - 22:11:18 - INFO: Sector: Consumer Defensive
2025-07-09 - 22:11:18 - INFO: GPMAR (Ticker: PLTR): 80.25 %
2025-07-09 - 22:11:18 - INFO: Industry: Discount Stores
2025-07-09 - 22:11:18 - INFO: Profit Margin (Ticker: PLTR): 18.32 %
2025-07-09 - 22:11:18 - INFO: Sector: Technology
2025-07-09 - 22:11:18 - INFO: Industry: Software - Infrastructure
2025-07-09 - 22:11:18 - INFO: ---------------------- PM ----------------------
2025-07-09 - 22:11:18 - INFO: P/E (Forward) (Ticker: PM): 24.7
2025-07-09 - 22:11:18 - INFO: P/E (Trailing) (Ticker: PM): 28.05
2025-07-09 - 22:11:18 - INFO: ---------------------- COST ----------------------
2025-07-09 - 22:11:18 - INFO: P/E (Forward) (Ticker: COST): 49.9
2025-07-09 - 22:11:18 - INFO: P/E (Trailing) (Ticker: COST): 55.64
2025-07-09 - 22:11:18 - INFO: ---------------------- SAP ----------------------
2025-07-09 - 22:11:18 - INFO: P/E (Forward) (Ticker: SAP): 46.22
2025-07-09 - 22:11:18 - INFO: P/E (Trailing) (Ticker: SAP): 54.35
2025-07-09 - 22:11:19 - INFO: ---------------------- LLY ----------------------
2025-07-09 - 22:11:19 - INFO: P/E (Forward) (Ticker: LLY): 34.71
2025-07-09 - 22:11:19 - INFO: P/E (Trailing) (Ticker: LLY): 64.0
2025-07-09 - 22:11:19 - INFO: GPOA (Ticker: BRK-B): 13.27 %
2025-07-09 - 22:11:19 - INFO: GPMAR (Ticker: BRK-B): 40.63 %
2025-07-09 - 22:11:19 - ERROR: Error calculating GPOA and GPMAR TTM (Ticker: BRK-B): Cannot calculate GPOA (Ticker: BRK-B): 'Gross Profit' data is missing in the Income Statement.
2025-07-09 - 22:11:19 - INFO: Profit Margin (Ticker: BRK-B): 21.79 %
2025-07-09 - 22:11:19 - INFO: Sector: Financial Services
2025-07-09 - 22:11:19 - INFO: Industry: Insurance - Diversified
2025-07-09 - 22:11:19 - INFO: EBIT/TEV (Ticker: PM): 4.32 %
2025-07-09 - 22:11:19 - INFO: P/B (Ticker: PM): -25.39
2025-07-09 - 22:11:19 - INFO: ---------------------- IBM ----------------------
2025-07-09 - 22:11:19 - INFO: P/E (Forward) (Ticker: IBM): 27.32
2025-07-09 - 22:11:19 - INFO: P/E (Trailing) (Ticker: IBM): 49.64
2025-07-09 - 22:11:19 - INFO: EBIT/TEV (Ticker: COST): 2.35 %
2025-07-09 - 22:11:19 - INFO: P/B (Ticker: COST): 16.06
2025-07-09 - 22:11:19 - INFO: Fetched Earnings data (EPS) for 4 years period (Ticker: PM).
2025-07-09 - 22:11:19 - INFO: EPS (latest) (Ticker: PM): 4.53
2025-07-09 - 22:11:19 - INFO: Fetched Earnings data (Net Income) for 4 years period (Ticker: PM).
2025-07-09 - 22:11:19 - INFO: Calculating Earnings Variability (EVAR) using EPS over 3 year period (Ticker: PM).
2025-07-09 - 22:11:19 - INFO: EVAR 4Y (EPS) (Ticker: PM): 6.98%
2025-07-09 - 22:11:19 - INFO: Calculating Earnings Variability (EVAR) using Net Income over 3 year period (Ticker: PM).
2025-07-09 - 22:11:19 - INFO: EVAR 4Y (Net Income) (Ticker: PM): 6.65%
2025-07-09 - 22:11:19 - INFO: CAGR 4Y (EPS) (Ticker: PM): -8.07 %
2025-07-09 - 22:11:19 - INFO: CAGR 4Y (Net Income) (Ticker: PM): -8.16 %
2025-07-09 - 22:11:19 - INFO: Dividend Yield (Ticker: PM): 2.96 %
2025-07-09 - 22:11:19 - INFO: ROE (ttm) (Yahoo Finance) (Ticker: PM): N/A
2025-07-09 - 22:11:19 - INFO: GPOA (Ticker: JPM): 3.97 %
2025-07-09 - 22:11:19 - INFO: GPMAR (Ticker: JPM): 58.64 %
2025-07-09 - 22:11:19 - ERROR: Error calculating GPOA and GPMAR TTM (Ticker: JPM): Cannot calculate GPOA (Ticker: JPM): 'Gross Profit' data is missing in the Income Statement.
2025-07-09 - 22:11:19 - INFO: Profit Margin (Ticker: JPM): 35.38 %
2025-07-09 - 22:11:19 - INFO: Sector: Financial Services
2025-07-09 - 22:11:19 - INFO: Industry: Banks - Diversified
2025-07-09 - 22:11:19 - INFO: EBIT/TEV (Ticker: LLY): 2.72 %
2025-07-09 - 22:11:19 - INFO: P/B (Ticker: LLY): 47.28
2025-07-09 - 22:11:19 - INFO: Fetched Earnings data (EPS) for 4 years period (Ticker: COST).
2025-07-09 - 22:11:19 - INFO: EPS (latest) (Ticker: COST): 16.59
2025-07-09 - 22:11:19 - INFO: EBIT/TEV (Ticker: SAP): 2.41 %
2025-07-09 - 22:11:19 - INFO: Fetched Earnings data (Net Income) for 4 years period (Ticker: COST).
2025-07-09 - 22:11:19 - INFO: P/B (Ticker: SAP): 7.96
2025-07-09 - 22:11:19 - INFO: Calculating Earnings Variability (EVAR) using EPS over 3 year period (Ticker: COST).
2025-07-09 - 22:11:19 - INFO: EVAR 4Y (EPS) (Ticker: COST): 5.26%
2025-07-09 - 22:11:19 - INFO: Calculating Earnings Variability (EVAR) using Net Income over 3 year period (Ticker: COST).
2025-07-09 - 22:11:19 - INFO: EVAR 4Y (Net Income) (Ticker: COST): 5.33%
2025-07-09 - 22:11:19 - INFO: CAGR 4Y (EPS) (Ticker: COST): 13.66 %
2025-07-09 - 22:11:19 - INFO: CAGR 4Y (Net Income) (Ticker: COST): 13.74 %
2025-07-09 - 22:11:19 - INFO: Dividend Yield (Ticker: COST): 0.53 %
2025-07-09 - 22:11:19 - INFO: ROE (ttm) (Yahoo Finance) (Ticker: COST): 32.08 %
2025-07-09 - 22:11:19 - INFO: EBIT/TEV (Ticker: IBM): 3.22 %
2025-07-09 - 22:11:19 - INFO: P/B (Ticker: IBM): 10.02
2025-07-09 - 22:11:19 - INFO: Fetched Earnings data (EPS) for 4 years period (Ticker: LLY).
2025-07-09 - 22:11:19 - INFO: EPS (latest) (Ticker: LLY): 11.76
2025-07-09 - 22:11:19 - INFO: Fetched Earnings data (Net Income) for 4 years period (Ticker: LLY).
2025-07-09 - 22:11:19 - INFO: Calculating Earnings Variability (EVAR) using EPS over 3 year period (Ticker: LLY).
2025-07-09 - 22:11:19 - INFO: EVAR 4Y (EPS) (Ticker: LLY): 59.7%
2025-07-09 - 22:11:19 - INFO: Calculating Earnings Variability (EVAR) using Net Income over 3 year period (Ticker: LLY).
2025-07-09 - 22:11:19 - INFO: EVAR 4Y (Net Income) (Ticker: LLY): 61.76%
2025-07-09 - 22:11:19 - INFO: CAGR 4Y (EPS) (Ticker: LLY): 26.19 %
2025-07-09 - 22:11:19 - INFO: CAGR 4Y (Net Income) (Ticker: LLY): 23.8 %
2025-07-09 - 22:11:19 - INFO: Dividend Yield (Ticker: LLY): 0.77 %
2025-07-09 - 22:11:19 - INFO: ROE (ttm) (Yahoo Finance) (Ticker: LLY): 77.28 %
2025-07-09 - 22:11:19 - INFO: ROE - Calc (Ticker: PM): N/A
2025-07-09 - 22:11:19 - INFO: ROE - MSCI (Ticker: PM): -58.75 %
2025-07-09 - 22:11:19 - INFO: ROA (ttm) (Yahoo Finance) (Ticker: PM): 13.75 %
2025-07-09 - 22:11:19 - INFO: ROA - Calc (Ticker: PM): 11.42 %
2025-07-09 - 22:11:19 - INFO: ROE - Calc (Ticker: COST): 32.08 %
2025-07-09 - 22:11:19 - INFO: ROE - MSCI (Ticker: COST): 28.89 %
2025-07-09 - 22:11:19 - INFO: ROA (ttm) (Yahoo Finance) (Ticker: COST): 8.79 %
2025-07-09 - 22:11:19 - INFO: ROA - Calc (Ticker: COST): 10.55 %
2025-07-09 - 22:11:19 - INFO: Fetched Earnings data (EPS) for 4 years period (Ticker: SAP).
2025-07-09 - 22:11:19 - INFO: EPS (latest) (Ticker: SAP): 2.68
2025-07-09 - 22:11:19 - INFO: Fetched Earnings data (Net Income) for 4 years period (Ticker: SAP).
2025-07-09 - 22:11:19 - INFO: Calculating Earnings Variability (EVAR) using EPS over 3 year period (Ticker: SAP).
2025-07-09 - 22:11:19 - INFO: EVAR 4Y (EPS) (Ticker: SAP): 126.93%
2025-07-09 - 22:11:19 - INFO: Calculating Earnings Variability (EVAR) using Net Income over 3 year period (Ticker: SAP).
2025-07-09 - 22:11:19 - INFO: EVAR 4Y (Net Income) (Ticker: SAP): 128.0%
2025-07-09 - 22:11:19 - INFO: Fetched Earnings data (EPS) for 4 years period (Ticker: IBM).
2025-07-09 - 22:11:19 - INFO: CAGR 4Y (EPS) (Ticker: SAP): -16.24 %
2025-07-09 - 22:11:19 - INFO: EPS (latest) (Ticker: IBM): 8.23
2025-07-09 - 22:11:19 - INFO: CAGR 4Y (Net Income) (Ticker: SAP): -15.92 %
2025-07-09 - 22:11:19 - INFO: Fetched Earnings data (Net Income) for 4 years period (Ticker: IBM).
2025-07-09 - 22:11:19 - INFO: Dividend Yield (Ticker: SAP): 0.84 %
2025-07-09 - 22:11:19 - INFO: Calculating Earnings Variability (EVAR) using EPS over 3 year period (Ticker: IBM).
2025-07-09 - 22:11:19 - INFO: ROE (ttm) (Yahoo Finance) (Ticker: SAP): 12.9 %
2025-07-09 - 22:11:19 - INFO: EVAR 4Y (EPS) (Ticker: IBM): 226.43%
2025-07-09 - 22:11:20 - INFO: Calculating Earnings Variability (EVAR) using Net Income over 3 year period (Ticker: IBM).
2025-07-09 - 22:11:20 - INFO: EVAR 4Y (Net Income) (Ticker: IBM): 234.11%
2025-07-09 - 22:11:20 - INFO: CAGR 4Y (EPS) (Ticker: IBM): 9.43 %
2025-07-09 - 22:11:20 - INFO: CAGR 4Y (Net Income) (Ticker: IBM): 1.61 %
2025-07-09 - 22:11:20 - INFO: Dividend Yield (Ticker: IBM): 2.28 %
2025-07-09 - 22:11:20 - INFO: ROE (ttm) (Yahoo Finance) (Ticker: IBM): 21.85 %
2025-07-09 - 22:11:20 - INFO: ROE - Calc (Ticker: LLY): 77.73 %
2025-07-09 - 22:11:20 - INFO: ---------------------- T ----------------------
2025-07-09 - 22:11:20 - INFO: ROE - MSCI (Ticker: LLY): 70.73 %
2025-07-09 - 22:11:20 - INFO: P/E (Forward) (Ticker: T): 12.55
2025-07-09 - 22:11:20 - INFO: CFOA (annual) (Ticker: PM): 19.77 %
2025-07-09 - 22:11:20 - INFO: ROA (ttm) (Yahoo Finance) (Ticker: LLY): 16.45 %
2025-07-09 - 22:11:20 - INFO: P/E (Trailing) (Ticker: T): 17.24
2025-07-09 - 22:11:20 - INFO: ROA - Calc (Ticker: LLY): 13.45 %
2025-07-09 - 22:11:20 - INFO: CFOA (annual) (Ticker: COST): 16.24 %
2025-07-09 - 22:11:20 - INFO: ROE - Calc (Ticker: IBM): 21.83 %
2025-07-09 - 22:11:20 - INFO: ROE - MSCI (Ticker: IBM): 20.52 %
2025-07-09 - 22:11:20 - INFO: ROA (ttm) (Yahoo Finance) (Ticker: IBM): 4.47 %
2025-07-09 - 22:11:20 - INFO: ROA - Calc (Ticker: IBM): 4.39 %
2025-07-09 - 22:11:20 - INFO: ROE - Calc (Ticker: SAP): 12.91 %
2025-07-09 - 22:11:20 - INFO: ROE - MSCI (Ticker: SAP): 12.61 %
2025-07-09 - 22:11:20 - INFO: ROA (ttm) (Yahoo Finance) (Ticker: SAP): 7.63 %
2025-07-09 - 22:11:20 - INFO: ROA - Calc (Ticker: SAP): 4.21 %
2025-07-09 - 22:11:20 - INFO: CFOA (ttm) (Ticker: PM): 17.92 %
2025-07-09 - 22:11:20 - INFO: GPOA (Ticker: PM): 39.73 %
2025-07-09 - 22:11:20 - INFO: GPMAR (Ticker: PM): 64.81 %
2025-07-09 - 22:11:20 - INFO: Profit Margin (Ticker: PM): 19.8 %
2025-07-09 - 22:11:20 - INFO: Sector: Consumer Defensive
2025-07-09 - 22:11:20 - INFO: Industry: Tobacco
2025-07-09 - 22:11:20 - INFO: CFOA (ttm) (Ticker: COST): 17.03 %
2025-07-09 - 22:11:20 - INFO: GPOA (Ticker: COST): 45.96 %
2025-07-09 - 22:11:20 - INFO: GPMAR (Ticker: COST): 12.61 %
2025-07-09 - 22:11:20 - INFO: Profit Margin (Ticker: COST): 2.92 %
2025-07-09 - 22:11:20 - INFO: Sector: Consumer Defensive
2025-07-09 - 22:11:20 - INFO: CFOA (annual) (Ticker: LLY): 11.2 %
2025-07-09 - 22:11:20 - INFO: Industry: Discount Stores
2025-07-09 - 22:11:20 - INFO: ---------------------- GEV ----------------------
2025-07-09 - 22:11:20 - INFO: P/E (Forward) (Ticker: GEV): 77.59
2025-07-09 - 22:11:20 - INFO: P/E (Trailing) (Ticker: GEV): 77.15
2025-07-09 - 22:11:20 - INFO: CFOA (annual) (Ticker: IBM): 9.8 %
2025-07-09 - 22:11:20 - INFO: CFOA (annual) (Ticker: SAP): 7.04 %
2025-07-09 - 22:11:20 - INFO: CFOA (ttm) (Ticker: LLY): 11.81 %
2025-07-09 - 22:11:20 - INFO: GPOA (Ticker: LLY): 46.53 %
2025-07-09 - 22:11:20 - INFO: GPMAR (Ticker: LLY): 81.31 %
2025-07-09 - 22:11:20 - INFO: Profit Margin (Ticker: LLY): 22.67 %
2025-07-09 - 22:11:20 - INFO: Sector: Healthcare
2025-07-09 - 22:11:20 - INFO: Industry: Drug Manufacturers - General
2025-07-09 - 22:11:20 - INFO: EBIT/TEV (Ticker: T): 7.19 %
2025-07-09 - 22:11:20 - INFO: P/B (Ticker: T): 1.95
2025-07-09 - 22:11:20 - INFO: CFOA (ttm) (Ticker: IBM): 9.91 %
2025-07-09 - 22:11:20 - INFO: GPOA (Ticker: IBM): 25.92 %
2025-07-09 - 22:11:20 - INFO: GPMAR (Ticker: IBM): 56.65 %
2025-07-09 - 22:11:20 - INFO: Profit Margin (Ticker: IBM): 8.71 %
2025-07-09 - 22:11:20 - INFO: Sector: Technology
2025-07-09 - 22:11:20 - INFO: Industry: Information Technology Services
2025-07-09 - 22:11:21 - INFO: CFOA (ttm) (Ticker: SAP): 8.45 %
2025-07-09 - 22:11:21 - INFO: GPOA (Ticker: SAP): 33.64 %
2025-07-09 - 22:11:21 - INFO: GPMAR (Ticker: SAP): 72.95 %
2025-07-09 - 22:11:21 - INFO: Profit Margin (Ticker: SAP): 16.31 %
2025-07-09 - 22:11:21 - INFO: Sector: Technology
2025-07-09 - 22:11:21 - INFO: Industry: Software - Application
2025-07-09 - 22:11:21 - INFO: EBIT/TEV (Ticker: GEV): 0.58 %
2025-07-09 - 22:11:21 - INFO: P/B (Ticker: GEV): 16.98
2025-07-09 - 22:11:21 - INFO: Fetched Earnings data (EPS) for 4 years period (Ticker: T).
2025-07-09 - 22:11:21 - INFO: EPS (latest) (Ticker: T): 1.49
2025-07-09 - 22:11:21 - INFO: Fetched Earnings data (Net Income) for 4 years period (Ticker: T).
2025-07-09 - 22:11:21 - INFO: Calculating Earnings Variability (EVAR) using EPS over 3 year period (Ticker: T).
2025-07-09 - 22:11:21 - INFO: EVAR 4Y (EPS) (Ticker: T): 214.13%
2025-07-09 - 22:11:21 - INFO: Calculating Earnings Variability (EVAR) using Net Income over 3 year period (Ticker: T).
2025-07-09 - 22:11:21 - INFO: EVAR 4Y (Net Income) (Ticker: T): 211.77%
2025-07-09 - 22:11:21 - INFO: CAGR 4Y (EPS) (Ticker: T): -18.67 %
2025-07-09 - 22:11:21 - INFO: CAGR 4Y (Net Income) (Ticker: T): -18.31 %
2025-07-09 - 22:11:21 - INFO: Dividend Yield (Ticker: T): 3.84 %
2025-07-09 - 22:11:21 - INFO: ROE (ttm) (Yahoo Finance) (Ticker: T): 10.88 %
2025-07-09 - 22:11:21 - INFO: ---------------------- CBA.AX ----------------------
2025-07-09 - 22:11:21 - INFO: P/E (Forward) (Ticker: CBA.AX): 29.72
2025-07-09 - 22:11:21 - INFO: P/E (Trailing) (Ticker: CBA.AX): 30.69
2025-07-09 - 22:11:21 - INFO: Fetched Earnings data (EPS) for 4 years period (Ticker: GEV).
2025-07-09 - 22:11:21 - INFO: EPS (latest) (Ticker: GEV): 5.65
2025-07-09 - 22:11:21 - INFO: Fetched Earnings data (Net Income) for 4 years period (Ticker: GEV).
2025-07-09 - 22:11:21 - INFO: Calculating Earnings Variability (EVAR) using EPS over 3 year period (Ticker: GEV).
2025-07-09 - 22:11:21 - INFO: EVAR 4Y (EPS) (Ticker: GEV): 393.13%
2025-07-09 - 22:11:21 - INFO: Calculating Earnings Variability (EVAR) using Net Income over 3 year period (Ticker: GEV).
2025-07-09 - 22:11:21 - INFO: EVAR 4Y (Net Income) (Ticker: GEV): 393.51%
2025-07-09 - 22:11:21 - INFO: CAGR 4Y (EPS) (Ticker: GEV): 64.22 %
2025-07-09 - 22:11:21 - INFO: CAGR 4Y (Net Income) (Ticker: GEV): 64.5 %
2025-07-09 - 22:11:21 - INFO: Dividend Yield (Ticker: GEV): 0.19 %
2025-07-09 - 22:11:21 - INFO: ROE (ttm) (Yahoo Finance) (Ticker: GEV): 19.64 %
2025-07-09 - 22:11:21 - INFO: ROE - Calc (Ticker: T): 11.38 %
2025-07-09 - 22:11:21 - INFO: ROE - MSCI (Ticker: T): 13.7 %
2025-07-09 - 22:11:21 - INFO: ROA (ttm) (Yahoo Finance) (Ticker: T): 4.17 %
2025-07-09 - 22:11:21 - INFO: ROA - Calc (Ticker: T): 2.77 %
2025-07-09 - 22:11:21 - INFO: ---------------------- ALV ----------------------
2025-07-09 - 22:11:21 - INFO: P/E (Forward) (Ticker: ALV): 11.51
2025-07-09 - 22:11:21 - INFO: P/E (Trailing) (Ticker: ALV): 13.53
2025-07-09 - 22:11:21 - INFO: ROE - Calc (Ticker: GEV): 22.02 %
2025-07-09 - 22:11:21 - INFO: ROE - MSCI (Ticker: GEV): 25.48 %
2025-07-09 - 22:11:21 - INFO: ROA (ttm) (Yahoo Finance) (Ticker: GEV): 1.75 %
2025-07-09 - 22:11:21 - INFO: ROA - Calc (Ticker: GEV): 3.01 %
2025-07-09 - 22:11:21 - INFO: ---------------------- SPOT ----------------------
2025-07-09 - 22:11:21 - INFO: P/E (Forward) (Ticker: SPOT): 81.09
2025-07-09 - 22:11:21 - INFO: ---------------------- GE ----------------------
2025-07-09 - 22:11:21 - INFO: P/E (Trailing) (Ticker: SPOT): 110.14
2025-07-09 - 22:11:21 - INFO: P/E (Forward) (Ticker: GE): 47.74
2025-07-09 - 22:11:21 - INFO: CFOA (annual) (Ticker: T): 9.82 %
2025-07-09 - 22:11:21 - INFO: P/E (Trailing) (Ticker: GE): 39.4
2025-07-09 - 22:11:21 - INFO: ---------------------- 6758.T ----------------------
2025-07-09 - 22:11:21 - INFO: P/E (Forward) (Ticker: 6758.T): 20.04
2025-07-09 - 22:11:21 - INFO: P/E (Trailing) (Ticker: 6758.T): 19.53
2025-07-09 - 22:11:21 - INFO: CFOA (annual) (Ticker: GEV): 5.02 %
2025-07-09 - 22:11:22 - INFO: EBIT/TEV (Ticker: ALV): 9.44 %
2025-07-09 - 22:11:22 - INFO: P/B (Ticker: ALV): 3.85
2025-07-09 - 22:11:22 - INFO: CFOA (ttm) (Ticker: T): 10.17 %
2025-07-09 - 22:11:22 - INFO: GPOA (Ticker: T): 18.52 %
2025-07-09 - 22:11:22 - INFO: GPMAR (Ticker: T): 59.77 %
2025-07-09 - 22:11:22 - INFO: Profit Margin (Ticker: T): 9.64 %
2025-07-09 - 22:11:22 - INFO: Sector: Communication Services
2025-07-09 - 22:11:22 - INFO: CFOA (ttm) (Ticker: GEV): 8.3 %
2025-07-09 - 22:11:22 - INFO: Industry: Telecom Services
2025-07-09 - 22:11:22 - INFO: GPOA (Ticker: GEV): 11.82 %
2025-07-09 - 22:11:22 - INFO: GPMAR (Ticker: GEV): 17.42 %
2025-07-09 - 22:11:22 - INFO: Profit Margin (Ticker: GEV): 5.42 %
2025-07-09 - 22:11:22 - INFO: Sector: Industrials
2025-07-09 - 22:11:22 - INFO: Industry: Specialty Industrial Machinery
2025-07-09 - 22:11:22 - INFO: EBIT/TEV (Ticker: GE): 2.74 %
2025-07-09 - 22:11:22 - INFO: P/B (Ticker: GE): 13.86
2025-07-09 - 22:11:22 - INFO: Fetched Earnings data (EPS) for 4 years period (Ticker: ALV).
2025-07-09 - 22:11:22 - INFO: EPS (latest) (Ticker: ALV): 5.72
2025-07-09 - 22:11:22 - INFO: Fetched Earnings data (Net Income) for 4 years period (Ticker: ALV).
2025-07-09 - 22:11:22 - INFO: Calculating Earnings Variability (EVAR) using EPS over 3 year period (Ticker: ALV).
2025-07-09 - 22:11:22 - INFO: EVAR 4Y (EPS) (Ticker: ALV): 72.59%
2025-07-09 - 22:11:22 - INFO: Calculating Earnings Variability (EVAR) using Net Income over 3 year period (Ticker: ALV).
2025-07-09 - 22:11:22 - INFO: EBIT/TEV (Ticker: SPOT): 1.2 %
2025-07-09 - 22:11:22 - INFO: EVAR 4Y (Net Income) (Ticker: ALV): 17.57%
2025-07-09 - 22:11:22 - INFO: P/B (Ticker: SPOT): 23.72
2025-07-09 - 22:11:22 - INFO: CAGR 4Y (EPS) (Ticker: ALV): 38.78 %
2025-07-09 - 22:11:22 - INFO: CAGR 4Y (Net Income) (Ticker: ALV): 14.09 %
2025-07-09 - 22:11:22 - INFO: Dividend Yield (Ticker: ALV): 3.04 %
2025-07-09 - 22:11:22 - INFO: ROE (ttm) (Yahoo Finance) (Ticker: ALV): 28.66 %
2025-07-09 - 22:11:22 - INFO: EBIT/TEV (Ticker: CBA.AX): 3.92 %
2025-07-09 - 22:11:22 - INFO: P/B (Ticker: CBA.AX): 3.97
2025-07-09 - 22:11:22 - INFO: Fetched Earnings data (EPS) for 4 years period (Ticker: CBA.AX).
2025-07-09 - 22:11:22 - INFO: EPS (latest) (Ticker: CBA.AX): 5.61
2025-07-09 - 22:11:22 - INFO: Fetched Earnings data (Net Income) for 4 years period (Ticker: CBA.AX).
2025-07-09 - 22:11:22 - INFO: Calculating Earnings Variability (EVAR) using EPS over 3 year period (Ticker: CBA.AX).
2025-07-09 - 22:11:22 - INFO: EVAR 4Y (EPS) (Ticker: CBA.AX): 7.44%
2025-07-09 - 22:11:22 - INFO: Calculating Earnings Variability (EVAR) using Net Income over 3 year period (Ticker: CBA.AX).
2025-07-09 - 22:11:22 - INFO: EVAR 4Y (Net Income) (Ticker: CBA.AX): 6.5%
2025-07-09 - 22:11:22 - INFO: CAGR 4Y (EPS) (Ticker: CBA.AX): -0.78 %
2025-07-09 - 22:11:22 - INFO: CAGR 4Y (Net Income) (Ticker: CBA.AX): -2.65 %
2025-07-09 - 22:11:22 - INFO: Dividend Yield (Ticker: CBA.AX): 2.46 %
2025-07-09 - 22:11:22 - INFO: ROE (ttm) (Yahoo Finance) (Ticker: CBA.AX): 13.21 %
2025-07-09 - 22:11:22 - ERROR: Error calculating ROE (ttm) (Ticker: CBA.AX): Cannot calculate ROE (Ticker: CBA.AX): An error occurred: Cannot calculate Net Income TTM! Net Income data is missing in the Quarterly Income Statement (Ticker: CBA.AX).
2025-07-09 - 22:11:22 - ERROR: Unhandled error analyzing stock (Ticker: CBA.AX)
2025-07-09 - 22:11:22 - ERROR: Cannot calculate Trailing EPS! EPS data is missing (Ticker: CBA.AX).
Traceback (most recent call last):
  File "StockFactorScreener.py", line 605, in analyze_stock
  File "ProfitabilityCalculator.py", line 304, in calc_roe_msci
  File "EarningsEngine.py", line 343, in calc_eps_ttm
EarningsEngine.EPSCalcError: Cannot calculate Trailing EPS! EPS data is missing (Ticker: CBA.AX).
2025-07-09 - 22:11:22 - INFO: EBIT/TEV (Ticker: 6758.T): 6.2 %
2025-07-09 - 22:11:22 - INFO: P/B (Ticker: 6758.T): 2.7
2025-07-09 - 22:11:22 - INFO: Fetched Earnings data (EPS) for 4 years period (Ticker: GE).
2025-07-09 - 22:11:22 - INFO: EPS (latest) (Ticker: GE): 6.04
2025-07-09 - 22:11:22 - INFO: Fetched Earnings data (Net Income) for 4 years period (Ticker: GE).
2025-07-09 - 22:11:22 - INFO: Calculating Earnings Variability (EVAR) using EPS over 3 year period (Ticker: GE).
2025-07-09 - 22:11:22 - INFO: EVAR 4Y (EPS) (Ticker: GE): 9667.26%
2025-07-09 - 22:11:22 - INFO: Calculating Earnings Variability (EVAR) using Net Income over 3 year period (Ticker: GE).
2025-07-09 - 22:11:22 - INFO: EVAR 4Y (Net Income) (Ticker: GE): 1551.57%
2025-07-09 - 22:11:22 - INFO: CAGR 4Y (EPS) (Ticker: GE): 43.91 %
2025-07-09 - 22:11:22 - INFO: CAGR 4Y (Net Income) (Ticker: GE): 44.78 %
2025-07-09 - 22:11:22 - INFO: Dividend Yield (Ticker: GE): 0.56 %
2025-07-09 - 22:11:22 - INFO: ROE (ttm) (Yahoo Finance) (Ticker: GE): 27.2 %
2025-07-09 - 22:11:22 - INFO: ROE - Calc (Ticker: ALV): 28.71 %
2025-07-09 - 22:11:23 - INFO: ROE - MSCI (Ticker: ALV): 28.75 %
2025-07-09 - 22:11:23 - INFO: Fetched Earnings data (EPS) for 4 years period (Ticker: SPOT).
2025-07-09 - 22:11:23 - INFO: ROA (ttm) (Yahoo Finance) (Ticker: ALV): 7.91 %
2025-07-09 - 22:11:23 - INFO: EPS (latest) (Ticker: SPOT): 5.67
2025-07-09 - 22:11:23 - INFO: ROA - Calc (Ticker: ALV): 8.28 %
2025-07-09 - 22:11:23 - INFO: Fetched Earnings data (Net Income) for 4 years period (Ticker: SPOT).
2025-07-09 - 22:11:23 - INFO: Calculating Earnings Variability (EVAR) using EPS over 3 year period (Ticker: SPOT).
2025-07-09 - 22:11:23 - INFO: EVAR 4Y (EPS) (Ticker: SPOT): 758.08%
2025-07-09 - 22:11:23 - INFO: Calculating Earnings Variability (EVAR) using Net Income over 3 year period (Ticker: SPOT).
2025-07-09 - 22:11:23 - INFO: EVAR 4Y (Net Income) (Ticker: SPOT): 774.83%
2025-07-09 - 22:11:23 - INFO: CAGR 4Y (EPS) (Ticker: SPOT): 222.37 %
2025-07-09 - 22:11:23 - INFO: CAGR 4Y (Net Income) (Ticker: SPOT): 228.57 %
2025-07-09 - 22:11:23 - INFO: Dividend Yield (Ticker: SPOT): N/A
2025-07-09 - 22:11:23 - INFO: ROE (ttm) (Yahoo Finance) (Ticker: SPOT): 24.4 %
2025-07-09 - 22:11:23 - INFO: ROE - Calc (Ticker: GE): 28.49 %
2025-07-09 - 22:11:23 - INFO: ROE - MSCI (Ticker: GE): 36.3 %
2025-07-09 - 22:11:23 - INFO: ROA (ttm) (Yahoo Finance) (Ticker: GE): 3.72 %
2025-07-09 - 22:11:23 - INFO: ROA - Calc (Ticker: GE): 5.32 %
2025-07-09 - 22:11:23 - INFO: Fetched Earnings data (EPS) for 4 years period (Ticker: 6758.T).
2025-07-09 - 22:11:23 - INFO: EPS (latest) (Ticker: 6758.T): 188.71
2025-07-09 - 22:11:23 - INFO: CFOA (annual) (Ticker: ALV): 13.57 %
2025-07-09 - 22:11:23 - INFO: Fetched Earnings data (Net Income) for 4 years period (Ticker: 6758.T).
2025-07-09 - 22:11:23 - INFO: Calculating Earnings Variability (EVAR) using EPS over 3 year period (Ticker: 6758.T).
2025-07-09 - 22:11:23 - INFO: EVAR 4Y (EPS) (Ticker: 6758.T): 11.91%
2025-07-09 - 22:11:23 - INFO: Calculating Earnings Variability (EVAR) using Net Income over 3 year period (Ticker: 6758.T).
2025-07-09 - 22:11:23 - INFO: ROE - Calc (Ticker: SPOT): 24.40 %
2025-07-09 - 22:11:23 - INFO: EVAR 4Y (Net Income) (Ticker: 6758.T): 11.26%
2025-07-09 - 22:11:23 - INFO: ROE - MSCI (Ticker: SPOT): 18.94 %
2025-07-09 - 22:11:23 - INFO: CAGR 4Y (EPS) (Ticker: 6758.T): 9.85 %
2025-07-09 - 22:11:23 - INFO: ROA (ttm) (Yahoo Finance) (Ticker: SPOT): 10.05 %
2025-07-09 - 22:11:23 - INFO: CAGR 4Y (Net Income) (Ticker: 6758.T): 8.97 %
2025-07-09 - 22:11:23 - INFO: ROA - Calc (Ticker: SPOT): 9.48 %
2025-07-09 - 22:11:23 - INFO: Dividend Yield (Ticker: 6758.T): 0.67 %
2025-07-09 - 22:11:23 - INFO: ROE (ttm) (Yahoo Finance) (Ticker: 6758.T): 14.18 %
2025-07-09 - 22:11:23 - INFO: ---------------------- RHM.DE ----------------------
2025-07-09 - 22:11:23 - INFO: P/E (Forward) (Ticker: RHM.DE): 62.18
2025-07-09 - 22:11:23 - INFO: P/E (Trailing) (Ticker: RHM.DE): 99.65
2025-07-09 - 22:11:23 - INFO: CFOA (annual) (Ticker: GE): 3.82 %
2025-07-09 - 22:11:23 - INFO: ---------------------- BSX ----------------------
2025-07-09 - 22:11:23 - INFO: P/E (Forward) (Ticker: BSX): 36.9
2025-07-09 - 22:11:23 - INFO: P/E (Trailing) (Ticker: BSX): 75.14
2025-07-09 - 22:11:23 - INFO: CFOA (ttm) (Ticker: ALV): 12.58 %
2025-07-09 - 22:11:23 - INFO: GPOA (Ticker: ALV): 24.69 %
2025-07-09 - 22:11:23 - INFO: GPMAR (Ticker: ALV): 18.55 %
2025-07-09 - 22:11:23 - INFO: Profit Margin (Ticker: ALV): 6.64 %
2025-07-09 - 22:11:23 - INFO: Sector: Consumer Cyclical
2025-07-09 - 22:11:23 - INFO: Industry: Auto Parts
2025-07-09 - 22:11:23 - INFO: CFOA (annual) (Ticker: SPOT): 19.17 %
2025-07-09 - 22:11:23 - INFO: ---------------------- 7974.T ----------------------
2025-07-09 - 22:11:23 - INFO: P/E (Forward) (Ticker: 7974.T): 38.15
2025-07-09 - 22:11:23 - INFO: P/E (Trailing) (Ticker: 7974.T): 54.35
2025-07-09 - 22:11:23 - INFO: ROE - Calc (Ticker: 6758.T): 14.48 %
2025-07-09 - 22:11:23 - INFO: ROE - MSCI (Ticker: 6758.T): 14.29 %
2025-07-09 - 22:11:23 - INFO: ROA (ttm) (Yahoo Finance) (Ticker: 6758.T): 2.57 %
2025-07-09 - 22:11:23 - INFO: ROA - Calc (Ticker: 6758.T): 3.23 %
2025-07-09 - 22:11:23 - INFO: CFOA (ttm) (Ticker: GE): 4.2 %
2025-07-09 - 22:11:23 - INFO: GPOA (Ticker: GE): 11.69 %
2025-07-09 - 22:11:23 - INFO: GPMAR (Ticker: GE): 37.19 %
2025-07-09 - 22:11:23 - INFO: CFOA (ttm) (Ticker: SPOT): 23.17 %
2025-07-09 - 22:11:23 - INFO: Profit Margin (Ticker: GE): 17.63 %
2025-07-09 - 22:11:23 - INFO: GPOA (Ticker: SPOT): 39.35 %
2025-07-09 - 22:11:23 - INFO: Sector: Industrials
2025-07-09 - 22:11:23 - INFO: GPMAR (Ticker: SPOT): 30.14 %
2025-07-09 - 22:11:23 - INFO: Industry: Aerospace & Defense
2025-07-09 - 22:11:23 - INFO: Profit Margin (Ticker: SPOT): 7.19 %
2025-07-09 - 22:11:23 - INFO: Sector: Communication Services
2025-07-09 - 22:11:23 - INFO: Industry: Internet Content & Information
2025-07-09 - 22:11:24 - INFO: EBIT/TEV (Ticker: BSX): 1.99 %
2025-07-09 - 22:11:24 - INFO: P/B (Ticker: BSX): 6.86
2025-07-09 - 22:11:24 - INFO: EBIT/TEV (Ticker: RHM.DE): 1.79 %
2025-07-09 - 22:11:24 - INFO: P/B (Ticker: RHM.DE): 18.57
2025-07-09 - 22:11:24 - INFO: CFOA (annual) (Ticker: 6758.T): 6.58 %
2025-07-09 - 22:11:24 - INFO: Fetched Earnings data (EPS) for 4 years period (Ticker: RHM.DE).
2025-07-09 - 22:11:24 - INFO: EPS (latest) (Ticker: RHM.DE): 16.51
2025-07-09 - 22:11:24 - INFO: Fetched Earnings data (Net Income) for 4 years period (Ticker: RHM.DE).
2025-07-09 - 22:11:24 - INFO: Calculating Earnings Variability (EVAR) using EPS over 3 year period (Ticker: RHM.DE).
2025-07-09 - 22:11:24 - INFO: EVAR 4Y (EPS) (Ticker: RHM.DE): 25.18%
2025-07-09 - 22:11:24 - INFO: EBIT/TEV (Ticker: 7974.T): 1.9 %
2025-07-09 - 22:11:24 - INFO: Calculating Earnings Variability (EVAR) using Net Income over 3 year period (Ticker: RHM.DE).
2025-07-09 - 22:11:24 - INFO: Fetched Earnings data (EPS) for 4 years period (Ticker: BSX).
2025-07-09 - 22:11:24 - INFO: P/B (Ticker: 7974.T): 5.55
2025-07-09 - 22:11:24 - INFO: EVAR 4Y (Net Income) (Ticker: RHM.DE): 25.11%
2025-07-09 - 22:11:24 - INFO: EPS (latest) (Ticker: BSX): 1.26
2025-07-09 - 22:11:24 - INFO: CAGR 4Y (EPS) (Ticker: RHM.DE): 34.94 %
2025-07-09 - 22:11:24 - INFO: Fetched Earnings data (Net Income) for 4 years period (Ticker: BSX).
2025-07-09 - 22:11:24 - INFO: CAGR 4Y (Net Income) (Ticker: RHM.DE): 35.06 %
2025-07-09 - 22:11:24 - INFO: Calculating Earnings Variability (EVAR) using EPS over 3 year period (Ticker: BSX).
2025-07-09 - 22:11:24 - INFO: Dividend Yield (Ticker: RHM.DE): 0.46 %
2025-07-09 - 22:11:24 - INFO: EVAR 4Y (EPS) (Ticker: BSX): 89.82%
2025-07-09 - 22:11:24 - INFO: ROE (ttm) (Yahoo Finance) (Ticker: RHM.DE): 22.01 %
2025-07-09 - 22:11:24 - INFO: Calculating Earnings Variability (EVAR) using Net Income over 3 year period (Ticker: BSX).
2025-07-09 - 22:11:24 - INFO: EVAR 4Y (Net Income) (Ticker: BSX): 82.58%
2025-07-09 - 22:11:24 - INFO: CAGR 4Y (EPS) (Ticker: BSX): 22.23 %
2025-07-09 - 22:11:24 - INFO: CAGR 4Y (Net Income) (Ticker: BSX): 21.21 %
2025-07-09 - 22:11:24 - INFO: Dividend Yield (Ticker: BSX): N/A
2025-07-09 - 22:11:24 - INFO: ROE (ttm) (Yahoo Finance) (Ticker: BSX): 9.5 %
2025-07-09 - 22:11:24 - INFO: CFOA (ttm) (Ticker: 6758.T): 6.62 %
2025-07-09 - 22:11:24 - INFO: GPOA (Ticker: 6758.T): 10.38 %
2025-07-09 - 22:11:24 - INFO: ---------------------- GILD ----------------------
2025-07-09 - 22:11:24 - INFO: GPMAR (Ticker: 6758.T): 28.27 %
2025-07-09 - 22:11:24 - INFO: P/E (Forward) (Ticker: GILD): 15.24
2025-07-09 - 22:11:24 - INFO: Profit Margin (Ticker: 6758.T): 8.81 %
2025-07-09 - 22:11:24 - INFO: P/E (Trailing) (Ticker: GILD): 23.79
2025-07-09 - 22:11:24 - INFO: Sector: Technology
2025-07-09 - 22:11:24 - INFO: Industry: Consumer Electronics
2025-07-09 - 22:11:24 - INFO: Fetched Earnings data (EPS) for 4 years period (Ticker: 7974.T).
2025-07-09 - 22:11:24 - INFO: EPS (latest) (Ticker: 7974.T): 239.47
2025-07-09 - 22:11:24 - INFO: Fetched Earnings data (Net Income) for 4 years period (Ticker: 7974.T).
2025-07-09 - 22:11:24 - INFO: Calculating Earnings Variability (EVAR) using EPS over 3 year period (Ticker: 7974.T).
2025-07-09 - 22:11:24 - INFO: EVAR 4Y (EPS) (Ticker: 7974.T): 28.57%
2025-07-09 - 22:11:24 - INFO: ROE - Calc (Ticker: RHM.DE): 19.26 %
2025-07-09 - 22:11:24 - INFO: Calculating Earnings Variability (EVAR) using Net Income over 3 year period (Ticker: 7974.T).
2025-07-09 - 22:11:24 - INFO: ROE - MSCI (Ticker: RHM.DE): 8.42 %
2025-07-09 - 22:11:24 - INFO: ---------------------- ROG ----------------------
2025-07-09 - 22:11:24 - INFO: EVAR 4Y (Net Income) (Ticker: 7974.T): 28.44%
2025-07-09 - 22:11:24 - INFO: ROE - Calc (Ticker: BSX): 9.64 %
2025-07-09 - 22:11:24 - INFO: ROA (ttm) (Yahoo Finance) (Ticker: RHM.DE): 7.06 %
2025-07-09 - 22:11:24 - INFO: P/E (Forward) (Ticker: ROG): 20.78
2025-07-09 - 22:11:24 - INFO: CAGR 4Y (EPS) (Ticker: 7974.T): -16.04 %
2025-07-09 - 22:11:24 - INFO: ROE - MSCI (Ticker: BSX): 9.29 %
2025-07-09 - 22:11:24 - INFO: ROA - Calc (Ticker: RHM.DE): 5.00 %
2025-07-09 - 22:11:24 - INFO: P/E (Trailing) (Ticker: ROG): 81.49
2025-07-09 - 22:11:24 - INFO: ---------------------- DTE ----------------------
2025-07-09 - 22:11:24 - INFO: CAGR 4Y (Net Income) (Ticker: 7974.T): -16.43 %
2025-07-09 - 22:11:24 - INFO: ROA (ttm) (Yahoo Finance) (Ticker: BSX): 5.28 %
2025-07-09 - 22:11:24 - INFO: P/E (Forward) (Ticker: DTE): 18.22
2025-07-09 - 22:11:24 - INFO: Dividend Yield (Ticker: 7974.T): 0.86 %
2025-07-09 - 22:11:24 - INFO: ROA - Calc (Ticker: BSX): 4.71 %
2025-07-09 - 22:11:24 - INFO: P/E (Trailing) (Ticker: DTE): 17.76
2025-07-09 - 22:11:24 - INFO: ROE (ttm) (Yahoo Finance) (Ticker: 7974.T): 10.46 %
2025-07-09 - 22:11:25 - INFO: CFOA (annual) (Ticker: BSX): 8.72 %
2025-07-09 - 22:11:25 - INFO: CFOA (annual) (Ticker: RHM.DE): 11.99 %
2025-07-09 - 22:11:25 - ERROR: Error calculating ROE (ttm) (Ticker: 7974.T): Cannot calculate ROE (Ticker: 7974.T): An error occurred: Cannot calculate Net Income TTM! Not enough Net Income Quarterly data is available (Ticker: 7974.T). 
 Data for at least 4 quarters is required .
2025-07-09 - 22:11:25 - ERROR: Unhandled error analyzing stock (Ticker: 7974.T)
2025-07-09 - 22:11:25 - ERROR: Cannot calculate Trailing EPS! Not enough EPS data for the last 4 quarters (Ticker: 7974.T).
Traceback (most recent call last):
  File "StockFactorScreener.py", line 605, in analyze_stock
  File "ProfitabilityCalculator.py", line 304, in calc_roe_msci
  File "EarningsEngine.py", line 351, in calc_eps_ttm
EarningsEngine.EPSCalcError: Cannot calculate Trailing EPS! Not enough EPS data for the last 4 quarters (Ticker: 7974.T).
2025-07-09 - 22:11:25 - INFO: CFOA (ttm) (Ticker: BSX): 9.86 %
2025-07-09 - 22:11:25 - INFO: EBIT/TEV (Ticker: ROG): 3.55 %
2025-07-09 - 22:11:25 - INFO: GPOA (Ticker: BSX): 29.17 %
2025-07-09 - 22:11:25 - INFO: EBIT/TEV (Ticker: GILD): 6.81 %
2025-07-09 - 22:11:25 - INFO: P/B (Ticker: ROG): 1.07
2025-07-09 - 22:11:25 - INFO: GPMAR (Ticker: BSX): 68.61 %
2025-07-09 - 22:11:25 - INFO: CFOA (ttm) (Ticker: RHM.DE): 16.68 %
2025-07-09 - 22:11:25 - INFO: P/B (Ticker: GILD): 7.36
2025-07-09 - 22:11:25 - INFO: Profit Margin (Ticker: BSX): 11.58 %
2025-07-09 - 22:11:25 - INFO: GPOA (Ticker: RHM.DE): 35.27 %
2025-07-09 - 22:11:25 - INFO: Sector: Healthcare
2025-07-09 - 22:11:25 - INFO: EBIT/TEV (Ticker: DTE): 4.6 %
2025-07-09 - 22:11:25 - INFO: GPMAR (Ticker: RHM.DE): 51.88 %
2025-07-09 - 22:11:25 - INFO: Industry: Medical Devices
2025-07-09 - 22:11:25 - INFO: P/B (Ticker: DTE): 2.29
2025-07-09 - 22:11:25 - INFO: Profit Margin (Ticker: RHM.DE): 7.19 %
2025-07-09 - 22:11:25 - INFO: Sector: Industrials
2025-07-09 - 22:11:25 - INFO: Industry: Aerospace & Defense
2025-07-09 - 22:11:25 - INFO: ---------------------- BKNG ----------------------
2025-07-09 - 22:11:25 - INFO: P/E (Forward) (Ticker: BKNG): 27.01
2025-07-09 - 22:11:25 - INFO: P/E (Trailing) (Ticker: BKNG): 35.31
2025-07-09 - 22:11:25 - INFO: Fetched Earnings data (EPS) for 4 years period (Ticker: ROG).
2025-07-09 - 22:11:25 - INFO: EPS (latest) (Ticker: ROG): 3.04
2025-07-09 - 22:11:25 - INFO: Fetched Earnings data (Net Income) for 4 years period (Ticker: ROG).
2025-07-09 - 22:11:25 - INFO: Fetched Earnings data (EPS) for 4 years period (Ticker: GILD).
2025-07-09 - 22:11:25 - INFO: Calculating Earnings Variability (EVAR) using EPS over 3 year period (Ticker: ROG).
2025-07-09 - 22:11:25 - INFO: EPS (latest) (Ticker: GILD): 0.38
2025-07-09 - 22:11:25 - INFO: EVAR 4Y (EPS) (Ticker: ROG): 84.37%
2025-07-09 - 22:11:25 - INFO: Fetched Earnings data (Net Income) for 4 years period (Ticker: GILD).
2025-07-09 - 22:11:25 - INFO: Calculating Earnings Variability (EVAR) using Net Income over 3 year period (Ticker: ROG).
2025-07-09 - 22:11:25 - INFO: Calculating Earnings Variability (EVAR) using EPS over 3 year period (Ticker: GILD).
2025-07-09 - 22:11:25 - INFO: EVAR 4Y (Net Income) (Ticker: ROG): 34.97%
2025-07-09 - 22:11:25 - INFO: EVAR 4Y (EPS) (Ticker: GILD): 58.0%
2025-07-09 - 22:11:25 - INFO: CAGR 4Y (EPS) (Ticker: ROG): 4.29 %
2025-07-09 - 22:11:25 - INFO: Calculating Earnings Variability (EVAR) using Net Income over 3 year period (Ticker: GILD).
2025-07-09 - 22:11:25 - INFO: CAGR 4Y (Net Income) (Ticker: ROG): -37.73 %
2025-07-09 - 22:11:25 - INFO: EVAR 4Y (Net Income) (Ticker: GILD): 57.63%
2025-07-09 - 22:11:25 - INFO: Dividend Yield (Ticker: ROG): N/A
2025-07-09 - 22:11:25 - INFO: CAGR 4Y (EPS) (Ticker: GILD): -57.53 %
2025-07-09 - 22:11:25 - INFO: ROE (ttm) (Yahoo Finance) (Ticker: ROG): 1.34 %
2025-07-09 - 22:11:25 - INFO: CAGR 4Y (Net Income) (Ticker: GILD): -57.44 %
2025-07-09 - 22:11:25 - INFO: Dividend Yield (Ticker: GILD): 2.85 %
2025-07-09 - 22:11:25 - INFO: ROE (ttm) (Yahoo Finance) (Ticker: GILD): 32.65 %
2025-07-09 - 22:11:25 - INFO: Fetched Earnings data (EPS) for 4 years period (Ticker: DTE).
2025-07-09 - 22:11:25 - INFO: EPS (latest) (Ticker: DTE): 6.78
2025-07-09 - 22:11:25 - INFO: Fetched Earnings data (Net Income) for 4 years period (Ticker: DTE).
2025-07-09 - 22:11:25 - INFO: Calculating Earnings Variability (EVAR) using EPS over 3 year period (Ticker: DTE).
2025-07-09 - 22:11:25 - INFO: EVAR 4Y (EPS) (Ticker: DTE): 11.82%
2025-07-09 - 22:11:25 - INFO: Calculating Earnings Variability (EVAR) using Net Income over 3 year period (Ticker: DTE).
2025-07-09 - 22:11:25 - INFO: EVAR 4Y (Net Income) (Ticker: DTE): 14.5%
2025-07-09 - 22:11:25 - INFO: CAGR 4Y (EPS) (Ticker: DTE): 13.15 %
2025-07-09 - 22:11:25 - INFO: CAGR 4Y (Net Income) (Ticker: DTE): 15.68 %
2025-07-09 - 22:11:25 - INFO: Dividend Yield (Ticker: DTE): 3.29 %
2025-07-09 - 22:11:25 - INFO: ROE (ttm) (Yahoo Finance) (Ticker: DTE): 13.3 %
2025-07-09 - 22:11:26 - INFO: ROE - Calc (Ticker: ROG): 1.34 %
2025-07-09 - 22:11:26 - INFO: ROE - MSCI (Ticker: ROG): 2.06 %
2025-07-09 - 22:11:26 - INFO: ROA (ttm) (Yahoo Finance) (Ticker: ROG): 1.78 %
2025-07-09 - 22:11:26 - INFO: ROA - Calc (Ticker: ROG): 1.76 %
2025-07-09 - 22:11:26 - INFO: ROE - Calc (Ticker: GILD): 32.51 %
2025-07-09 - 22:11:26 - INFO: ROE - MSCI (Ticker: GILD): 30.89 %
2025-07-09 - 22:11:26 - INFO: ROA (ttm) (Yahoo Finance) (Ticker: GILD): 12.14 %
2025-07-09 - 22:11:26 - INFO: ROA - Calc (Ticker: GILD): 0.81 %
2025-07-09 - 22:11:26 - INFO: EBIT/TEV (Ticker: BKNG): 4.22 %
2025-07-09 - 22:11:26 - INFO: P/B (Ticker: BKNG): -30.32
2025-07-09 - 22:11:26 - INFO: ROE - Calc (Ticker: DTE): 13.30 %
2025-07-09 - 22:11:26 - INFO: ROE - MSCI (Ticker: DTE): 13.08 %
2025-07-09 - 22:11:26 - INFO: ROA (ttm) (Yahoo Finance) (Ticker: DTE): 2.92 %
2025-07-09 - 22:11:26 - INFO: ROA - Calc (Ticker: DTE): 2.87 %
2025-07-09 - 22:11:26 - INFO: ---------------------- IBE.MC ----------------------
2025-07-09 - 22:11:26 - INFO: P/E (Forward) (Ticker: IBE.MC): 22.05
2025-07-09 - 22:11:26 - INFO: P/E (Trailing) (Ticker: IBE.MC): 25.25
2025-07-09 - 22:11:26 - INFO: CFOA (annual) (Ticker: GILD): 18.35 %
2025-07-09 - 22:11:26 - INFO: ---------------------- ENR ----------------------
2025-07-09 - 22:11:26 - INFO: P/E (Forward) (Ticker: ENR): 6.27
2025-07-09 - 22:11:26 - INFO: P/E (Trailing) (Ticker: ENR): 29.9
2025-07-09 - 22:11:26 - INFO: CFOA (annual) (Ticker: ROG): 8.58 %
2025-07-09 - 22:11:26 - INFO: Fetched Earnings data (EPS) for 4 years period (Ticker: BKNG).
2025-07-09 - 22:11:26 - INFO: EPS (latest) (Ticker: BKNG): 174.96
2025-07-09 - 22:11:26 - INFO: Fetched Earnings data (Net Income) for 4 years period (Ticker: BKNG).
2025-07-09 - 22:11:26 - INFO: Calculating Earnings Variability (EVAR) using EPS over 3 year period (Ticker: BKNG).
2025-07-09 - 22:11:26 - INFO: EVAR 4Y (EPS) (Ticker: BKNG): 68.85%
2025-07-09 - 22:11:26 - INFO: Calculating Earnings Variability (EVAR) using Net Income over 3 year period (Ticker: BKNG).
2025-07-09 - 22:11:26 - INFO: EVAR 4Y (Net Income) (Ticker: BKNG): 71.49%
2025-07-09 - 22:11:26 - INFO: CAGR 4Y (EPS) (Ticker: BKNG): 83.34 %
2025-07-09 - 22:11:26 - INFO: CAGR 4Y (Net Income) (Ticker: BKNG): 71.55 %
2025-07-09 - 22:11:26 - INFO: Dividend Yield (Ticker: BKNG): 0.66 %
2025-07-09 - 22:11:26 - INFO: ROE (ttm) (Yahoo Finance) (Ticker: BKNG): N/A
2025-07-09 - 22:11:26 - INFO: ---------------------- RR.L ----------------------
2025-07-09 - 22:11:26 - INFO: P/E (Forward) (Ticker: RR.L): 0.47
2025-07-09 - 22:11:26 - INFO: P/E (Trailing) (Ticker: RR.L): 32.81
2025-07-09 - 22:11:26 - INFO: CFOA (annual) (Ticker: DTE): 7.46 %
2025-07-09 - 22:11:26 - INFO: CFOA (ttm) (Ticker: ROG): 7.36 %
2025-07-09 - 22:11:26 - INFO: GPOA (Ticker: ROG): 18.71 %
2025-07-09 - 22:11:26 - INFO: GPMAR (Ticker: ROG): 33.38 %
2025-07-09 - 22:11:26 - INFO: Profit Margin (Ticker: ROG): 2.09 %
2025-07-09 - 22:11:26 - INFO: Sector: Technology
2025-07-09 - 22:11:26 - INFO: Industry: Electronic Components
2025-07-09 - 22:11:26 - INFO: CFOA (ttm) (Ticker: GILD): 18.55 %
2025-07-09 - 22:11:26 - INFO: GPOA (Ticker: GILD): 38.14 %
2025-07-09 - 22:11:26 - INFO: GPMAR (Ticker: GILD): 78.26 %
2025-07-09 - 22:11:26 - INFO: Profit Margin (Ticker: GILD): 20.76 %
2025-07-09 - 22:11:26 - INFO: Sector: Healthcare
2025-07-09 - 22:11:26 - INFO: ROE - Calc (Ticker: BKNG): N/A
2025-07-09 - 22:11:26 - INFO: Industry: Drug Manufacturers - General
2025-07-09 - 22:11:26 - INFO: ROE - MSCI (Ticker: BKNG): -93.34 %
2025-07-09 - 22:11:26 - INFO: CFOA (ttm) (Ticker: DTE): 7.39 %
2025-07-09 - 22:11:26 - INFO: ROA (ttm) (Yahoo Finance) (Ticker: BKNG): 17.96 %
2025-07-09 - 22:11:26 - INFO: GPOA (Ticker: DTE): 8.88 %
2025-07-09 - 22:11:26 - INFO: ROA - Calc (Ticker: BKNG): 21.23 %
2025-07-09 - 22:11:26 - INFO: GPMAR (Ticker: DTE): 34.82 %
2025-07-09 - 22:11:26 - INFO: Profit Margin (Ticker: DTE): 11.25 %
2025-07-09 - 22:11:26 - INFO: Sector: Utilities
2025-07-09 - 22:11:26 - INFO: Industry: Utilities - Regulated Electric
2025-07-09 - 22:11:26 - INFO: EBIT/TEV (Ticker: IBE.MC): 7.89 %
2025-07-09 - 22:11:26 - INFO: P/B (Ticker: IBE.MC): 2.15
2025-07-09 - 22:11:27 - INFO: CFOA (annual) (Ticker: BKNG): 30.04 %
2025-07-09 - 22:11:27 - INFO: EBIT/TEV (Ticker: ENR): 6.99 %
2025-07-09 - 22:11:27 - INFO: P/B (Ticker: ENR): 11.93
2025-07-09 - 22:11:27 - INFO: Fetched Earnings data (EPS) for 4 years period (Ticker: IBE.MC).
2025-07-09 - 22:11:27 - INFO: EPS (latest) (Ticker: IBE.MC): 0.84
2025-07-09 - 22:11:27 - INFO: Fetched Earnings data (Net Income) for 4 years period (Ticker: IBE.MC).
2025-07-09 - 22:11:27 - INFO: Calculating Earnings Variability (EVAR) using EPS over 3 year period (Ticker: IBE.MC).
2025-07-09 - 22:11:27 - INFO: EVAR 4Y (EPS) (Ticker: IBE.MC): 66.93%
2025-07-09 - 22:11:27 - INFO: Calculating Earnings Variability (EVAR) using Net Income over 3 year period (Ticker: IBE.MC).
2025-07-09 - 22:11:27 - INFO: EVAR 4Y (Net Income) (Ticker: IBE.MC): 3.3%
2025-07-09 - 22:11:27 - INFO: CAGR 4Y (EPS) (Ticker: IBE.MC): -88.61 %
2025-07-09 - 22:11:27 - INFO: CAGR 4Y (Net Income) (Ticker: IBE.MC): 13.04 %
2025-07-09 - 22:11:27 - INFO: Dividend Yield (Ticker: IBE.MC): 3.9 %
2025-07-09 - 22:11:27 - INFO: ROE (ttm) (Yahoo Finance) (Ticker: IBE.MC): 8.43 %
2025-07-09 - 22:11:27 - INFO: CFOA (ttm) (Ticker: BKNG): 31.96 %
2025-07-09 - 22:11:27 - INFO: Fetched Earnings data (EPS) for 4 years period (Ticker: ENR).
2025-07-09 - 22:11:27 - INFO: EPS (latest) (Ticker: ENR): 0.53
2025-07-09 - 22:11:27 - INFO: Fetched Earnings data (Net Income) for 4 years period (Ticker: ENR).
2025-07-09 - 22:11:27 - INFO: Calculating Earnings Variability (EVAR) using EPS over 3 year period (Ticker: ENR).
2025-07-09 - 22:11:27 - INFO: EVAR 4Y (EPS) (Ticker: ENR): 209.13%
2025-07-09 - 22:11:27 - INFO: Calculating Earnings Variability (EVAR) using Net Income over 3 year period (Ticker: ENR).
2025-07-09 - 22:11:27 - INFO: EVAR 4Y (Net Income) (Ticker: ENR): 203.09%
2025-07-09 - 22:11:27 - INFO: CAGR 4Y (EPS) (Ticker: ENR): -37.0 %
2025-07-09 - 22:11:27 - INFO: CAGR 4Y (Net Income) (Ticker: ENR): -38.13 %
2025-07-09 - 22:11:27 - INFO: Dividend Yield (Ticker: ENR): 5.95 %
2025-07-09 - 22:11:27 - INFO: ROE (ttm) (Yahoo Finance) (Ticker: ENR): 33.46 %
2025-07-09 - 22:11:27 - INFO: ROE - Calc (Ticker: IBE.MC): 12.35 %
2025-07-09 - 22:11:27 - ERROR: Unhandled error analyzing stock (Ticker: IBE.MC)
2025-07-09 - 22:11:27 - ERROR: Cannot calculate Trailing EPS! Not enough EPS data for the last 4 quarters (Ticker: IBE.MC).
Traceback (most recent call last):
  File "StockFactorScreener.py", line 605, in analyze_stock
  File "ProfitabilityCalculator.py", line 304, in calc_roe_msci
  File "EarningsEngine.py", line 351, in calc_eps_ttm
EarningsEngine.EPSCalcError: Cannot calculate Trailing EPS! Not enough EPS data for the last 4 quarters (Ticker: IBE.MC).
2025-07-09 - 22:11:27 - INFO: ---------------------- MSTR ----------------------
2025-07-09 - 22:11:27 - INFO: P/E (Forward) (Ticker: MSTR): -966.07
2025-07-09 - 22:11:27 - INFO: P/E (Trailing) (Ticker: MSTR): N/A
2025-07-09 - 22:11:27 - INFO: EBIT/TEV (Ticker: RR.L): 5.68 %
2025-07-09 - 22:11:27 - INFO: P/B (Ticker: RR.L): -9031.19
2025-07-09 - 22:11:27 - INFO: Fetched Earnings data (EPS) for 4 years period (Ticker: RR.L).
2025-07-09 - 22:11:27 - INFO: EPS (latest) (Ticker: RR.L): 0.3
2025-07-09 - 22:11:27 - INFO: Fetched Earnings data (Net Income) for 4 years period (Ticker: RR.L).
2025-07-09 - 22:11:27 - INFO: Calculating Earnings Variability (EVAR) using EPS over 3 year period (Ticker: RR.L).
2025-07-09 - 22:11:27 - INFO: EVAR 4Y (EPS) (Ticker: RR.L): 765.46%
2025-07-09 - 22:11:27 - INFO: Calculating Earnings Variability (EVAR) using Net Income over 3 year period (Ticker: RR.L).
2025-07-09 - 22:11:27 - INFO: EVAR 4Y (Net Income) (Ticker: RR.L): 766.73%
2025-07-09 - 22:11:27 - INFO: CAGR 4Y (EPS) (Ticker: RR.L): 175.31 %
2025-07-09 - 22:11:27 - INFO: CAGR 4Y (Net Income) (Ticker: RR.L): 175.93 %
2025-07-09 - 22:11:27 - INFO: Dividend Yield (Ticker: RR.L): 0.62 %
2025-07-09 - 22:11:27 - INFO: ROE (ttm) (Yahoo Finance) (Ticker: RR.L): N/A
2025-07-09 - 22:11:27 - ERROR: Error calculating ROE (ttm) (Ticker: RR.L): Cannot calculate ROE (Ticker: RR.L): An error occurred: Cannot calculate Net Income TTM! Net Income data is missing in the Quarterly Income Statement (Ticker: RR.L).
2025-07-09 - 22:11:27 - ERROR: Unhandled error analyzing stock (Ticker: RR.L)
2025-07-09 - 22:11:27 - ERROR: Cannot calculate Trailing EPS! EPS data is missing (Ticker: RR.L).
Traceback (most recent call last):
  File "StockFactorScreener.py", line 605, in analyze_stock
  File "ProfitabilityCalculator.py", line 304, in calc_roe_msci
  File "EarningsEngine.py", line 343, in calc_eps_ttm
EarningsEngine.EPSCalcError: Cannot calculate Trailing EPS! EPS data is missing (Ticker: RR.L).
2025-07-09 - 22:11:27 - INFO: ---------------------- GS ----------------------
2025-07-09 - 22:11:27 - INFO: P/E (Forward) (Ticker: GS): 16.77
2025-07-09 - 22:11:27 - INFO: P/E (Trailing) (Ticker: GS): 16.17
2025-07-09 - 22:11:27 - INFO: ROE - Calc (Ticker: ENR): 33.46 %
2025-07-09 - 22:11:27 - INFO: ROE - MSCI (Ticker: ENR): 40.44 %
2025-07-09 - 22:11:27 - INFO: ROA (ttm) (Yahoo Finance) (Ticker: ENR): 6.62 %
2025-07-09 - 22:11:27 - INFO: ROA - Calc (Ticker: ENR): 0.88 %
2025-07-09 - 22:11:27 - INFO: ---------------------- PGR ----------------------
2025-07-09 - 22:11:27 - INFO: P/E (Forward) (Ticker: PGR): 18.15
2025-07-09 - 22:11:27 - INFO: P/E (Trailing) (Ticker: PGR): 16.9
2025-07-09 - 22:11:28 - INFO: CFOA (annual) (Ticker: ENR): 9.89 %
2025-07-09 - 22:11:28 - INFO: EBIT/TEV (Ticker: MSTR): -0.05 %
2025-07-09 - 22:11:28 - INFO: P/B (Ticker: MSTR): 3.43
2025-07-09 - 22:11:28 - INFO: CFOA (ttm) (Ticker: ENR): 6.55 %
2025-07-09 - 22:11:28 - INFO: GPOA (Ticker: ENR): 25.43 %
2025-07-09 - 22:11:28 - INFO: GPMAR (Ticker: ENR): 38.25 %
2025-07-09 - 22:11:28 - INFO: Profit Margin (Ticker: ENR): 1.88 %
2025-07-09 - 22:11:28 - INFO: Sector: Industrials
2025-07-09 - 22:11:28 - INFO: Industry: Electrical Equipment & Parts
2025-07-09 - 22:11:28 - INFO: EBIT/TEV (Ticker: GS): 4.91 %
2025-07-09 - 22:11:28 - INFO: P/B (Ticker: GS): 1.88
2025-07-09 - 22:11:28 - INFO: EBIT/TEV (Ticker: PGR): 7.73 %
2025-07-09 - 22:11:28 - INFO: P/B (Ticker: PGR): 5.07
2025-07-09 - 22:11:28 - INFO: ---------------------- SAN ----------------------
2025-07-09 - 22:11:28 - INFO: P/E (Forward) (Ticker: SAN): 11.25
2025-07-09 - 22:11:28 - INFO: P/E (Trailing) (Ticker: SAN): 9.35
2025-07-09 - 22:11:28 - INFO: Fetched Earnings data (EPS) for 4 years period (Ticker: MSTR).
2025-07-09 - 22:11:28 - INFO: EPS (latest) (Ticker: MSTR): -6.06
2025-07-09 - 22:11:28 - INFO: Fetched Earnings data (Net Income) for 4 years period (Ticker: MSTR).
2025-07-09 - 22:11:28 - INFO: Calculating Earnings Variability (EVAR) using EPS over 3 year period (Ticker: MSTR).
2025-07-09 - 22:11:28 - INFO: EVAR 4Y (EPS) (Ticker: MSTR): 211.33%
2025-07-09 - 22:11:28 - INFO: Fetched Earnings data (EPS) for 4 years period (Ticker: GS).
2025-07-09 - 22:11:28 - INFO: Calculating Earnings Variability (EVAR) using Net Income over 3 year period (Ticker: MSTR).
2025-07-09 - 22:11:28 - INFO: EPS (latest) (Ticker: GS): 41.07
2025-07-09 - 22:11:28 - INFO: EVAR 4Y (Net Income) (Ticker: MSTR): 252.41%
2025-07-09 - 22:11:28 - INFO: Fetched Earnings data (Net Income) for 4 years period (Ticker: GS).
2025-07-09 - 22:11:28 - INFO: CAGR 4Y (EPS) (Ticker: MSTR): -4.28 %
2025-07-09 - 22:11:28 - INFO: CAGR 4Y (Net Income) (Ticker: MSTR): -29.64 %
2025-07-09 - 22:11:28 - INFO: Dividend Yield (Ticker: MSTR): N/A
2025-07-09 - 22:11:28 - INFO: Calculating Earnings Variability (EVAR) using EPS over 3 year period (Ticker: GS).
2025-07-09 - 22:11:28 - INFO: ROE (ttm) (Yahoo Finance) (Ticker: MSTR): -29.68 %
2025-07-09 - 22:11:28 - INFO: EVAR 4Y (EPS) (Ticker: GS): 67.61%
2025-07-09 - 22:11:28 - INFO: Calculating Earnings Variability (EVAR) using Net Income over 3 year period (Ticker: GS).
2025-07-09 - 22:11:28 - INFO: EVAR 4Y (Net Income) (Ticker: GS): 61.08%
2025-07-09 - 22:11:28 - INFO: CAGR 4Y (EPS) (Ticker: GS): -11.99 %
2025-07-09 - 22:11:28 - INFO: CAGR 4Y (Net Income) (Ticker: GS): -12.94 %
2025-07-09 - 22:11:28 - INFO: Dividend Yield (Ticker: GS): 1.7 %
2025-07-09 - 22:11:28 - INFO: ROE (ttm) (Yahoo Finance) (Ticker: GS): 12.22 %
2025-07-09 - 22:11:28 - INFO: ---------------------- TJX ----------------------
2025-07-09 - 22:11:28 - INFO: P/E (Forward) (Ticker: TJX): 27.28
2025-07-09 - 22:11:28 - INFO: Fetched Earnings data (EPS) for 4 years period (Ticker: PGR).
2025-07-09 - 22:11:28 - INFO: P/E (Trailing) (Ticker: TJX): 29.53
2025-07-09 - 22:11:28 - INFO: EPS (latest) (Ticker: PGR): 14.45
2025-07-09 - 22:11:28 - INFO: Fetched Earnings data (Net Income) for 4 years period (Ticker: PGR).
2025-07-09 - 22:11:28 - INFO: Calculating Earnings Variability (EVAR) using EPS over 3 year period (Ticker: PGR).
2025-07-09 - 22:11:28 - INFO: EVAR 4Y (EPS) (Ticker: PGR): 270.28%
2025-07-09 - 22:11:28 - INFO: Calculating Earnings Variability (EVAR) using Net Income over 3 year period (Ticker: PGR).
2025-07-09 - 22:11:28 - INFO: EVAR 4Y (Net Income) (Ticker: PGR): 262.12%
2025-07-09 - 22:11:28 - INFO: CAGR 4Y (EPS) (Ticker: PGR): 36.43 %
2025-07-09 - 22:11:28 - INFO: CAGR 4Y (Net Income) (Ticker: PGR): 36.27 %
2025-07-09 - 22:11:28 - INFO: Dividend Yield (Ticker: PGR): 1.84 %
2025-07-09 - 22:11:28 - INFO: ROE (ttm) (Yahoo Finance) (Ticker: PGR): 34.34 %
2025-07-09 - 22:11:28 - INFO: ROE - Calc (Ticker: MSTR): -29.68 %
2025-07-09 - 22:11:28 - INFO: ROE - MSCI (Ticker: MSTR): -17.0 %
2025-07-09 - 22:11:28 - INFO: ROA (ttm) (Yahoo Finance) (Ticker: MSTR): -18.82 %
2025-07-09 - 22:11:28 - INFO: ROA - Calc (Ticker: MSTR): -4.51 %
2025-07-09 - 22:11:28 - INFO: ROE - Calc (Ticker: GS): 12.26 %
2025-07-09 - 22:11:28 - INFO: ROE - MSCI (Ticker: GS): 10.77 %
2025-07-09 - 22:11:28 - INFO: ROA (ttm) (Yahoo Finance) (Ticker: GS): 0.86 %
2025-07-09 - 22:11:28 - INFO: ROA - Calc (Ticker: GS): 0.85 %
2025-07-09 - 22:11:28 - INFO: ROE - Calc (Ticker: PGR): 34.34 %
2025-07-09 - 22:11:28 - INFO: ROE - MSCI (Ticker: PGR): 29.97 %
2025-07-09 - 22:11:28 - INFO: ROA (ttm) (Yahoo Finance) (Ticker: PGR): 6.87 %
2025-07-09 - 22:11:28 - INFO: ROA - Calc (Ticker: PGR): 8.02 %
2025-07-09 - 22:11:28 - INFO: GPOA (Ticker: BKNG): 82.97 %
2025-07-09 - 22:11:28 - INFO: GPMAR (Ticker: BKNG): 96.84 %
2025-07-09 - 22:11:28 - ERROR: Error calculating GPOA and GPMAR TTM (Ticker: BKNG): Cannot calculate GPOA (Ticker: BKNG): 'Gross Profit' data is missing in the Income Statement.
2025-07-09 - 22:11:28 - INFO: Profit Margin (Ticker: BKNG): 22.58 %
2025-07-09 - 22:11:28 - INFO: Sector: Consumer Cyclical
2025-07-09 - 22:11:28 - INFO: Industry: Travel Services
2025-07-09 - 22:11:29 - INFO: EBIT/TEV (Ticker: SAN): 26.47 %
2025-07-09 - 22:11:29 - INFO: P/B (Ticker: SAN): 1.32
2025-07-09 - 22:11:29 - INFO: CFOA (annual) (Ticker: MSTR): -0.21 %
2025-07-09 - 22:11:29 - INFO: CFOA (annual) (Ticker: GS): -0.79 %
2025-07-09 - 22:11:29 - INFO: ---------------------- ISRG ----------------------
2025-07-09 - 22:11:29 - INFO: P/E (Forward) (Ticker: ISRG): 67.19
2025-07-09 - 22:11:29 - INFO: P/E (Trailing) (Ticker: ISRG): 77.1
2025-07-09 - 22:11:29 - INFO: CFOA (annual) (Ticker: PGR): 14.3 %
2025-07-09 - 22:11:29 - INFO: EBIT/TEV (Ticker: TJX): 4.22 %
2025-07-09 - 22:11:29 - INFO: P/B (Ticker: TJX): 16.47
2025-07-09 - 22:11:29 - INFO: CFOA (ttm) (Ticker: MSTR): -0.39 %
2025-07-09 - 22:11:29 - INFO: GPOA (Ticker: MSTR): 1.29 %
2025-07-09 - 22:11:29 - INFO: GPMAR (Ticker: MSTR): 72.06 %
2025-07-09 - 22:11:29 - INFO: Profit Margin (Ticker: MSTR): 0.0 %
2025-07-09 - 22:11:29 - INFO: Fetched Earnings data (EPS) for 4 years period (Ticker: SAN).
2025-07-09 - 22:11:29 - INFO: Sector: Technology
2025-07-09 - 22:11:29 - INFO: EPS (latest) (Ticker: SAN): 0.65
2025-07-09 - 22:11:29 - INFO: Industry: Software - Application
2025-07-09 - 22:11:29 - INFO: Fetched Earnings data (Net Income) for 4 years period (Ticker: SAN).
2025-07-09 - 22:11:29 - INFO: CFOA (ttm) (Ticker: GS): -1.31 %
2025-07-09 - 22:11:29 - INFO: Calculating Earnings Variability (EVAR) using EPS over 3 year period (Ticker: SAN).
2025-07-09 - 22:11:29 - INFO: EVAR 4Y (EPS) (Ticker: SAN): 91.93%
2025-07-09 - 22:11:29 - INFO: Calculating Earnings Variability (EVAR) using Net Income over 3 year period (Ticker: SAN).
2025-07-09 - 22:11:29 - INFO: EVAR 4Y (Net Income) (Ticker: SAN): 2.37%
2025-07-09 - 22:11:29 - INFO: CAGR 4Y (EPS) (Ticker: SAN): 47.6 %
2025-07-09 - 22:11:29 - INFO: CAGR 4Y (Net Income) (Ticker: SAN): 15.67 %
2025-07-09 - 22:11:29 - INFO: Dividend Yield (Ticker: SAN): 2.99 %
2025-07-09 - 22:11:29 - INFO: ROE (ttm) (Yahoo Finance) (Ticker: SAN): 13.33 %
2025-07-09 - 22:11:29 - INFO: CFOA (ttm) (Ticker: PGR): 15.25 %
2025-07-09 - 22:11:29 - INFO: Fetched Earnings data (EPS) for 4 years period (Ticker: TJX).
2025-07-09 - 22:11:29 - INFO: EPS (latest) (Ticker: TJX): 4.33
2025-07-09 - 22:11:29 - INFO: Fetched Earnings data (Net Income) for 4 years period (Ticker: TJX).
2025-07-09 - 22:11:29 - INFO: Calculating Earnings Variability (EVAR) using EPS over 3 year period (Ticker: TJX).
2025-07-09 - 22:11:29 - INFO: EVAR 4Y (EPS) (Ticker: TJX): 11.62%
2025-07-09 - 22:11:29 - INFO: Calculating Earnings Variability (EVAR) using Net Income over 3 year period (Ticker: TJX).
2025-07-09 - 22:11:29 - INFO: EVAR 4Y (Net Income) (Ticker: TJX): 11.75%
2025-07-09 - 22:11:29 - INFO: CAGR 4Y (EPS) (Ticker: TJX): 15.9 %
2025-07-09 - 22:11:29 - INFO: CAGR 4Y (Net Income) (Ticker: TJX): 14.0 %
2025-07-09 - 22:11:29 - INFO: Dividend Yield (Ticker: TJX): 1.38 %
2025-07-09 - 22:11:29 - INFO: ROE (ttm) (Yahoo Finance) (Ticker: TJX): 60.36 %
2025-07-09 - 22:11:29 - INFO: EBIT/TEV (Ticker: ISRG): 1.33 %
2025-07-09 - 22:11:29 - INFO: P/B (Ticker: ISRG): 11.06
2025-07-09 - 22:11:29 - INFO: ROE - Calc (Ticker: SAN): 13.28 %
2025-07-09 - 22:11:29 - INFO: ROE - MSCI (Ticker: SAN): 12.41 %
2025-07-09 - 22:11:29 - INFO: ROA (ttm) (Yahoo Finance) (Ticker: SAN): 0.79 %
2025-07-09 - 22:11:29 - INFO: ROA - Calc (Ticker: SAN): 0.68 %
2025-07-09 - 22:11:29 - INFO: ROE - Calc (Ticker: TJX): 60.36 %
2025-07-09 - 22:11:29 - INFO: ROE - MSCI (Ticker: TJX): 56.34 %
2025-07-09 - 22:11:29 - INFO: ROA (ttm) (Yahoo Finance) (Ticker: TJX): 12.75 %
2025-07-09 - 22:11:29 - INFO: ROA - Calc (Ticker: TJX): 15.32 %
2025-07-09 - 22:11:29 - INFO: Fetched Earnings data (EPS) for 4 years period (Ticker: ISRG).
2025-07-09 - 22:11:29 - INFO: EPS (latest) (Ticker: ISRG): 5.12
2025-07-09 - 22:11:29 - INFO: Fetched Earnings data (Net Income) for 4 years period (Ticker: ISRG).
2025-07-09 - 22:11:29 - INFO: Calculating Earnings Variability (EVAR) using EPS over 3 year period (Ticker: ISRG).
2025-07-09 - 22:11:29 - INFO: EVAR 4Y (EPS) (Ticker: ISRG): 42.01%
2025-07-09 - 22:11:29 - INFO: Calculating Earnings Variability (EVAR) using Net Income over 3 year period (Ticker: ISRG).
2025-07-09 - 22:11:29 - INFO: EVAR 4Y (Net Income) (Ticker: ISRG): 31.94%
2025-07-09 - 22:11:29 - INFO: CAGR 4Y (EPS) (Ticker: ISRG): 19.24 %
2025-07-09 - 22:11:29 - INFO: CAGR 4Y (Net Income) (Ticker: ISRG): 10.86 %
2025-07-09 - 22:11:29 - INFO: Dividend Yield (Ticker: ISRG): N/A
2025-07-09 - 22:11:29 - INFO: ROE (ttm) (Yahoo Finance) (Ticker: ISRG): 15.96 %
2025-07-09 - 22:11:29 - INFO: CFOA (annual) (Ticker: SAN): -1.31 %
2025-07-09 - 22:11:29 - INFO: ---------------------- NOW ----------------------
2025-07-09 - 22:11:29 - INFO: P/E (Forward) (Ticker: NOW): 60.72
2025-07-09 - 22:11:29 - INFO: P/E (Trailing) (Ticker: NOW): 137.58
2025-07-09 - 22:11:29 - INFO: CFOA (annual) (Ticker: TJX): 19.26 %
2025-07-09 - 22:11:29 - INFO: ---------------------- APP ----------------------
2025-07-09 - 22:11:29 - INFO: P/E (Forward) (Ticker: APP): 68.36
2025-07-09 - 22:11:29 - INFO: P/E (Trailing) (Ticker: APP): 63.9
2025-07-09 - 22:11:30 - ERROR: Error calculating CFOA (ttm) (Ticker: SAN): Error occurred while calculcating CFOA TTM (Ticker: SAN): 'Operating Cash Flow'!
2025-07-09 - 22:11:30 - INFO: ROE - Calc (Ticker: ISRG): 15.94 %
2025-07-09 - 22:11:30 - INFO: ROE - MSCI (Ticker: ISRG): 14.63 %
2025-07-09 - 22:11:30 - INFO: ROA (ttm) (Yahoo Finance) (Ticker: ISRG): 8.84 %
2025-07-09 - 22:11:30 - INFO: ROA - Calc (Ticker: ISRG): 12.39 %
2025-07-09 - 22:11:30 - INFO: CFOA (ttm) (Ticker: TJX): 18.24 %
2025-07-09 - 22:11:30 - INFO: GPOA (Ticker: TJX): 54.33 %
2025-07-09 - 22:11:30 - INFO: GPMAR (Ticker: TJX): 30.6 %
2025-07-09 - 22:11:30 - INFO: Profit Margin (Ticker: TJX): 8.48 %
2025-07-09 - 22:11:30 - INFO: Sector: Consumer Cyclical
2025-07-09 - 22:11:30 - INFO: Industry: Apparel Retail
2025-07-09 - 22:11:30 - INFO: EBIT/TEV (Ticker: NOW): 0.72 %
2025-07-09 - 22:11:30 - INFO: P/B (Ticker: NOW): 20.7
2025-07-09 - 22:11:30 - INFO: CFOA (annual) (Ticker: ISRG): 12.88 %
2025-07-09 - 22:11:30 - INFO: EBIT/TEV (Ticker: APP): 1.95 %
2025-07-09 - 22:11:30 - INFO: P/B (Ticker: APP): 207.37
2025-07-09 - 22:11:30 - INFO: Fetched Earnings data (EPS) for 4 years period (Ticker: NOW).
2025-07-09 - 22:11:30 - INFO: EPS (latest) (Ticker: NOW): 6.92
2025-07-09 - 22:11:30 - INFO: Fetched Earnings data (Net Income) for 4 years period (Ticker: NOW).
2025-07-09 - 22:11:30 - INFO: Calculating Earnings Variability (EVAR) using EPS over 3 year period (Ticker: NOW).
2025-07-09 - 22:11:30 - INFO: EVAR 4Y (EPS) (Ticker: NOW): 242.17%
2025-07-09 - 22:11:30 - INFO: Calculating Earnings Variability (EVAR) using Net Income over 3 year period (Ticker: NOW).
2025-07-09 - 22:11:30 - INFO: EVAR 4Y (Net Income) (Ticker: NOW): 244.73%
2025-07-09 - 22:11:30 - INFO: CAGR 4Y (EPS) (Ticker: NOW): 81.36 %
2025-07-09 - 22:11:30 - INFO: CAGR 4Y (Net Income) (Ticker: NOW): 83.67 %
2025-07-09 - 22:11:30 - INFO: Dividend Yield (Ticker: NOW): N/A
2025-07-09 - 22:11:30 - INFO: ROE (ttm) (Yahoo Finance) (Ticker: NOW): 16.86 %
2025-07-09 - 22:11:30 - INFO: CFOA (ttm) (Ticker: ISRG): 15.1 %
2025-07-09 - 22:11:30 - INFO: GPOA (Ticker: ISRG): 30.06 %
2025-07-09 - 22:11:30 - INFO: GPMAR (Ticker: ISRG): 67.46 %
2025-07-09 - 22:11:30 - INFO: Profit Margin (Ticker: ISRG): 28.41 %
2025-07-09 - 22:11:30 - INFO: Sector: Healthcare
2025-07-09 - 22:11:30 - INFO: Industry: Medical Instruments & Supplies
2025-07-09 - 22:11:30 - INFO: GPOA (Ticker: GS): 3.11 %
2025-07-09 - 22:11:30 - INFO: GPMAR (Ticker: GS): 41.12 %
2025-07-09 - 22:11:30 - ERROR: Error calculating GPOA and GPMAR TTM (Ticker: GS): Cannot calculate GPOA (Ticker: GS): 'Gross Profit' data is missing in the Income Statement.
2025-07-09 - 22:11:30 - INFO: Profit Margin (Ticker: GS): 28.06 %
2025-07-09 - 22:11:30 - INFO: Sector: Financial Services
2025-07-09 - 22:11:30 - INFO: Industry: Capital Markets
2025-07-09 - 22:11:30 - INFO: Fetched Earnings data (EPS) for 4 years period (Ticker: APP).
2025-07-09 - 22:11:30 - INFO: EPS (latest) (Ticker: APP): 4.68
2025-07-09 - 22:11:30 - INFO: Fetched Earnings data (Net Income) for 4 years period (Ticker: APP).
2025-07-09 - 22:11:30 - INFO: Calculating Earnings Variability (EVAR) using EPS over 3 year period (Ticker: APP).
2025-07-09 - 22:11:30 - INFO: ROE - Calc (Ticker: NOW): 16.86 %
2025-07-09 - 22:11:30 - INFO: EVAR 4Y (EPS) (Ticker: APP): 548.88%
2025-07-09 - 22:11:30 - INFO: ROE - MSCI (Ticker: NOW): 15.2 %
2025-07-09 - 22:11:30 - INFO: Calculating Earnings Variability (EVAR) using Net Income over 3 year period (Ticker: APP).
2025-07-09 - 22:11:30 - INFO: ROA (ttm) (Yahoo Finance) (Ticker: NOW): 4.92 %
2025-07-09 - 22:11:30 - INFO: GPOA (Ticker: PGR): 71.25 %
2025-07-09 - 22:11:30 - INFO: EVAR 4Y (Net Income) (Ticker: APP): 553.71%
2025-07-09 - 22:11:30 - INFO: ROA - Calc (Ticker: NOW): 6.99 %
2025-07-09 - 22:11:30 - INFO: GPMAR (Ticker: PGR): 100.0 %
2025-07-09 - 22:11:30 - INFO: CAGR 4Y (EPS) (Ticker: APP): 260.37 %
2025-07-09 - 22:11:30 - ERROR: Error calculating GPOA and GPMAR TTM (Ticker: PGR): Cannot calculate GPOA (Ticker: PGR): 'Gross Profit' data is missing in the Income Statement.
2025-07-09 - 22:11:30 - INFO: CAGR 4Y (Net Income) (Ticker: APP): 254.55 %
2025-07-09 - 22:11:30 - INFO: Profit Margin (Ticker: PGR): 11.1 %
2025-07-09 - 22:11:30 - INFO: Dividend Yield (Ticker: APP): N/A
2025-07-09 - 22:11:30 - INFO: Sector: Financial Services
2025-07-09 - 22:11:30 - INFO: ROE (ttm) (Yahoo Finance) (Ticker: APP): 287.51 %
2025-07-09 - 22:11:30 - INFO: Industry: Insurance - Property & Casualty
2025-07-09 - 22:11:30 - INFO: ---------------------- RY ----------------------
2025-07-09 - 22:11:30 - INFO: P/E (Forward) (Ticker: RY): 14.28
2025-07-09 - 22:11:30 - INFO: P/E (Trailing) (Ticker: RY): 14.33
2025-07-09 - 22:11:30 - INFO: ROE - Calc (Ticker: APP): 287.51 %
2025-07-09 - 22:11:30 - INFO: ROE - MSCI (Ticker: APP): 303.73 %
2025-07-09 - 22:11:30 - INFO: ROA (ttm) (Yahoo Finance) (Ticker: APP): 27.27 %
2025-07-09 - 22:11:31 - INFO: ROA - Calc (Ticker: APP): 26.92 %
2025-07-09 - 22:11:31 - INFO: CFOA (annual) (Ticker: NOW): 20.93 %
2025-07-09 - 22:11:31 - INFO: CFOA (ttm) (Ticker: NOW): 23.61 %
2025-07-09 - 22:11:31 - INFO: GPOA (Ticker: NOW): 42.67 %
2025-07-09 - 22:11:31 - INFO: GPMAR (Ticker: NOW): 79.18 %
2025-07-09 - 22:11:31 - INFO: Profit Margin (Ticker: NOW): 13.41 %
2025-07-09 - 22:11:31 - INFO: Sector: Technology
2025-07-09 - 22:11:31 - INFO: Industry: Software - Application
2025-07-09 - 22:11:31 - INFO: CFOA (annual) (Ticker: APP): 35.76 %
2025-07-09 - 22:11:31 - INFO: ---------------------- CME ----------------------
2025-07-09 - 22:11:31 - INFO: P/E (Forward) (Ticker: CME): 26.58
2025-07-09 - 22:11:31 - INFO: GPOA (Ticker: SAN): 2.77 %
2025-07-09 - 22:11:31 - INFO: P/E (Trailing) (Ticker: CME): 27.7
2025-07-09 - 22:11:31 - INFO: GPMAR (Ticker: SAN): 100.0 %
2025-07-09 - 22:11:31 - ERROR: Error calculating GPOA and GPMAR TTM (Ticker: SAN): Cannot calculate GPOA (Ticker: SAN): 'Gross Profit' data is missing in the Income Statement.
2025-07-09 - 22:11:31 - INFO: Profit Margin (Ticker: SAN): 25.87 %
2025-07-09 - 22:11:31 - INFO: Sector: Financial Services
2025-07-09 - 22:11:31 - INFO: Industry: Banks - Diversified
2025-07-09 - 22:11:31 - INFO: EBIT/TEV (Ticker: RY): 8.16 %
2025-07-09 - 22:11:31 - INFO: P/B (Ticker: RY): 1.53
2025-07-09 - 22:11:31 - INFO: ---------------------- RTX ----------------------
2025-07-09 - 22:11:31 - INFO: P/E (Forward) (Ticker: RTX): 23.92
2025-07-09 - 22:11:31 - INFO: ---------------------- MUV2.DE ----------------------
2025-07-09 - 22:11:31 - INFO: P/E (Trailing) (Ticker: RTX): 42.86
2025-07-09 - 22:11:31 - INFO: P/E (Forward) (Ticker: MUV2.DE): 12.53
2025-07-09 - 22:11:31 - INFO: P/E (Trailing) (Ticker: MUV2.DE): 16.32
2025-07-09 - 22:11:31 - INFO: CFOA (ttm) (Ticker: APP): 45.55 %
2025-07-09 - 22:11:31 - INFO: GPOA (Ticker: APP): 60.36 %
2025-07-09 - 22:11:31 - INFO: GPMAR (Ticker: APP): 75.22 %
2025-07-09 - 22:11:31 - INFO: Profit Margin (Ticker: APP): 37.39 %
2025-07-09 - 22:11:31 - INFO: Sector: Communication Services
2025-07-09 - 22:11:31 - INFO: Industry: Advertising Agencies
2025-07-09 - 22:11:31 - INFO: Fetched Earnings data (EPS) for 4 years period (Ticker: RY).
2025-07-09 - 22:11:31 - INFO: EPS (latest) (Ticker: RY): 11.27
2025-07-09 - 22:11:31 - INFO: Fetched Earnings data (Net Income) for 4 years period (Ticker: RY).
2025-07-09 - 22:11:31 - INFO: Calculating Earnings Variability (EVAR) using EPS over 3 year period (Ticker: RY).
2025-07-09 - 22:11:31 - INFO: EVAR 4Y (EPS) (Ticker: RY): 7.96%
2025-07-09 - 22:11:31 - INFO: Calculating Earnings Variability (EVAR) using Net Income over 3 year period (Ticker: RY).
2025-07-09 - 22:11:31 - INFO: EVAR 4Y (Net Income) (Ticker: RY): 9.52%
2025-07-09 - 22:11:31 - INFO: CAGR 4Y (EPS) (Ticker: RY): 0.57 %
2025-07-09 - 22:11:31 - INFO: CAGR 4Y (Net Income) (Ticker: RY): 0.4 %
2025-07-09 - 22:11:31 - INFO: Dividend Yield (Ticker: RY): 3.39 %
2025-07-09 - 22:11:31 - INFO: ROE (ttm) (Yahoo Finance) (Ticker: RY): 14.35 %
2025-07-09 - 22:11:31 - INFO: EBIT/TEV (Ticker: CME): 4.03 %
2025-07-09 - 22:11:31 - INFO: P/B (Ticker: CME): 3.67
2025-07-09 - 22:11:32 - INFO: EBIT/TEV (Ticker: RTX): 2.88 %
2025-07-09 - 22:11:32 - INFO: P/B (Ticker: RTX): 3.17
2025-07-09 - 22:11:32 - INFO: EBIT/TEV (Ticker: MUV2.DE): 8.2 %
2025-07-09 - 22:11:32 - INFO: P/B (Ticker: MUV2.DE): 2.28
2025-07-09 - 22:11:32 - INFO: ROE - Calc (Ticker: RY): 14.35 %
2025-07-09 - 22:11:32 - INFO: ROE - MSCI (Ticker: RY): 13.22 %
2025-07-09 - 22:11:32 - INFO: ROA (ttm) (Yahoo Finance) (Ticker: RY): 0.85 %
2025-07-09 - 22:11:32 - INFO: ROA - Calc (Ticker: RY): 0.75 %
2025-07-09 - 22:11:32 - INFO: Fetched Earnings data (EPS) for 4 years period (Ticker: CME).
2025-07-09 - 22:11:32 - INFO: EPS (latest) (Ticker: CME): 9.69
2025-07-09 - 22:11:32 - INFO: Fetched Earnings data (Net Income) for 4 years period (Ticker: CME).
2025-07-09 - 22:11:32 - INFO: ---------------------- MCK ----------------------
2025-07-09 - 22:11:32 - INFO: Calculating Earnings Variability (EVAR) using EPS over 3 year period (Ticker: CME).
2025-07-09 - 22:11:32 - INFO: EVAR 4Y (EPS) (Ticker: CME): 9.13%
2025-07-09 - 22:11:32 - INFO: P/E (Forward) (Ticker: MCK): 19.75
2025-07-09 - 22:11:32 - INFO: Calculating Earnings Variability (EVAR) using Net Income over 3 year period (Ticker: CME).
2025-07-09 - 22:11:32 - INFO: P/E (Trailing) (Ticker: MCK): 28.28
2025-07-09 - 22:11:32 - INFO: EVAR 4Y (Net Income) (Ticker: CME): 8.96%
2025-07-09 - 22:11:32 - INFO: CAGR 4Y (EPS) (Ticker: CME): 9.9 %
2025-07-09 - 22:11:32 - INFO: CAGR 4Y (Net Income) (Ticker: CME): 10.17 %
2025-07-09 - 22:11:32 - INFO: Dividend Yield (Ticker: CME): 1.81 %
2025-07-09 - 22:11:32 - INFO: ROE (ttm) (Yahoo Finance) (Ticker: CME): 13.39 %
2025-07-09 - 22:11:32 - INFO: ---------------------- CRWD ----------------------
2025-07-09 - 22:11:32 - INFO: P/E (Forward) (Ticker: CRWD): 120.26
2025-07-09 - 22:11:32 - INFO: P/E (Trailing) (Ticker: CRWD): N/A
2025-07-09 - 22:11:32 - INFO: Fetched Earnings data (EPS) for 4 years period (Ticker: RTX).
2025-07-09 - 22:11:32 - INFO: EPS (latest) (Ticker: RTX): 3.58
2025-07-09 - 22:11:32 - INFO: Fetched Earnings data (Net Income) for 4 years period (Ticker: RTX).
2025-07-09 - 22:11:32 - INFO: Calculating Earnings Variability (EVAR) using EPS over 3 year period (Ticker: RTX).
2025-07-09 - 22:11:32 - INFO: EVAR 4Y (EPS) (Ticker: RTX): 50.25%
2025-07-09 - 22:11:32 - INFO: Calculating Earnings Variability (EVAR) using Net Income over 3 year period (Ticker: RTX).
2025-07-09 - 22:11:32 - INFO: Fetched Earnings data (EPS) for 4 years period (Ticker: MUV2.DE).
2025-07-09 - 22:11:32 - INFO: EVAR 4Y (Net Income) (Ticker: RTX): 47.06%
2025-07-09 - 22:11:32 - INFO: EPS (latest) (Ticker: MUV2.DE): 42.78
2025-07-09 - 22:11:32 - INFO: CAGR 4Y (EPS) (Ticker: RTX): 11.68 %
2025-07-09 - 22:11:32 - INFO: Fetched Earnings data (Net Income) for 4 years period (Ticker: MUV2.DE).
2025-07-09 - 22:11:32 - INFO: CAGR 4Y (Net Income) (Ticker: RTX): 7.3 %
2025-07-09 - 22:11:32 - INFO: Calculating Earnings Variability (EVAR) using EPS over 3 year period (Ticker: MUV2.DE).
2025-07-09 - 22:11:32 - INFO: EVAR 4Y (EPS) (Ticker: MUV2.DE): 46.93%
2025-07-09 - 22:11:32 - INFO: Dividend Yield (Ticker: RTX): 1.86 %
2025-07-09 - 22:11:32 - INFO: ROE (ttm) (Yahoo Finance) (Ticker: RTX): 7.8 %
2025-07-09 - 22:11:32 - INFO: Calculating Earnings Variability (EVAR) using Net Income over 3 year period (Ticker: MUV2.DE).
2025-07-09 - 22:11:32 - INFO: EVAR 4Y (Net Income) (Ticker: MUV2.DE): 47.61%
2025-07-09 - 22:11:32 - INFO: CAGR 4Y (EPS) (Ticker: MUV2.DE): 26.91 %
2025-07-09 - 22:11:32 - INFO: CAGR 4Y (Net Income) (Ticker: MUV2.DE): 24.68 %
2025-07-09 - 22:11:32 - INFO: Dividend Yield (Ticker: MUV2.DE): 3.64 %
2025-07-09 - 22:11:32 - INFO: ROE (ttm) (Yahoo Finance) (Ticker: MUV2.DE): 14.41 %
2025-07-09 - 22:11:32 - INFO: CFOA (annual) (Ticker: RY): 1.07 %
2025-07-09 - 22:11:32 - INFO: ROE - Calc (Ticker: CME): 13.39 %
2025-07-09 - 22:11:32 - INFO: ROE - MSCI (Ticker: CME): 13.29 %
2025-07-09 - 22:11:32 - INFO: ROA (ttm) (Yahoo Finance) (Ticker: CME): 1.76 %
2025-07-09 - 22:11:32 - INFO: ROA - Calc (Ticker: CME): 2.57 %
2025-07-09 - 22:11:32 - INFO: ---------------------- DB1.DE ----------------------
2025-07-09 - 22:11:32 - INFO: P/E (Forward) (Ticker: DB1.DE): 24.98
2025-07-09 - 22:11:32 - INFO: P/E (Trailing) (Ticker: DB1.DE): 25.28
2025-07-09 - 22:11:32 - INFO: ROE - Calc (Ticker: RTX): 7.54 %
2025-07-09 - 22:11:32 - INFO: ROE - MSCI (Ticker: RTX): 7.7 %
2025-07-09 - 22:11:32 - INFO: ROA (ttm) (Yahoo Finance) (Ticker: RTX): 3.47 %
2025-07-09 - 22:11:32 - INFO: ROA - Calc (Ticker: RTX): 2.93 %
2025-07-09 - 22:11:32 - INFO: ROE - Calc (Ticker: MUV2.DE): 14.44 %
2025-07-09 - 22:11:32 - INFO: ROE - MSCI (Ticker: MUV2.DE): 17.26 %
2025-07-09 - 22:11:32 - INFO: ROA (ttm) (Yahoo Finance) (Ticker: MUV2.DE): 1.47 %
2025-07-09 - 22:11:32 - INFO: ROA - Calc (Ticker: MUV2.DE): 1.98 %
2025-07-09 - 22:11:32 - INFO: CFOA (annual) (Ticker: CME): 2.69 %
2025-07-09 - 22:11:32 - INFO: EBIT/TEV (Ticker: MCK): 5.21 %
2025-07-09 - 22:11:32 - INFO: P/B (Ticker: MCK): -43.82
2025-07-09 - 22:11:32 - INFO: CFOA (ttm) (Ticker: RY): 3.75 %
2025-07-09 - 22:11:32 - INFO: EBIT/TEV (Ticker: CRWD): -0.2 %
2025-07-09 - 22:11:32 - INFO: P/B (Ticker: CRWD): 37.06
2025-07-09 - 22:11:33 - INFO: CFOA (annual) (Ticker: RTX): 4.4 %
2025-07-09 - 22:11:33 - INFO: CFOA (ttm) (Ticker: CME): 2.81 %
2025-07-09 - 22:11:33 - INFO: CFOA (annual) (Ticker: MUV2.DE): 1.1 %
2025-07-09 - 22:11:33 - INFO: GPOA (Ticker: CME): 3.84 %
2025-07-09 - 22:11:33 - INFO: GPMAR (Ticker: CME): 86.13 %
2025-07-09 - 22:11:33 - INFO: Profit Margin (Ticker: CME): 57.81 %
2025-07-09 - 22:11:33 - INFO: Sector: Financial Services
2025-07-09 - 22:11:33 - INFO: Industry: Financial Data & Stock Exchanges
2025-07-09 - 22:11:33 - INFO: Fetched Earnings data (EPS) for 4 years period (Ticker: MCK).
2025-07-09 - 22:11:33 - INFO: EPS (latest) (Ticker: MCK): 25.86
2025-07-09 - 22:11:33 - INFO: Fetched Earnings data (Net Income) for 4 years period (Ticker: MCK).
2025-07-09 - 22:11:33 - INFO: Calculating Earnings Variability (EVAR) using EPS over 3 year period (Ticker: MCK).
2025-07-09 - 22:11:33 - INFO: EVAR 4Y (EPS) (Ticker: MCK): 140.66%
2025-07-09 - 22:11:33 - INFO: Calculating Earnings Variability (EVAR) using Net Income over 3 year period (Ticker: MCK).
2025-07-09 - 22:11:33 - INFO: EVAR 4Y (Net Income) (Ticker: MCK): 129.1%
2025-07-09 - 22:11:33 - INFO: EBIT/TEV (Ticker: DB1.DE): -4.39 %
2025-07-09 - 22:11:33 - INFO: CAGR 4Y (EPS) (Ticker: MCK): 52.3 %
2025-07-09 - 22:11:33 - INFO: P/B (Ticker: DB1.DE): 4.48
2025-07-09 - 22:11:33 - INFO: CAGR 4Y (Net Income) (Ticker: MCK): 43.55 %
2025-07-09 - 22:11:33 - INFO: Dividend Yield (Ticker: MCK): 0.39 %
2025-07-09 - 22:11:33 - INFO: ROE (ttm) (Yahoo Finance) (Ticker: MCK): N/A
2025-07-09 - 22:11:33 - INFO: Fetched Earnings data (EPS) for 4 years period (Ticker: CRWD).
2025-07-09 - 22:11:33 - INFO: EPS (latest) (Ticker: CRWD): -0.08
2025-07-09 - 22:11:33 - INFO: Fetched Earnings data (Net Income) for 4 years period (Ticker: CRWD).
2025-07-09 - 22:11:33 - INFO: Calculating Earnings Variability (EVAR) using EPS over 3 year period (Ticker: CRWD).
2025-07-09 - 22:11:33 - INFO: EVAR 4Y (EPS) (Ticker: CRWD): 134.37%
2025-07-09 - 22:11:33 - INFO: Calculating Earnings Variability (EVAR) using Net Income over 3 year period (Ticker: CRWD).
2025-07-09 - 22:11:33 - INFO: EVAR 4Y (Net Income) (Ticker: CRWD): 135.25%
2025-07-09 - 22:11:33 - INFO: CAGR 4Y (EPS) (Ticker: CRWD): 24.34 %
2025-07-09 - 22:11:33 - INFO: CAGR 4Y (Net Income) (Ticker: CRWD): 24.24 %
2025-07-09 - 22:11:33 - INFO: Dividend Yield (Ticker: CRWD): N/A
2025-07-09 - 22:11:33 - INFO: ROE (ttm) (Yahoo Finance) (Ticker: CRWD): -5.74 %
2025-07-09 - 22:11:33 - INFO: CFOA (ttm) (Ticker: RTX): 4.97 %
2025-07-09 - 22:11:33 - INFO: GPOA (Ticker: RTX): 9.46 %
2025-07-09 - 22:11:33 - INFO: GPMAR (Ticker: RTX): 19.09 %
2025-07-09 - 22:11:33 - INFO: Profit Margin (Ticker: RTX): 5.63 %
2025-07-09 - 22:11:33 - INFO: Sector: Industrials
2025-07-09 - 22:11:33 - INFO: Industry: Aerospace & Defense
2025-07-09 - 22:11:33 - ERROR: Error calculating CFOA (ttm) (Ticker: MUV2.DE): Error occurred while calculcating CFOA TTM (Ticker: MUV2.DE): 'Operating Cash Flow'!
2025-07-09 - 22:11:33 - INFO: ROE - Calc (Ticker: MCK): N/A
2025-07-09 - 22:11:33 - INFO: ROE - MSCI (Ticker: MCK): -111.77 %
2025-07-09 - 22:11:33 - INFO: ROA (ttm) (Yahoo Finance) (Ticker: MCK): 4.31 %
2025-07-09 - 22:11:33 - INFO: ROA - Calc (Ticker: MCK): 4.39 %
2025-07-09 - 22:11:33 - INFO: Fetched Earnings data (EPS) for 4 years period (Ticker: DB1.DE).
2025-07-09 - 22:11:33 - INFO: EPS (latest) (Ticker: DB1.DE): 10.6
2025-07-09 - 22:11:33 - INFO: Fetched Earnings data (Net Income) for 4 years period (Ticker: DB1.DE).
2025-07-09 - 22:11:33 - INFO: Calculating Earnings Variability (EVAR) using EPS over 3 year period (Ticker: DB1.DE).
2025-07-09 - 22:11:33 - INFO: EVAR 4Y (EPS) (Ticker: DB1.DE): 5.48%
2025-07-09 - 22:11:33 - INFO: Calculating Earnings Variability (EVAR) using Net Income over 3 year period (Ticker: DB1.DE).
2025-07-09 - 22:11:33 - INFO: EVAR 4Y (Net Income) (Ticker: DB1.DE): 5.52%
2025-07-09 - 22:11:33 - INFO: CAGR 4Y (EPS) (Ticker: DB1.DE): 17.17 %
2025-07-09 - 22:11:33 - INFO: CAGR 4Y (Net Income) (Ticker: DB1.DE): 17.22 %
2025-07-09 - 22:11:33 - INFO: Dividend Yield (Ticker: DB1.DE): 1.44 %
2025-07-09 - 22:11:33 - INFO: ROE (ttm) (Yahoo Finance) (Ticker: DB1.DE): 18.86 %
2025-07-09 - 22:11:33 - INFO: ROE - Calc (Ticker: CRWD): -5.76 %
2025-07-09 - 22:11:33 - INFO: ROE - MSCI (Ticker: CRWD): -1.02 %
2025-07-09 - 22:11:33 - INFO: ROA (ttm) (Yahoo Finance) (Ticker: CRWD): -1.47 %
2025-07-09 - 22:11:33 - INFO: ROA - Calc (Ticker: CRWD): -0.22 %
2025-07-09 - 22:11:33 - INFO: GPOA (Ticker: MUV2.DE): None %
2025-07-09 - 22:11:33 - INFO: GPMAR (Ticker: MUV2.DE): None %
2025-07-09 - 22:11:33 - ERROR: Error calculating GPOA and GPMAR TTM (Ticker: MUV2.DE): Cannot calculate GPOA (Ticker: MUV2.DE): 'Gross Profit' data is missing in the Income Statement.
2025-07-09 - 22:11:33 - INFO: Profit Margin (Ticker: MUV2.DE): 7.54 %
2025-07-09 - 22:11:33 - INFO: Sector: Financial Services
2025-07-09 - 22:11:33 - INFO: Industry: Insurance - Reinsurance
2025-07-09 - 22:11:33 - ERROR: Error calculating profitability growth metrics for MUV2.DE: Cannot calculate CAGR. No Earnings Growth data available (Ticker: MUV2.DE).
2025-07-09 - 22:11:33 - ERROR: Cannot calculate CAGR. No Earnings Growth data available (Ticker: MUV2.DE).
Traceback (most recent call last):
  File "StockFactorScreener.py", line 249, in calc_profitability_growth
  File "ProfitabilityCalculator.py", line 1004, in calc_cagr
ProfitabilityCalculator.CAGRCalcError: Cannot calculate CAGR. No Earnings Growth data available (Ticker: MUV2.DE).
2025-07-09 - 22:11:33 - INFO: CFOA (annual) (Ticker: MCK): 8.1 %
2025-07-09 - 22:11:33 - INFO: ROE - Calc (Ticker: DB1.DE): 18.80 %
2025-07-09 - 22:11:33 - ERROR: Unhandled error analyzing stock (Ticker: DB1.DE)
2025-07-09 - 22:11:33 - ERROR: Cannot calculate Trailing EPS! Not enough EPS data for the last 4 quarters (Ticker: DB1.DE).
Traceback (most recent call last):
  File "StockFactorScreener.py", line 605, in analyze_stock
  File "ProfitabilityCalculator.py", line 304, in calc_roe_msci
  File "EarningsEngine.py", line 351, in calc_eps_ttm
EarningsEngine.EPSCalcError: Cannot calculate Trailing EPS! Not enough EPS data for the last 4 quarters (Ticker: DB1.DE).
2025-07-09 - 22:11:33 - INFO: CFOA (annual) (Ticker: CRWD): 15.88 %
2025-07-09 - 22:11:34 - INFO: CFOA (ttm) (Ticker: MCK): 8.38 %
2025-07-09 - 22:11:34 - INFO: GPOA (Ticker: MCK): 17.73 %
2025-07-09 - 22:11:34 - INFO: GPMAR (Ticker: MCK): 3.71 %
2025-07-09 - 22:11:34 - INFO: Profit Margin (Ticker: MCK): 0.92 %
2025-07-09 - 22:11:34 - INFO: Sector: Healthcare
2025-07-09 - 22:11:34 - INFO: Industry: Medical Distribution
2025-07-09 - 22:11:34 - INFO: CFOA (ttm) (Ticker: CRWD): 17.07 %
2025-07-09 - 22:11:34 - INFO: ---------------------- ZURN.SW ----------------------
2025-07-09 - 22:11:34 - INFO: GPOA (Ticker: CRWD): 34.04 %
2025-07-09 - 22:11:34 - INFO: P/E (Forward) (Ticker: ZURN.SW): 14.84
2025-07-09 - 22:11:34 - INFO: GPMAR (Ticker: CRWD): 74.92 %
2025-07-09 - 22:11:34 - INFO: P/E (Trailing) (Ticker: ZURN.SW): 17.48
2025-07-09 - 22:11:34 - INFO: Profit Margin (Ticker: CRWD): -4.17 %
2025-07-09 - 22:11:34 - INFO: Sector: Technology
2025-07-09 - 22:11:34 - INFO: Industry: Software - Infrastructure
2025-07-09 - 22:11:34 - INFO: ---------------------- HWM ----------------------
2025-07-09 - 22:11:34 - INFO: P/E (Forward) (Ticker: HWM): 57.23
2025-07-09 - 22:11:34 - INFO: P/E (Trailing) (Ticker: HWM): 59.1
2025-07-09 - 22:11:34 - INFO: ---------------------- HOOD ----------------------
2025-07-09 - 22:11:34 - INFO: P/E (Forward) (Ticker: HOOD): 129.51
2025-07-09 - 22:11:34 - INFO: P/E (Trailing) (Ticker: HOOD): 54.02
2025-07-09 - 22:11:34 - INFO: GPOA (Ticker: RY): 2.5 %
2025-07-09 - 22:11:34 - INFO: GPMAR (Ticker: RY): 40.34 %
2025-07-09 - 22:11:34 - ERROR: Error calculating GPOA and GPMAR TTM (Ticker: RY): Cannot calculate GPOA (Ticker: RY): 'Gross Profit' data is missing in the Income Statement.
2025-07-09 - 22:11:34 - INFO: Profit Margin (Ticker: RY): 31.33 %
2025-07-09 - 22:11:34 - INFO: Sector: Financial Services
2025-07-09 - 22:11:34 - INFO: Industry: Banks - Diversified
2025-07-09 - 22:11:34 - INFO: ---------------------- BATS.L ----------------------
2025-07-09 - 22:11:34 - INFO: P/E (Forward) (Ticker: BATS.L): 0.1
2025-07-09 - 22:11:34 - INFO: P/E (Trailing) (Ticker: BATS.L): 26.46
2025-07-09 - 22:11:34 - INFO: EBIT/TEV (Ticker: HWM): 2.3 %
2025-07-09 - 22:11:34 - INFO: P/B (Ticker: HWM): 15.47
2025-07-09 - 22:11:34 - INFO: ---------------------- TMUS ----------------------
2025-07-09 - 22:11:34 - INFO: P/E (Forward) (Ticker: TMUS): 21.77
2025-07-09 - 22:11:34 - INFO: P/E (Trailing) (Ticker: TMUS): 22.69
2025-07-09 - 22:11:35 - INFO: EBIT/TEV (Ticker: HOOD): 1.56 %
2025-07-09 - 22:11:35 - INFO: P/B (Ticker: HOOD): 10.51
2025-07-09 - 22:11:35 - INFO: ---------------------- ENB ----------------------
2025-07-09 - 22:11:35 - INFO: P/E (Forward) (Ticker: ENB): 20.46
2025-07-09 - 22:11:35 - INFO: P/E (Trailing) (Ticker: ENB): 22.12
2025-07-09 - 22:11:35 - INFO: Fetched Earnings data (EPS) for 4 years period (Ticker: HWM).
2025-07-09 - 22:11:35 - INFO: EPS (latest) (Ticker: HWM): 2.83
2025-07-09 - 22:11:35 - INFO: EBIT/TEV (Ticker: ZURN.SW): -39.27 %
2025-07-09 - 22:11:35 - INFO: Fetched Earnings data (Net Income) for 4 years period (Ticker: HWM).
2025-07-09 - 22:11:35 - INFO: Fetched Earnings data (EPS) for 4 years period (Ticker: HOOD).
2025-07-09 - 22:11:35 - INFO: P/B (Ticker: ZURN.SW): 3.11
2025-07-09 - 22:11:35 - INFO: Calculating Earnings Variability (EVAR) using EPS over 3 year period (Ticker: HWM).
2025-07-09 - 22:11:35 - INFO: EPS (latest) (Ticker: HOOD): 1.6
2025-07-09 - 22:11:35 - INFO: Fetched Earnings data (EPS) for 4 years period (Ticker: ZURN.SW).
2025-07-09 - 22:11:35 - INFO: EVAR 4Y (EPS) (Ticker: HWM): 17.06%
2025-07-09 - 22:11:35 - INFO: Fetched Earnings data (Net Income) for 4 years period (Ticker: HOOD).
2025-07-09 - 22:11:35 - INFO: EPS (latest) (Ticker: ZURN.SW): 40.48
2025-07-09 - 22:11:35 - INFO: Calculating Earnings Variability (EVAR) using Net Income over 3 year period (Ticker: HWM).
2025-07-09 - 22:11:35 - INFO: Calculating Earnings Variability (EVAR) using EPS over 3 year period (Ticker: HOOD).
2025-07-09 - 22:11:35 - INFO: Fetched Earnings data (Net Income) for 4 years period (Ticker: ZURN.SW).
2025-07-09 - 22:11:35 - INFO: EVAR 4Y (Net Income) (Ticker: HWM): 15.52%
2025-07-09 - 22:11:35 - INFO: EVAR 4Y (EPS) (Ticker: HOOD): 171.97%
2025-07-09 - 22:11:35 - INFO: Calculating Earnings Variability (EVAR) using EPS over 3 year period (Ticker: ZURN.SW).
2025-07-09 - 22:11:35 - INFO: CAGR 4Y (EPS) (Ticker: HWM): 67.7 %
2025-07-09 - 22:11:35 - INFO: Calculating Earnings Variability (EVAR) using Net Income over 3 year period (Ticker: HOOD).
2025-07-09 - 22:11:35 - INFO: EVAR 4Y (EPS) (Ticker: ZURN.SW): 29.62%
2025-07-09 - 22:11:35 - INFO: CAGR 4Y (Net Income) (Ticker: HWM): 64.81 %
2025-07-09 - 22:11:35 - INFO: EVAR 4Y (Net Income) (Ticker: HOOD): 174.26%
2025-07-09 - 22:11:35 - INFO: Calculating Earnings Variability (EVAR) using Net Income over 3 year period (Ticker: ZURN.SW).
2025-07-09 - 22:11:35 - INFO: Dividend Yield (Ticker: HWM): 0.21 %
2025-07-09 - 22:11:35 - INFO: CAGR 4Y (EPS) (Ticker: HOOD): 30.33 %
2025-07-09 - 22:11:35 - INFO: EVAR 4Y (Net Income) (Ticker: ZURN.SW): 28.85%
2025-07-09 - 22:11:35 - INFO: ROE (ttm) (Yahoo Finance) (Ticker: HWM): 28.29 %
2025-07-09 - 22:11:35 - INFO: CAGR 4Y (Net Income) (Ticker: HOOD): 33.56 %
2025-07-09 - 22:11:35 - INFO: CAGR 4Y (EPS) (Ticker: ZURN.SW): 4.98 %
2025-07-09 - 22:11:35 - INFO: Dividend Yield (Ticker: HOOD): N/A
2025-07-09 - 22:11:35 - INFO: CAGR 4Y (Net Income) (Ticker: ZURN.SW): 3.78 %
2025-07-09 - 22:11:35 - INFO: ROE (ttm) (Yahoo Finance) (Ticker: HOOD): 21.43 %
2025-07-09 - 22:11:35 - INFO: Dividend Yield (Ticker: ZURN.SW): 5.05 %
2025-07-09 - 22:11:35 - INFO: ROE (ttm) (Yahoo Finance) (Ticker: ZURN.SW): 23.32 %
2025-07-09 - 22:11:35 - ERROR: Error calculating ROE (ttm) (Ticker: ZURN.SW): Cannot calculate ROE (Ticker: ZURN.SW): An error occurred: Cannot calculate Net Income TTM! Net Income data is missing in the Quarterly Income Statement (Ticker: ZURN.SW).
2025-07-09 - 22:11:35 - ERROR: Unhandled error analyzing stock (Ticker: ZURN.SW)
2025-07-09 - 22:11:35 - ERROR: Cannot calculate Trailing EPS! EPS data is missing (Ticker: ZURN.SW).
Traceback (most recent call last):
  File "StockFactorScreener.py", line 605, in analyze_stock
  File "ProfitabilityCalculator.py", line 304, in calc_roe_msci
  File "EarningsEngine.py", line 343, in calc_eps_ttm
EarningsEngine.EPSCalcError: Cannot calculate Trailing EPS! EPS data is missing (Ticker: ZURN.SW).
2025-07-09 - 22:11:35 - INFO: ---------------------- WELL ----------------------
2025-07-09 - 22:11:35 - INFO: P/E (Forward) (Ticker: WELL): 83.64
2025-07-09 - 22:11:35 - INFO: P/E (Trailing) (Ticker: WELL): 86.49
2025-07-09 - 22:11:35 - INFO: EBIT/TEV (Ticker: TMUS): 5.05 %
2025-07-09 - 22:11:35 - INFO: P/B (Ticker: TMUS): 4.32
2025-07-09 - 22:11:35 - INFO: ROE - Calc (Ticker: HWM): 28.29 %
2025-07-09 - 22:11:35 - INFO: ROE - MSCI (Ticker: HWM): 25.95 %
2025-07-09 - 22:11:35 - INFO: ROA (ttm) (Yahoo Finance) (Ticker: HWM): 10.2 %
2025-07-09 - 22:11:35 - INFO: ROA - Calc (Ticker: HWM): 10.98 %
2025-07-09 - 22:11:35 - INFO: ROE - Calc (Ticker: HOOD): 21.43 %
2025-07-09 - 22:11:35 - INFO: ROE - MSCI (Ticker: HOOD): 17.36 %
2025-07-09 - 22:11:35 - INFO: ROA (ttm) (Yahoo Finance) (Ticker: HOOD): 4.32 %
2025-07-09 - 22:11:35 - INFO: ROA - Calc (Ticker: HOOD): 5.39 %
2025-07-09 - 22:11:35 - INFO: EBIT/TEV (Ticker: ENB): 5.49 %
2025-07-09 - 22:11:35 - INFO: P/B (Ticker: ENB): 1.55
2025-07-09 - 22:11:35 - INFO: Fetched Earnings data (EPS) for 4 years period (Ticker: TMUS).
2025-07-09 - 22:11:35 - INFO: EPS (latest) (Ticker: TMUS): 7.02
2025-07-09 - 22:11:35 - INFO: Fetched Earnings data (Net Income) for 4 years period (Ticker: TMUS).
2025-07-09 - 22:11:35 - INFO: Calculating Earnings Variability (EVAR) using EPS over 3 year period (Ticker: TMUS).
2025-07-09 - 22:11:35 - INFO: EVAR 4Y (EPS) (Ticker: TMUS): 145.06%
2025-07-09 - 22:11:35 - INFO: Calculating Earnings Variability (EVAR) using Net Income over 3 year period (Ticker: TMUS).
2025-07-09 - 22:11:35 - INFO: EVAR 4Y (Net Income) (Ticker: TMUS): 123.94%
2025-07-09 - 22:11:35 - INFO: CAGR 4Y (EPS) (Ticker: TMUS): 37.85 %
2025-07-09 - 22:11:35 - INFO: CAGR 4Y (Net Income) (Ticker: TMUS): 55.36 %
2025-07-09 - 22:11:35 - INFO: Dividend Yield (Ticker: TMUS): 1.48 %
2025-07-09 - 22:11:35 - INFO: ROE (ttm) (Yahoo Finance) (Ticker: TMUS): 19.35 %
2025-07-09 - 22:11:35 - INFO: EBIT/TEV (Ticker: BATS.L): 0.04 %
2025-07-09 - 22:11:35 - INFO: P/B (Ticker: BATS.L): 165.28
2025-07-09 - 22:11:35 - INFO: Fetched Earnings data (EPS) for 4 years period (Ticker: BATS.L).
2025-07-09 - 22:11:35 - INFO: EPS (latest) (Ticker: BATS.L): 1.37
2025-07-09 - 22:11:35 - INFO: Fetched Earnings data (Net Income) for 4 years period (Ticker: BATS.L).
2025-07-09 - 22:11:35 - INFO: Calculating Earnings Variability (EVAR) using EPS over 3 year period (Ticker: BATS.L).
2025-07-09 - 22:11:35 - INFO: EVAR 4Y (EPS) (Ticker: BATS.L): 228.0%
2025-07-09 - 22:11:35 - INFO: Calculating Earnings Variability (EVAR) using Net Income over 3 year period (Ticker: BATS.L).
2025-07-09 - 22:11:35 - INFO: EVAR 4Y (Net Income) (Ticker: BATS.L): 225.24%
2025-07-09 - 22:11:35 - INFO: CAGR 4Y (EPS) (Ticker: BATS.L): -22.78 %
2025-07-09 - 22:11:35 - INFO: CAGR 4Y (Net Income) (Ticker: BATS.L): -23.31 %
2025-07-09 - 22:11:35 - INFO: Dividend Yield (Ticker: BATS.L): 6.94 %
2025-07-09 - 22:11:35 - INFO: ROE (ttm) (Yahoo Finance) (Ticker: BATS.L): 6.18 %
2025-07-09 - 22:11:35 - ERROR: Error calculating ROE (ttm) (Ticker: BATS.L): Cannot calculate ROE (Ticker: BATS.L): An error occurred: Cannot calculate Net Income TTM! Net Income data is missing in the Quarterly Income Statement (Ticker: BATS.L).
2025-07-09 - 22:11:35 - ERROR: Unhandled error analyzing stock (Ticker: BATS.L)
2025-07-09 - 22:11:35 - ERROR: Cannot calculate Trailing EPS! EPS data is missing (Ticker: BATS.L).
Traceback (most recent call last):
  File "StockFactorScreener.py", line 605, in analyze_stock
  File "ProfitabilityCalculator.py", line 304, in calc_roe_msci
  File "EarningsEngine.py", line 343, in calc_eps_ttm
EarningsEngine.EPSCalcError: Cannot calculate Trailing EPS! EPS data is missing (Ticker: BATS.L).
2025-07-09 - 22:11:35 - INFO: Fetched Earnings data (EPS) for 4 years period (Ticker: ENB).
2025-07-09 - 22:11:35 - INFO: CFOA (annual) (Ticker: HOOD): -0.6 %
2025-07-09 - 22:11:35 - INFO: EPS (latest) (Ticker: ENB): 2.34
2025-07-09 - 22:11:35 - INFO: CFOA (annual) (Ticker: HWM): 12.34 %
2025-07-09 - 22:11:35 - INFO: Fetched Earnings data (Net Income) for 4 years period (Ticker: ENB).
2025-07-09 - 22:11:35 - INFO: Calculating Earnings Variability (EVAR) using EPS over 3 year period (Ticker: ENB).
2025-07-09 - 22:11:35 - INFO: EVAR 4Y (EPS) (Ticker: ENB): 93.37%
2025-07-09 - 22:11:35 - INFO: Calculating Earnings Variability (EVAR) using Net Income over 3 year period (Ticker: ENB).
2025-07-09 - 22:11:35 - INFO: EVAR 4Y (Net Income) (Ticker: ENB): 82.05%
2025-07-09 - 22:11:35 - INFO: CAGR 4Y (EPS) (Ticker: ENB): -6.58 %
2025-07-09 - 22:11:35 - INFO: CAGR 4Y (Net Income) (Ticker: ENB): -4.2 %
2025-07-09 - 22:11:35 - INFO: Dividend Yield (Ticker: ENB): 6.05 %
2025-07-09 - 22:11:35 - INFO: ROE (ttm) (Yahoo Finance) (Ticker: ENB): 9.46 %
2025-07-09 - 22:11:35 - INFO: EBIT/TEV (Ticker: WELL): 1.07 %
2025-07-09 - 22:11:35 - INFO: P/B (Ticker: WELL): 2.92
2025-07-09 - 22:11:35 - INFO: ROE - Calc (Ticker: TMUS): 19.35 %
2025-07-09 - 22:11:35 - INFO: ROE - MSCI (Ticker: TMUS): 18.04 %
2025-07-09 - 22:11:35 - INFO: ROA (ttm) (Yahoo Finance) (Ticker: TMUS): 5.6 %
2025-07-09 - 22:11:35 - INFO: ROA - Calc (Ticker: TMUS): 5.45 %
2025-07-09 - 22:11:36 - INFO: CFOA (ttm) (Ticker: HOOD): 3.2 %
2025-07-09 - 22:11:36 - INFO: GPOA (Ticker: HOOD): 9.34 %
2025-07-09 - 22:11:36 - INFO: GPMAR (Ticker: HOOD): 82.92 %
2025-07-09 - 22:11:36 - INFO: Profit Margin (Ticker: HOOD): 48.77 %
2025-07-09 - 22:11:36 - INFO: Sector: Financial Services
2025-07-09 - 22:11:36 - INFO: CFOA (ttm) (Ticker: HWM): 12.92 %
2025-07-09 - 22:11:36 - INFO: Industry: Capital Markets
2025-07-09 - 22:11:36 - INFO: GPOA (Ticker: HWM): 21.97 %
2025-07-09 - 22:11:36 - INFO: GPMAR (Ticker: HWM): 31.1 %
2025-07-09 - 22:11:36 - INFO: Profit Margin (Ticker: HWM): 16.64 %
2025-07-09 - 22:11:36 - INFO: Sector: Industrials
2025-07-09 - 22:11:36 - INFO: Industry: Aerospace & Defense
2025-07-09 - 22:11:36 - INFO: CFOA (annual) (Ticker: TMUS): 10.72 %
2025-07-09 - 22:11:36 - INFO: ROE - Calc (Ticker: ENB): 9.50 %
2025-07-09 - 22:11:36 - INFO: ROE - MSCI (Ticker: ENB): 10.56 %
2025-07-09 - 22:11:36 - INFO: ROA (ttm) (Yahoo Finance) (Ticker: ENB): 3.35 %
2025-07-09 - 22:11:36 - INFO: ROA - Calc (Ticker: ENB): 2.48 %
2025-07-09 - 22:11:36 - INFO: Fetched Earnings data (EPS) for 4 years period (Ticker: WELL).
2025-07-09 - 22:11:36 - INFO: ---------------------- 7011.T ----------------------
2025-07-09 - 22:11:36 - INFO: EPS (latest) (Ticker: WELL): 1.58
2025-07-09 - 22:11:36 - INFO: P/E (Forward) (Ticker: 7011.T): 35.52
2025-07-09 - 22:11:36 - INFO: Fetched Earnings data (Net Income) for 4 years period (Ticker: WELL).
2025-07-09 - 22:11:36 - INFO: P/E (Trailing) (Ticker: 7011.T): 46.29
2025-07-09 - 22:11:36 - INFO: Calculating Earnings Variability (EVAR) using EPS over 3 year period (Ticker: WELL).
2025-07-09 - 22:11:36 - INFO: EVAR 4Y (EPS) (Ticker: WELL): 108.72%
2025-07-09 - 22:11:36 - INFO: Calculating Earnings Variability (EVAR) using Net Income over 3 year period (Ticker: WELL).
2025-07-09 - 22:11:36 - INFO: EVAR 4Y (Net Income) (Ticker: WELL): 127.55%
2025-07-09 - 22:11:36 - INFO: CAGR 4Y (EPS) (Ticker: WELL): 25.99 %
2025-07-09 - 22:11:36 - INFO: CAGR 4Y (Net Income) (Ticker: WELL): 41.47 %
2025-07-09 - 22:11:36 - INFO: Dividend Yield (Ticker: WELL): 1.74 %
2025-07-09 - 22:11:36 - INFO: ROE (ttm) (Yahoo Finance) (Ticker: WELL): 3.48 %
2025-07-09 - 22:11:36 - INFO: CFOA (ttm) (Ticker: TMUS): 11.43 %
2025-07-09 - 22:11:36 - INFO: GPOA (Ticker: TMUS): 24.87 %
2025-07-09 - 22:11:36 - INFO: GPMAR (Ticker: TMUS): 63.57 %
2025-07-09 - 22:11:36 - INFO: Profit Margin (Ticker: TMUS): 14.41 %
2025-07-09 - 22:11:36 - INFO: Sector: Communication Services
2025-07-09 - 22:11:36 - INFO: Industry: Telecom Services
2025-07-09 - 22:11:36 - INFO: CFOA (annual) (Ticker: ENB): 5.75 %
2025-07-09 - 22:11:36 - INFO: ROE - Calc (Ticker: WELL): 3.52 %
2025-07-09 - 22:11:36 - INFO: ROE - MSCI (Ticker: WELL): 3.43 %
2025-07-09 - 22:11:36 - INFO: ROA (ttm) (Yahoo Finance) (Ticker: WELL): 1.73 %
2025-07-09 - 22:11:36 - INFO: ROA - Calc (Ticker: WELL): 1.86 %
2025-07-09 - 22:11:36 - INFO: ---------------------- SPGI ----------------------
2025-07-09 - 22:11:36 - INFO: P/E (Forward) (Ticker: SPGI): 31.45
2025-07-09 - 22:11:36 - INFO: P/E (Trailing) (Ticker: SPGI): 41.5
2025-07-09 - 22:11:36 - INFO: CFOA (ttm) (Ticker: ENB): 5.91 %
2025-07-09 - 22:11:36 - INFO: GPOA (Ticker: ENB): 8.8 %
2025-07-09 - 22:11:36 - INFO: GPMAR (Ticker: ENB): 36.03 %
2025-07-09 - 22:11:36 - INFO: Profit Margin (Ticker: ENB): 10.33 %
2025-07-09 - 22:11:36 - INFO: Sector: Energy
2025-07-09 - 22:11:36 - INFO: Industry: Oil & Gas Midstream
2025-07-09 - 22:11:36 - INFO: CFOA (annual) (Ticker: WELL): 4.42 %
2025-07-09 - 22:11:36 - INFO: EBIT/TEV (Ticker: 7011.T): 1.53 %
2025-07-09 - 22:11:36 - INFO: P/B (Ticker: 7011.T): 4.71
2025-07-09 - 22:11:37 - INFO: ---------------------- BA.L ----------------------
2025-07-09 - 22:11:37 - INFO: P/E (Forward) (Ticker: BA.L): 0.25
2025-07-09 - 22:11:37 - INFO: CFOA (ttm) (Ticker: WELL): 4.93 %
2025-07-09 - 22:11:37 - INFO: P/E (Trailing) (Ticker: BA.L): 29.32
2025-07-09 - 22:11:37 - INFO: GPOA (Ticker: WELL): 5.92 %
2025-07-09 - 22:11:37 - INFO: GPMAR (Ticker: WELL): 38.5 %
2025-07-09 - 22:11:37 - INFO: Profit Margin (Ticker: WELL): 12.65 %
2025-07-09 - 22:11:37 - INFO: Sector: Real Estate
2025-07-09 - 22:11:37 - INFO: Industry: REIT - Healthcare Facilities
2025-07-09 - 22:11:37 - INFO: EBIT/TEV (Ticker: SPGI): 3.28 %
2025-07-09 - 22:11:37 - INFO: P/B (Ticker: SPGI): 4.86
2025-07-09 - 22:11:37 - INFO: ---------------------- MS ----------------------
2025-07-09 - 22:11:37 - INFO: P/E (Forward) (Ticker: MS): 17.85
2025-07-09 - 22:11:37 - INFO: P/E (Trailing) (Ticker: MS): 16.62
2025-07-09 - 22:11:37 - INFO: Fetched Earnings data (EPS) for 4 years period (Ticker: 7011.T).
2025-07-09 - 22:11:37 - INFO: EPS (latest) (Ticker: 7011.T): 66.07
2025-07-09 - 22:11:37 - INFO: Fetched Earnings data (Net Income) for 4 years period (Ticker: 7011.T).
2025-07-09 - 22:11:37 - INFO: ---------------------- UCG.MI ----------------------
2025-07-09 - 22:11:37 - INFO: Calculating Earnings Variability (EVAR) using EPS over 3 year period (Ticker: 7011.T).
2025-07-09 - 22:11:37 - INFO: P/E (Forward) (Ticker: UCG.MI): 10.32
2025-07-09 - 22:11:37 - INFO: Fetched Earnings data (EPS) for 4 years period (Ticker: SPGI).
2025-07-09 - 22:11:37 - INFO: EVAR 4Y (EPS) (Ticker: 7011.T): 83.93%
2025-07-09 - 22:11:37 - INFO: P/E (Trailing) (Ticker: UCG.MI): 10.1
2025-07-09 - 22:11:37 - INFO: EPS (latest) (Ticker: SPGI): 12.36
2025-07-09 - 22:11:37 - INFO: Calculating Earnings Variability (EVAR) using Net Income over 3 year period (Ticker: 7011.T).
2025-07-09 - 22:11:37 - INFO: Fetched Earnings data (Net Income) for 4 years period (Ticker: SPGI).
2025-07-09 - 22:11:37 - INFO: EVAR 4Y (Net Income) (Ticker: 7011.T): 33.25%
2025-07-09 - 22:11:37 - INFO: Calculating Earnings Variability (EVAR) using EPS over 3 year period (Ticker: SPGI).
2025-07-09 - 22:11:37 - INFO: CAGR 4Y (EPS) (Ticker: 7011.T): 76.13 %
2025-07-09 - 22:11:37 - INFO: EVAR 4Y (EPS) (Ticker: SPGI): 39.71%
2025-07-09 - 22:11:37 - INFO: CAGR 4Y (Net Income) (Ticker: 7011.T): 29.3 %
2025-07-09 - 22:11:37 - INFO: Calculating Earnings Variability (EVAR) using Net Income over 3 year period (Ticker: SPGI).
2025-07-09 - 22:11:37 - INFO: Dividend Yield (Ticker: 7011.T): 0.66 %
2025-07-09 - 22:11:37 - INFO: EVAR 4Y (Net Income) (Ticker: SPGI): 33.12%
2025-07-09 - 22:11:37 - INFO: ROE (ttm) (Yahoo Finance) (Ticker: 7011.T): 10.85 %
2025-07-09 - 22:11:37 - INFO: CAGR 4Y (EPS) (Ticker: SPGI): -0.53 %
2025-07-09 - 22:11:37 - INFO: CAGR 4Y (Net Income) (Ticker: SPGI): 8.4 %
2025-07-09 - 22:11:37 - INFO: Dividend Yield (Ticker: SPGI): 0.73 %
2025-07-09 - 22:11:37 - INFO: ROE (ttm) (Yahoo Finance) (Ticker: SPGI): 11.24 %
2025-07-09 - 22:11:37 - INFO: ---------------------- AEM ----------------------
2025-07-09 - 22:11:37 - INFO: P/E (Forward) (Ticker: AEM): 25.81
2025-07-09 - 22:11:37 - INFO: P/E (Trailing) (Ticker: AEM): 25.04
2025-07-09 - 22:11:37 - INFO: EBIT/TEV (Ticker: MS): 4.01 %
2025-07-09 - 22:11:37 - INFO: P/B (Ticker: MS): 2.34
2025-07-09 - 22:11:37 - INFO: ROE - Calc (Ticker: SPGI): 11.68 %
2025-07-09 - 22:11:37 - INFO: ROE - MSCI (Ticker: SPGI): 13.48 %
2025-07-09 - 22:11:37 - INFO: ROA (ttm) (Yahoo Finance) (Ticker: SPGI): 6.2 %
2025-07-09 - 22:11:37 - INFO: ROA - Calc (Ticker: SPGI): 6.40 %
2025-07-09 - 22:11:37 - ERROR: Error calculating ROE (ttm) (Ticker: 7011.T): Cannot calculate ROE (Ticker: 7011.T): An error occurred: Cannot calculate Net Income TTM! Not enough Net Income Quarterly data is available (Ticker: 7011.T). 
 Data for at least 4 quarters is required .
2025-07-09 - 22:11:37 - ERROR: Unhandled error analyzing stock (Ticker: 7011.T)
2025-07-09 - 22:11:37 - ERROR: Cannot calculate Trailing EPS! Not enough EPS data for the last 4 quarters (Ticker: 7011.T).
Traceback (most recent call last):
  File "StockFactorScreener.py", line 605, in analyze_stock
  File "ProfitabilityCalculator.py", line 304, in calc_roe_msci
  File "EarningsEngine.py", line 351, in calc_eps_ttm
EarningsEngine.EPSCalcError: Cannot calculate Trailing EPS! Not enough EPS data for the last 4 quarters (Ticker: 7011.T).
2025-07-09 - 22:11:37 - INFO: EBIT/TEV (Ticker: UCG.MI): 9.14 %
2025-07-09 - 22:11:37 - INFO: P/B (Ticker: UCG.MI): 1.45
2025-07-09 - 22:11:37 - INFO: Fetched Earnings data (EPS) for 4 years period (Ticker: MS).
2025-07-09 - 22:11:37 - INFO: EPS (latest) (Ticker: MS): 8.04
2025-07-09 - 22:11:37 - INFO: Fetched Earnings data (Net Income) for 4 years period (Ticker: MS).
2025-07-09 - 22:11:37 - INFO: ---------------------- APH ----------------------
2025-07-09 - 22:11:37 - INFO: Calculating Earnings Variability (EVAR) using EPS over 3 year period (Ticker: MS).
2025-07-09 - 22:11:37 - INFO: P/E (Forward) (Ticker: APH): 45.47
2025-07-09 - 22:11:37 - INFO: EVAR 4Y (EPS) (Ticker: MS): 42.44%
2025-07-09 - 22:11:37 - INFO: P/E (Trailing) (Ticker: APH): 47.67
2025-07-09 - 22:11:37 - INFO: Calculating Earnings Variability (EVAR) using Net Income over 3 year period (Ticker: MS).
2025-07-09 - 22:11:37 - INFO: EVAR 4Y (Net Income) (Ticker: MS): 40.37%
2025-07-09 - 22:11:37 - INFO: CAGR 4Y (EPS) (Ticker: MS): -0.49 %
2025-07-09 - 22:11:37 - INFO: CAGR 4Y (Net Income) (Ticker: MS): -3.79 %
2025-07-09 - 22:11:37 - INFO: Dividend Yield (Ticker: MS): 2.63 %
2025-07-09 - 22:11:37 - INFO: ROE (ttm) (Yahoo Finance) (Ticker: MS): 13.88 %
2025-07-09 - 22:11:37 - INFO: EBIT/TEV (Ticker: BA.L): 0.07 %
2025-07-09 - 22:11:37 - INFO: P/B (Ticker: BA.L): 485.13
2025-07-09 - 22:11:37 - INFO: Fetched Earnings data (EPS) for 4 years period (Ticker: BA.L).
2025-07-09 - 22:11:37 - INFO: EPS (latest) (Ticker: BA.L): 0.65
2025-07-09 - 22:11:37 - INFO: Fetched Earnings data (Net Income) for 4 years period (Ticker: BA.L).
2025-07-09 - 22:11:37 - INFO: Calculating Earnings Variability (EVAR) using EPS over 3 year period (Ticker: BA.L).
2025-07-09 - 22:11:37 - INFO: EVAR 4Y (EPS) (Ticker: BA.L): 13.7%
2025-07-09 - 22:11:37 - INFO: Calculating Earnings Variability (EVAR) using Net Income over 3 year period (Ticker: BA.L).
2025-07-09 - 22:11:37 - INFO: EVAR 4Y (Net Income) (Ticker: BA.L): 13.15%
2025-07-09 - 22:11:37 - INFO: CAGR 4Y (EPS) (Ticker: BA.L): 5.54 %
2025-07-09 - 22:11:37 - INFO: CAGR 4Y (Net Income) (Ticker: BA.L): 3.62 %
2025-07-09 - 22:11:37 - INFO: Dividend Yield (Ticker: BA.L): 1.75 %
2025-07-09 - 22:11:37 - INFO: ROE (ttm) (Yahoo Finance) (Ticker: BA.L): 18.14 %
2025-07-09 - 22:11:37 - ERROR: Error calculating ROE (ttm) (Ticker: BA.L): Cannot calculate ROE (Ticker: BA.L): An error occurred: Cannot calculate Net Income TTM! Net Income data is missing in the Quarterly Income Statement (Ticker: BA.L).
2025-07-09 - 22:11:37 - ERROR: Unhandled error analyzing stock (Ticker: BA.L)
2025-07-09 - 22:11:37 - ERROR: Cannot calculate Trailing EPS! EPS data is missing (Ticker: BA.L).
Traceback (most recent call last):
  File "StockFactorScreener.py", line 605, in analyze_stock
  File "ProfitabilityCalculator.py", line 304, in calc_roe_msci
  File "EarningsEngine.py", line 343, in calc_eps_ttm
EarningsEngine.EPSCalcError: Cannot calculate Trailing EPS! EPS data is missing (Ticker: BA.L).
2025-07-09 - 22:11:38 - INFO: CFOA (annual) (Ticker: SPGI): 9.45 %
2025-07-09 - 22:11:38 - INFO: Fetched Earnings data (EPS) for 4 years period (Ticker: UCG.MI).
2025-07-09 - 22:11:38 - INFO: EPS (latest) (Ticker: UCG.MI): 5.74
2025-07-09 - 22:11:38 - INFO: Fetched Earnings data (Net Income) for 4 years period (Ticker: UCG.MI).
2025-07-09 - 22:11:38 - INFO: Calculating Earnings Variability (EVAR) using EPS over 3 year period (Ticker: UCG.MI).
2025-07-09 - 22:11:38 - INFO: EVAR 4Y (EPS) (Ticker: UCG.MI): 114.41%
2025-07-09 - 22:11:38 - INFO: Calculating Earnings Variability (EVAR) using Net Income over 3 year period (Ticker: UCG.MI).
2025-07-09 - 22:11:38 - INFO: EVAR 4Y (Net Income) (Ticker: UCG.MI): 108.24%
2025-07-09 - 22:11:38 - INFO: CAGR 4Y (EPS) (Ticker: UCG.MI): 83.43 %
2025-07-09 - 22:11:38 - INFO: CAGR 4Y (Net Income) (Ticker: UCG.MI): 66.75 %
2025-07-09 - 22:11:38 - INFO: Dividend Yield (Ticker: UCG.MI): 4.22 %
2025-07-09 - 22:11:38 - INFO: ROE (ttm) (Yahoo Finance) (Ticker: UCG.MI): 15.23 %
2025-07-09 - 22:11:38 - INFO: ROE - Calc (Ticker: MS): 13.88 %
2025-07-09 - 22:11:38 - INFO: ROE - MSCI (Ticker: MS): 13.09 %
2025-07-09 - 22:11:38 - INFO: ROA (ttm) (Yahoo Finance) (Ticker: MS): 1.14 %
2025-07-09 - 22:11:38 - INFO: ROA - Calc (Ticker: MS): 1.10 %
2025-07-09 - 22:11:38 - INFO: EBIT/TEV (Ticker: AEM): 6.28 %
2025-07-09 - 22:11:38 - INFO: P/B (Ticker: AEM): 2.73
2025-07-09 - 22:11:38 - INFO: CFOA (ttm) (Ticker: SPGI): 9.43 %
2025-07-09 - 22:11:38 - INFO: GPOA (Ticker: SPGI): 16.3 %
2025-07-09 - 22:11:38 - INFO: GPMAR (Ticker: SPGI): 69.09 %
2025-07-09 - 22:11:38 - INFO: Profit Margin (Ticker: SPGI): 27.26 %
2025-07-09 - 22:11:38 - INFO: Sector: Financial Services
2025-07-09 - 22:11:38 - INFO: Industry: Financial Data & Stock Exchanges
2025-07-09 - 22:11:38 - INFO: CFOA (annual) (Ticker: MS): 0.11 %
2025-07-09 - 22:11:38 - INFO: EBIT/TEV (Ticker: APH): 2.95 %
2025-07-09 - 22:11:38 - INFO: P/B (Ticker: APH): 11.53
2025-07-09 - 22:11:38 - INFO: ROE - Calc (Ticker: UCG.MI): 15.18 %
2025-07-09 - 22:11:38 - INFO: ROE - MSCI (Ticker: UCG.MI): 14.41 %
2025-07-09 - 22:11:38 - INFO: ROA (ttm) (Yahoo Finance) (Ticker: UCG.MI): 1.24 %
2025-07-09 - 22:11:38 - INFO: ROA - Calc (Ticker: UCG.MI): 1.24 %
2025-07-09 - 22:11:38 - INFO: Fetched Earnings data (EPS) for 4 years period (Ticker: AEM).
2025-07-09 - 22:11:38 - INFO: EPS (latest) (Ticker: AEM): 3.79
2025-07-09 - 22:11:38 - INFO: Fetched Earnings data (Net Income) for 4 years period (Ticker: AEM).
2025-07-09 - 22:11:38 - INFO: Calculating Earnings Variability (EVAR) using EPS over 3 year period (Ticker: AEM).
2025-07-09 - 22:11:38 - INFO: EVAR 4Y (EPS) (Ticker: AEM): 103.32%
2025-07-09 - 22:11:38 - INFO: Calculating Earnings Variability (EVAR) using Net Income over 3 year period (Ticker: AEM).
2025-07-09 - 22:11:38 - INFO: EVAR 4Y (Net Income) (Ticker: AEM): 105.16%
2025-07-09 - 22:11:38 - INFO: CAGR 4Y (EPS) (Ticker: AEM): 19.34 %
2025-07-09 - 22:11:38 - INFO: CAGR 4Y (Net Income) (Ticker: AEM): 49.97 %
2025-07-09 - 22:11:38 - INFO: Dividend Yield (Ticker: AEM): 1.35 %
2025-07-09 - 22:11:38 - INFO: ROE (ttm) (Yahoo Finance) (Ticker: AEM): 11.45 %
2025-07-09 - 22:11:38 - INFO: ---------------------- RELX ----------------------
2025-07-09 - 22:11:38 - INFO: P/E (Forward) (Ticker: RELX): 32.3
2025-07-09 - 22:11:38 - INFO: P/E (Trailing) (Ticker: RELX): 38.02
2025-07-09 - 22:11:38 - INFO: Fetched Earnings data (EPS) for 4 years period (Ticker: APH).
2025-07-09 - 22:11:38 - INFO: EPS (latest) (Ticker: APH): 2.01
2025-07-09 - 22:11:38 - INFO: Fetched Earnings data (Net Income) for 4 years period (Ticker: APH).
2025-07-09 - 22:11:38 - INFO: Calculating Earnings Variability (EVAR) using EPS over 3 year period (Ticker: APH).
2025-07-09 - 22:11:38 - INFO: EVAR 4Y (EPS) (Ticker: APH): 12.3%
2025-07-09 - 22:11:38 - INFO: Calculating Earnings Variability (EVAR) using Net Income over 3 year period (Ticker: APH).
2025-07-09 - 22:11:38 - INFO: EVAR 4Y (Net Income) (Ticker: APH): 12.68%
2025-07-09 - 22:11:38 - INFO: CAGR 4Y (EPS) (Ticker: APH): 14.76 %
2025-07-09 - 22:11:38 - INFO: CAGR 4Y (Net Income) (Ticker: APH): 15.07 %
2025-07-09 - 22:11:38 - INFO: Dividend Yield (Ticker: APH): 0.67 %
2025-07-09 - 22:11:38 - INFO: ROE (ttm) (Yahoo Finance) (Ticker: APH): 27.53 %
2025-07-09 - 22:11:38 - INFO: CFOA (ttm) (Ticker: MS): -2.16 %
2025-07-09 - 22:11:38 - INFO: CFOA (annual) (Ticker: UCG.MI): -0.9 %
2025-07-09 - 22:11:38 - INFO: ROE - Calc (Ticker: AEM): 11.45 %
2025-07-09 - 22:11:38 - INFO: ROE - MSCI (Ticker: AEM): 10.98 %
2025-07-09 - 22:11:38 - INFO: ROA (ttm) (Yahoo Finance) (Ticker: AEM): 7.81 %
2025-07-09 - 22:11:38 - INFO: ROA - Calc (Ticker: AEM): 6.32 %
2025-07-09 - 22:11:38 - INFO: ---------------------- MO ----------------------
2025-07-09 - 22:11:38 - INFO: P/E (Forward) (Ticker: MO): 10.79
2025-07-09 - 22:11:38 - INFO: ROE - Calc (Ticker: APH): 27.53 %
2025-07-09 - 22:11:38 - INFO: P/E (Trailing) (Ticker: MO): 9.69
2025-07-09 - 22:11:38 - INFO: ROE - MSCI (Ticker: APH): 25.62 %
2025-07-09 - 22:11:38 - INFO: ROA (ttm) (Yahoo Finance) (Ticker: APH): 11.82 %
2025-07-09 - 22:11:38 - INFO: ROA - Calc (Ticker: APH): 11.31 %
2025-07-09 - 22:11:38 - ERROR: Error calculating CFOA (ttm) (Ticker: UCG.MI): Error occurred while calculcating CFOA TTM (Ticker: UCG.MI): 'Operating Cash Flow'!
2025-07-09 - 22:11:39 - INFO: CFOA (annual) (Ticker: AEM): 13.21 %
2025-07-09 - 22:11:39 - INFO: ---------------------- CS.PA ----------------------
2025-07-09 - 22:11:39 - INFO: P/E (Forward) (Ticker: CS.PA): 11.01
2025-07-09 - 22:11:39 - INFO: P/E (Trailing) (Ticker: CS.PA): 12.94
2025-07-09 - 22:11:39 - INFO: CFOA (annual) (Ticker: APH): 13.13 %
2025-07-09 - 22:11:39 - INFO: GPOA (Ticker: UCG.MI): None %
2025-07-09 - 22:11:39 - INFO: GPMAR (Ticker: UCG.MI): None %
2025-07-09 - 22:11:39 - ERROR: Error calculating GPOA and GPMAR TTM (Ticker: UCG.MI): Cannot calculate GPOA (Ticker: UCG.MI): 'Gross Profit' data is missing in the Income Statement.
2025-07-09 - 22:11:39 - INFO: Profit Margin (Ticker: UCG.MI): 41.05 %
2025-07-09 - 22:11:39 - INFO: Sector: Financial Services
2025-07-09 - 22:11:39 - INFO: Industry: Banks - Regional
2025-07-09 - 22:11:39 - ERROR: Error calculating profitability growth metrics for UCG.MI: Cannot calculate CAGR. No Earnings Growth data available (Ticker: UCG.MI).
2025-07-09 - 22:11:39 - ERROR: Cannot calculate CAGR. No Earnings Growth data available (Ticker: UCG.MI).
Traceback (most recent call last):
  File "StockFactorScreener.py", line 249, in calc_profitability_growth
  File "ProfitabilityCalculator.py", line 1004, in calc_cagr
ProfitabilityCalculator.CAGRCalcError: Cannot calculate CAGR. No Earnings Growth data available (Ticker: UCG.MI).
2025-07-09 - 22:11:39 - INFO: CFOA (ttm) (Ticker: AEM): 14.11 %
2025-07-09 - 22:11:39 - INFO: GPOA (Ticker: AEM): 12.29 %
2025-07-09 - 22:11:39 - INFO: CFOA (ttm) (Ticker: APH): 14.45 %
2025-07-09 - 22:11:39 - INFO: GPMAR (Ticker: AEM): 44.48 %
2025-07-09 - 22:11:39 - INFO: GPOA (Ticker: APH): 23.97 %
2025-07-09 - 22:11:39 - INFO: Profit Margin (Ticker: AEM): 26.48 %
2025-07-09 - 22:11:39 - INFO: GPMAR (Ticker: APH): 33.76 %
2025-07-09 - 22:11:39 - INFO: Sector: Basic Materials
2025-07-09 - 22:11:39 - INFO: Profit Margin (Ticker: APH): 15.57 %
2025-07-09 - 22:11:39 - INFO: Industry: Gold
2025-07-09 - 22:11:39 - INFO: EBIT/TEV (Ticker: MO): 9.8 %
2025-07-09 - 22:11:39 - INFO: Sector: Technology
2025-07-09 - 22:11:39 - INFO: P/B (Ticker: MO): -27.73
2025-07-09 - 22:11:39 - INFO: Industry: Electronic Components
2025-07-09 - 22:11:39 - INFO: EBIT/TEV (Ticker: RELX): 3.11 %
2025-07-09 - 22:11:39 - INFO: P/B (Ticker: RELX): 28.58
2025-07-09 - 22:11:39 - INFO: Fetched Earnings data (EPS) for 4 years period (Ticker: RELX).
2025-07-09 - 22:11:39 - INFO: EPS (latest) (Ticker: RELX): 0.94
2025-07-09 - 22:11:39 - INFO: Fetched Earnings data (Net Income) for 4 years period (Ticker: RELX).
2025-07-09 - 22:11:39 - INFO: Calculating Earnings Variability (EVAR) using EPS over 3 year period (Ticker: RELX).
2025-07-09 - 22:11:39 - INFO: EVAR 4Y (EPS) (Ticker: RELX): 5.29%
2025-07-09 - 22:11:39 - INFO: Calculating Earnings Variability (EVAR) using Net Income over 3 year period (Ticker: RELX).
2025-07-09 - 22:11:39 - INFO: EVAR 4Y (Net Income) (Ticker: RELX): 1.34%
2025-07-09 - 22:11:39 - INFO: CAGR 4Y (EPS) (Ticker: RELX): 14.01 %
2025-07-09 - 22:11:39 - INFO: CAGR 4Y (Net Income) (Ticker: RELX): 9.55 %
2025-07-09 - 22:11:39 - INFO: Dividend Yield (Ticker: RELX): 1.47 %
2025-07-09 - 22:11:39 - INFO: ROE (ttm) (Yahoo Finance) (Ticker: RELX): 56.0 %
2025-07-09 - 22:11:39 - ERROR: Error calculating ROE (ttm) (Ticker: RELX): Cannot calculate ROE (Ticker: RELX): An error occurred: Cannot calculate Net Income TTM! Net Income data is missing in the Quarterly Income Statement (Ticker: RELX).
2025-07-09 - 22:11:39 - ERROR: Unhandled error analyzing stock (Ticker: RELX)
2025-07-09 - 22:11:39 - ERROR: Cannot calculate Trailing EPS! EPS data is missing (Ticker: RELX).
Traceback (most recent call last):
  File "StockFactorScreener.py", line 605, in analyze_stock
  File "ProfitabilityCalculator.py", line 304, in calc_roe_msci
  File "EarningsEngine.py", line 343, in calc_eps_ttm
EarningsEngine.EPSCalcError: Cannot calculate Trailing EPS! EPS data is missing (Ticker: RELX).
2025-07-09 - 22:11:39 - INFO: Fetched Earnings data (EPS) for 4 years period (Ticker: MO).
2025-07-09 - 22:11:39 - INFO: EPS (latest) (Ticker: MO): 6.54
2025-07-09 - 22:11:39 - INFO: Fetched Earnings data (Net Income) for 4 years period (Ticker: MO).
2025-07-09 - 22:11:39 - INFO: Calculating Earnings Variability (EVAR) using EPS over 3 year period (Ticker: MO).
2025-07-09 - 22:11:39 - INFO: EVAR 4Y (EPS) (Ticker: MO): 54.79%
2025-07-09 - 22:11:39 - INFO: Calculating Earnings Variability (EVAR) using Net Income over 3 year period (Ticker: MO).
2025-07-09 - 22:11:39 - INFO: EVAR 4Y (Net Income) (Ticker: MO): 53.76%
2025-07-09 - 22:11:39 - INFO: CAGR 4Y (EPS) (Ticker: MO): 69.63 %
2025-07-09 - 22:11:39 - INFO: CAGR 4Y (Net Income) (Ticker: MO): 65.72 %
2025-07-09 - 22:11:39 - INFO: Dividend Yield (Ticker: MO): 6.96 %
2025-07-09 - 22:11:39 - INFO: ROE (ttm) (Yahoo Finance) (Ticker: MO): N/A
2025-07-09 - 22:11:40 - INFO: ROE - Calc (Ticker: MO): N/A
2025-07-09 - 22:11:40 - INFO: ROE - MSCI (Ticker: MO): -282.83 %
2025-07-09 - 22:11:40 - INFO: ROA (ttm) (Yahoo Finance) (Ticker: MO): 20.92 %
2025-07-09 - 22:11:40 - INFO: EBIT/TEV (Ticker: CS.PA): -5.07 %
2025-07-09 - 22:11:40 - INFO: ROA - Calc (Ticker: MO): 32.02 %
2025-07-09 - 22:11:40 - INFO: P/B (Ticker: CS.PA): 1.83
2025-07-09 - 22:11:40 - INFO: Fetched Earnings data (EPS) for 4 years period (Ticker: CS.PA).
2025-07-09 - 22:11:40 - INFO: EPS (latest) (Ticker: CS.PA): 3.3
2025-07-09 - 22:11:40 - INFO: Fetched Earnings data (Net Income) for 4 years period (Ticker: CS.PA).
2025-07-09 - 22:11:40 - INFO: Calculating Earnings Variability (EVAR) using EPS over 3 year period (Ticker: CS.PA).
2025-07-09 - 22:11:40 - INFO: EVAR 4Y (EPS) (Ticker: CS.PA): 38.05%
2025-07-09 - 22:11:40 - INFO: Calculating Earnings Variability (EVAR) using Net Income over 3 year period (Ticker: CS.PA).
2025-07-09 - 22:11:40 - INFO: EVAR 4Y (Net Income) (Ticker: CS.PA): 36.4%
2025-07-09 - 22:11:40 - INFO: CAGR 4Y (EPS) (Ticker: CS.PA): 3.51 %
2025-07-09 - 22:11:40 - INFO: CAGR 4Y (Net Income) (Ticker: CS.PA): 2.64 %
2025-07-09 - 22:11:40 - INFO: Dividend Yield (Ticker: CS.PA): 5.16 %
2025-07-09 - 22:11:40 - INFO: ROE (ttm) (Yahoo Finance) (Ticker: CS.PA): 12.47 %
2025-07-09 - 22:11:40 - ERROR: Error calculating ROE (ttm) (Ticker: CS.PA): Cannot calculate ROE (Ticker: CS.PA): An error occurred: Cannot calculate Net Income TTM! Net Income data is missing in the Quarterly Income Statement (Ticker: CS.PA).
2025-07-09 - 22:11:40 - ERROR: Unhandled error analyzing stock (Ticker: CS.PA)
2025-07-09 - 22:11:40 - ERROR: Cannot calculate Trailing EPS! EPS data is missing (Ticker: CS.PA).
Traceback (most recent call last):
  File "StockFactorScreener.py", line 605, in analyze_stock
  File "ProfitabilityCalculator.py", line 304, in calc_roe_msci
  File "EarningsEngine.py", line 343, in calc_eps_ttm
EarningsEngine.EPSCalcError: Cannot calculate Trailing EPS! EPS data is missing (Ticker: CS.PA).
2025-07-09 - 22:11:40 - INFO: ---------------------- ORLY ----------------------
2025-07-09 - 22:11:40 - INFO: P/E (Forward) (Ticker: ORLY): 2.06
2025-07-09 - 22:11:40 - INFO: P/E (Trailing) (Ticker: ORLY): 34.04
2025-07-09 - 22:11:40 - INFO: GPOA (Ticker: MS): 4.72 %
2025-07-09 - 22:11:40 - INFO: GPMAR (Ticker: MS): 55.61 %
2025-07-09 - 22:11:40 - ERROR: Error calculating GPOA and GPMAR TTM (Ticker: MS): Cannot calculate GPOA (Ticker: MS): 'Gross Profit' data is missing in the Income Statement.
2025-07-09 - 22:11:40 - INFO: Profit Margin (Ticker: MS): 22.35 %
2025-07-09 - 22:11:40 - INFO: Sector: Financial Services
2025-07-09 - 22:11:40 - INFO: Industry: Capital Markets
2025-07-09 - 22:11:40 - INFO: CFOA (annual) (Ticker: MO): 24.88 %
2025-07-09 - 22:11:40 - INFO: ---------------------- ICE ----------------------
2025-07-09 - 22:11:40 - INFO: P/E (Forward) (Ticker: ICE): 27.02
2025-07-09 - 22:11:40 - INFO: P/E (Trailing) (Ticker: ICE): 37.71
2025-07-09 - 22:11:40 - INFO: ---------------------- ISP.MI ----------------------
2025-07-09 - 22:11:40 - INFO: P/E (Forward) (Ticker: ISP.MI): 9.94
2025-07-09 - 22:11:40 - INFO: P/E (Trailing) (Ticker: ISP.MI): 10.14
2025-07-09 - 22:11:40 - INFO: CFOA (ttm) (Ticker: MO): 24.65 %
2025-07-09 - 22:11:40 - INFO: GPOA (Ticker: MO): 40.84 %
2025-07-09 - 22:11:40 - INFO: GPMAR (Ticker: MO): 70.27 %
2025-07-09 - 22:11:40 - INFO: Profit Margin (Ticker: MO): 50.44 %
2025-07-09 - 22:11:40 - INFO: Sector: Consumer Defensive
2025-07-09 - 22:11:40 - INFO: Industry: Tobacco
2025-07-09 - 22:11:40 - INFO: ---------------------- BBVA ----------------------
2025-07-09 - 22:11:40 - INFO: P/E (Forward) (Ticker: BBVA): 9.96
2025-07-09 - 22:11:40 - INFO: P/E (Trailing) (Ticker: BBVA): 7.62
2025-07-09 - 22:11:40 - INFO: EBIT/TEV (Ticker: ORLY): 3.72 %
2025-07-09 - 22:11:40 - INFO: P/B (Ticker: ORLY): -58.41
2025-07-09 - 22:11:41 - INFO: EBIT/TEV (Ticker: ICE): 3.75 %
2025-07-09 - 22:11:41 - INFO: P/B (Ticker: ICE): 3.74
2025-07-09 - 22:11:41 - INFO: EBIT/TEV (Ticker: ISP.MI): 7.87 %
2025-07-09 - 22:11:41 - INFO: P/B (Ticker: ISP.MI): 1.33
2025-07-09 - 22:11:41 - INFO: ---------------------- AJG ----------------------
2025-07-09 - 22:11:41 - INFO: P/E (Forward) (Ticker: AJG): 27.95
2025-07-09 - 22:11:41 - INFO: P/E (Trailing) (Ticker: AJG): 48.57
2025-07-09 - 22:11:41 - INFO: Fetched Earnings data (EPS) for 4 years period (Ticker: ORLY).
2025-07-09 - 22:11:41 - INFO: EPS (latest) (Ticker: ORLY): 40.91
2025-07-09 - 22:11:41 - INFO: Fetched Earnings data (Net Income) for 4 years period (Ticker: ORLY).
2025-07-09 - 22:11:41 - INFO: Calculating Earnings Variability (EVAR) using EPS over 3 year period (Ticker: ORLY).
2025-07-09 - 22:11:41 - INFO: EVAR 4Y (EPS) (Ticker: ORLY): 5.01%
2025-07-09 - 22:11:41 - INFO: Calculating Earnings Variability (EVAR) using Net Income over 3 year period (Ticker: ORLY).
2025-07-09 - 22:11:41 - INFO: EVAR 4Y (Net Income) (Ticker: ORLY): 4.08%
2025-07-09 - 22:11:41 - INFO: CAGR 4Y (EPS) (Ticker: ORLY): 9.23 %
2025-07-09 - 22:11:41 - INFO: CAGR 4Y (Net Income) (Ticker: ORLY): 3.31 %
2025-07-09 - 22:11:41 - INFO: Dividend Yield (Ticker: ORLY): N/A
2025-07-09 - 22:11:41 - INFO: ROE (ttm) (Yahoo Finance) (Ticker: ORLY): N/A
2025-07-09 - 22:11:41 - INFO: Fetched Earnings data (EPS) for 4 years period (Ticker: ICE).
2025-07-09 - 22:11:41 - INFO: EPS (latest) (Ticker: ICE): 4.8
2025-07-09 - 22:11:41 - INFO: Fetched Earnings data (Net Income) for 4 years period (Ticker: ICE).
2025-07-09 - 22:11:41 - INFO: Calculating Earnings Variability (EVAR) using EPS over 3 year period (Ticker: ICE).
2025-07-09 - 22:11:41 - INFO: EVAR 4Y (EPS) (Ticker: ICE): 63.76%
2025-07-09 - 22:11:41 - INFO: Calculating Earnings Variability (EVAR) using Net Income over 3 year period (Ticker: ICE).
2025-07-09 - 22:11:41 - INFO: EVAR 4Y (Net Income) (Ticker: ICE): 64.78%
2025-07-09 - 22:11:41 - INFO: CAGR 4Y (EPS) (Ticker: ICE): -12.72 %
2025-07-09 - 22:11:41 - INFO: CAGR 4Y (Net Income) (Ticker: ICE): -12.12 %
2025-07-09 - 22:11:41 - INFO: Dividend Yield (Ticker: ICE): 1.05 %
2025-07-09 - 22:11:41 - INFO: ROE (ttm) (Yahoo Finance) (Ticker: ICE): 10.42 %
2025-07-09 - 22:11:41 - INFO: Fetched Earnings data (EPS) for 4 years period (Ticker: ISP.MI).
2025-07-09 - 22:11:41 - INFO: EPS (latest) (Ticker: ISP.MI): 0.48
2025-07-09 - 22:11:41 - INFO: ---------------------- LLOY.L ----------------------
2025-07-09 - 22:11:41 - INFO: Fetched Earnings data (Net Income) for 4 years period (Ticker: ISP.MI).
2025-07-09 - 22:11:41 - INFO: P/E (Forward) (Ticker: LLOY.L): 0.11
2025-07-09 - 22:11:41 - INFO: Calculating Earnings Variability (EVAR) using EPS over 3 year period (Ticker: ISP.MI).
2025-07-09 - 22:11:41 - INFO: P/E (Trailing) (Ticker: LLOY.L): 12.59
2025-07-09 - 22:11:41 - INFO: EVAR 4Y (EPS) (Ticker: ISP.MI): 42.54%
2025-07-09 - 22:11:41 - INFO: Calculating Earnings Variability (EVAR) using Net Income over 3 year period (Ticker: ISP.MI).
2025-07-09 - 22:11:41 - INFO: EVAR 4Y (Net Income) (Ticker: ISP.MI): 39.43%
2025-07-09 - 22:11:41 - INFO: CAGR 4Y (EPS) (Ticker: ISP.MI): 29.7 %
2025-07-09 - 22:11:41 - INFO: CAGR 4Y (Net Income) (Ticker: ISP.MI): 27.46 %
2025-07-09 - 22:11:41 - INFO: Dividend Yield (Ticker: ISP.MI): 6.99 %
2025-07-09 - 22:11:41 - INFO: ROE (ttm) (Yahoo Finance) (Ticker: ISP.MI): 13.52 %
2025-07-09 - 22:11:41 - INFO: EBIT/TEV (Ticker: BBVA): 32.67 %
2025-07-09 - 22:11:41 - INFO: P/B (Ticker: BBVA): 1.67
2025-07-09 - 22:11:41 - INFO: ROE - Calc (Ticker: ORLY): N/A
2025-07-09 - 22:11:41 - INFO: ROE - MSCI (Ticker: ORLY): -2584.45 %
2025-07-09 - 22:11:41 - INFO: ROA (ttm) (Yahoo Finance) (Ticker: ORLY): 13.73 %
2025-07-09 - 22:11:41 - INFO: ROE - Calc (Ticker: ICE): 10.27 %
2025-07-09 - 22:11:41 - INFO: ROA - Calc (Ticker: ORLY): 16.02 %
2025-07-09 - 22:11:41 - INFO: ROE - MSCI (Ticker: ICE): 9.99 %
2025-07-09 - 22:11:41 - INFO: ROA (ttm) (Yahoo Finance) (Ticker: ICE): 2.09 %
2025-07-09 - 22:11:41 - INFO: ROA - Calc (Ticker: ICE): 1.98 %
2025-07-09 - 22:11:41 - INFO: ---------------------- CSU.TO ----------------------
2025-07-09 - 22:11:41 - INFO: P/E (Forward) (Ticker: CSU.TO): 37.61
2025-07-09 - 22:11:41 - INFO: P/E (Trailing) (Ticker: CSU.TO): 103.84
2025-07-09 - 22:11:41 - INFO: ROE - Calc (Ticker: ISP.MI): 13.56 %
2025-07-09 - 22:11:41 - INFO: ROE - MSCI (Ticker: ISP.MI): 13.15 %
2025-07-09 - 22:11:41 - INFO: ROA (ttm) (Yahoo Finance) (Ticker: ISP.MI): 0.96 %
2025-07-09 - 22:11:41 - INFO: ROA - Calc (Ticker: ISP.MI): 0.93 %
2025-07-09 - 22:11:41 - INFO: Fetched Earnings data (EPS) for 4 years period (Ticker: BBVA).
2025-07-09 - 22:11:41 - INFO: EPS (latest) (Ticker: BBVA): 1.68
2025-07-09 - 22:11:41 - INFO: Fetched Earnings data (Net Income) for 4 years period (Ticker: BBVA).
2025-07-09 - 22:11:41 - INFO: EBIT/TEV (Ticker: AJG): 3.2 %
2025-07-09 - 22:11:41 - INFO: Calculating Earnings Variability (EVAR) using EPS over 3 year period (Ticker: BBVA).
2025-07-09 - 22:11:41 - INFO: P/B (Ticker: AJG): 3.62
2025-07-09 - 22:11:41 - INFO: EVAR 4Y (EPS) (Ticker: BBVA): 8.88%
2025-07-09 - 22:11:41 - INFO: Calculating Earnings Variability (EVAR) using Net Income over 3 year period (Ticker: BBVA).
2025-07-09 - 22:11:41 - INFO: EVAR 4Y (Net Income) (Ticker: BBVA): 6.3%
2025-07-09 - 22:11:41 - INFO: CAGR 4Y (EPS) (Ticker: BBVA): 35.86 %
2025-07-09 - 22:11:41 - INFO: CAGR 4Y (Net Income) (Ticker: BBVA): 29.28 %
2025-07-09 - 22:11:41 - INFO: Dividend Yield (Ticker: BBVA): 5.09 %
2025-07-09 - 22:11:41 - INFO: ROE (ttm) (Yahoo Finance) (Ticker: BBVA): 19.38 %
2025-07-09 - 22:11:41 - INFO: CFOA (annual) (Ticker: ICE): 3.31 %
2025-07-09 - 22:11:41 - INFO: CFOA (annual) (Ticker: ORLY): 20.48 %
2025-07-09 - 22:11:41 - INFO: CFOA (annual) (Ticker: ISP.MI): -4.31 %
2025-07-09 - 22:11:41 - INFO: EBIT/TEV (Ticker: LLOY.L): 9.84 %
2025-07-09 - 22:11:41 - INFO: P/B (Ticker: LLOY.L): 95.77
2025-07-09 - 22:11:41 - INFO: ROE - Calc (Ticker: BBVA): 19.71 %
2025-07-09 - 22:11:41 - INFO: ROE - MSCI (Ticker: BBVA): 19.91 %
2025-07-09 - 22:11:41 - INFO: ROA (ttm) (Yahoo Finance) (Ticker: BBVA): 1.42 %
2025-07-09 - 22:11:41 - INFO: ROA - Calc (Ticker: BBVA): 1.30 %
2025-07-09 - 22:11:41 - INFO: Fetched Earnings data (EPS) for 4 years period (Ticker: AJG).
2025-07-09 - 22:11:41 - INFO: EPS (latest) (Ticker: AJG): 6.63
2025-07-09 - 22:11:42 - INFO: Fetched Earnings data (Net Income) for 4 years period (Ticker: AJG).
2025-07-09 - 22:11:42 - INFO: Calculating Earnings Variability (EVAR) using EPS over 3 year period (Ticker: AJG).
2025-07-09 - 22:11:42 - INFO: EVAR 4Y (EPS) (Ticker: AJG): 30.95%
2025-07-09 - 22:11:42 - INFO: Calculating Earnings Variability (EVAR) using Net Income over 3 year period (Ticker: AJG).
2025-07-09 - 22:11:42 - INFO: EVAR 4Y (Net Income) (Ticker: AJG): 32.01%
2025-07-09 - 22:11:42 - INFO: CAGR 4Y (EPS) (Ticker: AJG): 14.01 %
2025-07-09 - 22:11:42 - INFO: CAGR 4Y (Net Income) (Ticker: AJG): 17.28 %
2025-07-09 - 22:11:42 - INFO: Dividend Yield (Ticker: AJG): 0.81 %
2025-07-09 - 22:11:42 - INFO: ROE (ttm) (Yahoo Finance) (Ticker: AJG): 9.3 %
2025-07-09 - 22:11:42 - ERROR: Error calculating CFOA (ttm) (Ticker: ISP.MI): Error occurred while calculcating CFOA TTM (Ticker: ISP.MI): 'Operating Cash Flow'!
2025-07-09 - 22:11:42 - INFO: CFOA (ttm) (Ticker: ORLY): 20.96 %
2025-07-09 - 22:11:42 - INFO: GPOA (Ticker: ORLY): 57.44 %
2025-07-09 - 22:11:42 - INFO: GPMAR (Ticker: ORLY): 51.2 %
2025-07-09 - 22:11:42 - INFO: Profit Margin (Ticker: ORLY): 14.1 %
2025-07-09 - 22:11:42 - INFO: Sector: Consumer Cyclical
2025-07-09 - 22:11:42 - INFO: Industry: Auto Parts
2025-07-09 - 22:11:42 - INFO: CFOA (ttm) (Ticker: ICE): 3.29 %
2025-07-09 - 22:11:42 - INFO: EBIT/TEV (Ticker: CSU.TO): 1.6 %
2025-07-09 - 22:11:42 - INFO: GPOA (Ticker: ICE): 4.68 %
2025-07-09 - 22:11:42 - INFO: P/B (Ticker: CSU.TO): 34.48
2025-07-09 - 22:11:42 - INFO: GPMAR (Ticker: ICE): 55.45 %
2025-07-09 - 22:11:42 - INFO: Profit Margin (Ticker: ICE): 29.42 %
2025-07-09 - 22:11:42 - INFO: Sector: Financial Services
2025-07-09 - 22:11:42 - INFO: Industry: Financial Data & Stock Exchanges
2025-07-09 - 22:11:42 - INFO: Fetched Earnings data (EPS) for 4 years period (Ticker: LLOY.L).
2025-07-09 - 22:11:42 - INFO: EPS (latest) (Ticker: LLOY.L): 0.06
2025-07-09 - 22:11:42 - INFO: Fetched Earnings data (Net Income) for 4 years period (Ticker: LLOY.L).
2025-07-09 - 22:11:42 - INFO: Calculating Earnings Variability (EVAR) using EPS over 3 year period (Ticker: LLOY.L).
2025-07-09 - 22:11:42 - INFO: EVAR 4Y (EPS) (Ticker: LLOY.L): 47.58%
2025-07-09 - 22:11:42 - INFO: Calculating Earnings Variability (EVAR) using Net Income over 3 year period (Ticker: LLOY.L).
2025-07-09 - 22:11:42 - INFO: EVAR 4Y (Net Income) (Ticker: LLOY.L): 40.58%
2025-07-09 - 22:11:42 - INFO: CAGR 4Y (EPS) (Ticker: LLOY.L): -5.65 %
2025-07-09 - 22:11:42 - INFO: CAGR 4Y (Net Income) (Ticker: LLOY.L): -8.57 %
2025-07-09 - 22:11:42 - INFO: Dividend Yield (Ticker: LLOY.L): 4.13 %
2025-07-09 - 22:11:42 - INFO: ROE (ttm) (Yahoo Finance) (Ticker: LLOY.L): 9.24 %
2025-07-09 - 22:11:42 - INFO: CFOA (annual) (Ticker: BBVA): -2.35 %
2025-07-09 - 22:11:42 - INFO: ROE - Calc (Ticker: AJG): 9.27 %
2025-07-09 - 22:11:42 - INFO: ROE - MSCI (Ticker: AJG): 7.61 %
2025-07-09 - 22:11:42 - INFO: ROA (ttm) (Yahoo Finance) (Ticker: AJG): 2.68 %
2025-07-09 - 22:11:42 - INFO: ROA - Calc (Ticker: AJG): 2.28 %
2025-07-09 - 22:11:42 - INFO: GPOA (Ticker: ISP.MI): None %
2025-07-09 - 22:11:42 - INFO: GPMAR (Ticker: ISP.MI): None %
2025-07-09 - 22:11:42 - ERROR: Error calculating GPOA and GPMAR TTM (Ticker: ISP.MI): Cannot calculate GPOA (Ticker: ISP.MI): 'Gross Profit' data is missing in the Income Statement.
2025-07-09 - 22:11:42 - INFO: Profit Margin (Ticker: ISP.MI): 35.31 %
2025-07-09 - 22:11:42 - INFO: Sector: Financial Services
2025-07-09 - 22:11:42 - INFO: Industry: Banks - Regional
2025-07-09 - 22:11:42 - ERROR: Error calculating profitability growth metrics for ISP.MI: Cannot calculate CAGR. No Earnings Growth data available (Ticker: ISP.MI).
2025-07-09 - 22:11:42 - ERROR: Cannot calculate CAGR. No Earnings Growth data available (Ticker: ISP.MI).
Traceback (most recent call last):
  File "StockFactorScreener.py", line 249, in calc_profitability_growth
  File "ProfitabilityCalculator.py", line 1004, in calc_cagr
ProfitabilityCalculator.CAGRCalcError: Cannot calculate CAGR. No Earnings Growth data available (Ticker: ISP.MI).
2025-07-09 - 22:11:42 - INFO: Fetched Earnings data (EPS) for 4 years period (Ticker: CSU.TO).
2025-07-09 - 22:11:42 - INFO: EPS (latest) (Ticker: CSU.TO): 34.48
2025-07-09 - 22:11:42 - INFO: Fetched Earnings data (Net Income) for 4 years period (Ticker: CSU.TO).
2025-07-09 - 22:11:42 - INFO: Calculating Earnings Variability (EVAR) using EPS over 3 year period (Ticker: CSU.TO).
2025-07-09 - 22:11:42 - INFO: EVAR 4Y (EPS) (Ticker: CSU.TO): 27.8%
2025-07-09 - 22:11:42 - INFO: Calculating Earnings Variability (EVAR) using Net Income over 3 year period (Ticker: CSU.TO).
2025-07-09 - 22:11:42 - INFO: EVAR 4Y (Net Income) (Ticker: CSU.TO): 27.83%
2025-07-09 - 22:11:42 - INFO: CAGR 4Y (EPS) (Ticker: CSU.TO): 33.02 %
2025-07-09 - 22:11:42 - INFO: CAGR 4Y (Net Income) (Ticker: CSU.TO): 33.1 %
2025-07-09 - 22:11:42 - INFO: Dividend Yield (Ticker: CSU.TO): 0.11 %
2025-07-09 - 22:11:42 - INFO: ROE (ttm) (Yahoo Finance) (Ticker: CSU.TO): 26.06 %
2025-07-09 - 22:11:42 - INFO: ROE - Calc (Ticker: LLOY.L): 9.11 %
2025-07-09 - 22:11:42 - ERROR: Unhandled error analyzing stock (Ticker: LLOY.L)
2025-07-09 - 22:11:42 - ERROR: Cannot calculate Trailing EPS! Not enough EPS data for the last 4 quarters (Ticker: LLOY.L).
Traceback (most recent call last):
  File "StockFactorScreener.py", line 605, in analyze_stock
  File "ProfitabilityCalculator.py", line 304, in calc_roe_msci
  File "EarningsEngine.py", line 351, in calc_eps_ttm
EarningsEngine.EPSCalcError: Cannot calculate Trailing EPS! Not enough EPS data for the last 4 quarters (Ticker: LLOY.L).
2025-07-09 - 22:11:42 - INFO: CFOA (ttm) (Ticker: BBVA): -2.06 %
2025-07-09 - 22:11:42 - INFO: ROE - Calc (Ticker: CSU.TO): 27.66 %
2025-07-09 - 22:11:42 - INFO: ROE - MSCI (Ticker: CSU.TO): 22.89 %
2025-07-09 - 22:11:42 - INFO: ROA (ttm) (Yahoo Finance) (Ticker: CSU.TO): 7.45 %
2025-07-09 - 22:11:42 - INFO: ROA - Calc (Ticker: CSU.TO): 5.68 %
2025-07-09 - 22:11:42 - INFO: CFOA (annual) (Ticker: AJG): 4.02 %
2025-07-09 - 22:11:42 - INFO: CFOA (annual) (Ticker: CSU.TO): 17.07 %
2025-07-09 - 22:11:42 - INFO: CFOA (ttm) (Ticker: AJG): 4.12 %
2025-07-09 - 22:11:42 - INFO: GPOA (Ticker: AJG): 7.59 %
2025-07-09 - 22:11:42 - INFO: GPMAR (Ticker: AJG): 42.22 %
2025-07-09 - 22:11:42 - INFO: Profit Margin (Ticker: AJG): 13.86 %
2025-07-09 - 22:11:42 - INFO: Sector: Financial Services
2025-07-09 - 22:11:42 - INFO: ---------------------- SREN.SW ----------------------
2025-07-09 - 22:11:42 - INFO: Industry: Insurance Brokers
2025-07-09 - 22:11:42 - INFO: P/E (Forward) (Ticker: SREN.SW): 11.31
2025-07-09 - 22:11:42 - INFO: P/E (Trailing) (Ticker: SREN.SW): 16.52
2025-07-09 - 22:11:42 - INFO: ---------------------- WMB ----------------------
2025-07-09 - 22:11:42 - INFO: P/E (Forward) (Ticker: WMB): 27.68
2025-07-09 - 22:11:42 - INFO: P/E (Trailing) (Ticker: WMB): 31.1
2025-07-09 - 22:11:43 - INFO: ---------------------- EL ----------------------
2025-07-09 - 22:11:43 - INFO: P/E (Forward) (Ticker: EL): 32.09
2025-07-09 - 22:11:43 - INFO: P/E (Trailing) (Ticker: EL): N/A
2025-07-09 - 22:11:43 - INFO: CFOA (ttm) (Ticker: CSU.TO): 17.78 %
2025-07-09 - 22:11:43 - INFO: GPOA (Ticker: CSU.TO): 69.48 %
2025-07-09 - 22:11:43 - INFO: GPMAR (Ticker: CSU.TO): 88.78 %
2025-07-09 - 22:11:43 - INFO: Profit Margin (Ticker: CSU.TO): 7.15 %
2025-07-09 - 22:11:43 - INFO: Sector: Technology
2025-07-09 - 22:11:43 - INFO: Industry: Software - Application
2025-07-09 - 22:11:43 - INFO: ---------------------- DBK.DE ----------------------
2025-07-09 - 22:11:43 - INFO: P/E (Forward) (Ticker: DBK.DE): 9.57
2025-07-09 - 22:11:43 - INFO: P/E (Trailing) (Ticker: DBK.DE): 15.75
2025-07-09 - 22:11:43 - INFO: EBIT/TEV (Ticker: WMB): 3.49 %
2025-07-09 - 22:11:43 - INFO: P/B (Ticker: WMB): 5.67
2025-07-09 - 22:11:43 - INFO: EBIT/TEV (Ticker: DBK.DE): -30.84 %
2025-07-09 - 22:11:43 - INFO: P/B (Ticker: DBK.DE): 0.63
2025-07-09 - 22:11:43 - INFO: ---------------------- III ----------------------
2025-07-09 - 22:11:43 - INFO: EBIT/TEV (Ticker: EL): 3.52 %
2025-07-09 - 22:11:43 - INFO: P/E (Forward) (Ticker: III): 14.82
2025-07-09 - 22:11:43 - INFO: P/B (Ticker: EL): 7.17
2025-07-09 - 22:11:43 - INFO: P/E (Trailing) (Ticker: III): 31.5
2025-07-09 - 22:11:43 - INFO: Fetched Earnings data (EPS) for 4 years period (Ticker: WMB).
2025-07-09 - 22:11:43 - INFO: EPS (latest) (Ticker: WMB): 1.82
2025-07-09 - 22:11:43 - INFO: Fetched Earnings data (Net Income) for 4 years period (Ticker: WMB).
2025-07-09 - 22:11:43 - INFO: Calculating Earnings Variability (EVAR) using EPS over 3 year period (Ticker: WMB).
2025-07-09 - 22:11:43 - INFO: EVAR 4Y (EPS) (Ticker: WMB): 44.63%
2025-07-09 - 22:11:43 - INFO: Calculating Earnings Variability (EVAR) using Net Income over 3 year period (Ticker: WMB).
2025-07-09 - 22:11:43 - INFO: EVAR 4Y (Net Income) (Ticker: WMB): 44.52%
2025-07-09 - 22:11:43 - INFO: CAGR 4Y (EPS) (Ticker: WMB): 13.34 %
2025-07-09 - 22:11:43 - INFO: CAGR 4Y (Net Income) (Ticker: WMB): 13.62 %
2025-07-09 - 22:11:43 - INFO: Dividend Yield (Ticker: WMB): 3.18 %
2025-07-09 - 22:11:43 - INFO: ROE (ttm) (Yahoo Finance) (Ticker: WMB): 16.2 %
2025-07-09 - 22:11:43 - INFO: GPOA (Ticker: BBVA): 4.35 %
2025-07-09 - 22:11:43 - INFO: GPMAR (Ticker: BBVA): 106.53 %
2025-07-09 - 22:11:43 - ERROR: Error calculating GPOA and GPMAR TTM (Ticker: BBVA): Cannot calculate GPOA (Ticker: BBVA): 'Gross Profit' data is missing in the Income Statement.
2025-07-09 - 22:11:43 - INFO: Fetched Earnings data (EPS) for 4 years period (Ticker: DBK.DE).
2025-07-09 - 22:11:43 - INFO: Profit Margin (Ticker: BBVA): 32.95 %
2025-07-09 - 22:11:43 - INFO: EPS (latest) (Ticker: DBK.DE): 1.4
2025-07-09 - 22:11:43 - INFO: Sector: Financial Services
2025-07-09 - 22:11:43 - INFO: Fetched Earnings data (Net Income) for 4 years period (Ticker: DBK.DE).
2025-07-09 - 22:11:43 - INFO: EBIT/TEV (Ticker: SREN.SW): -9.66 %
2025-07-09 - 22:11:43 - INFO: Industry: Banks - Diversified
2025-07-09 - 22:11:43 - INFO: Calculating Earnings Variability (EVAR) using EPS over 3 year period (Ticker: DBK.DE).
2025-07-09 - 22:11:43 - INFO: P/B (Ticker: SREN.SW): 1.78
2025-07-09 - 22:11:43 - INFO: EVAR 4Y (EPS) (Ticker: DBK.DE): 101.72%
2025-07-09 - 22:11:43 - INFO: Fetched Earnings data (EPS) for 4 years period (Ticker: SREN.SW).
2025-07-09 - 22:11:43 - INFO: Calculating Earnings Variability (EVAR) using Net Income over 3 year period (Ticker: DBK.DE).
2025-07-09 - 22:11:43 - INFO: EPS (latest) (Ticker: SREN.SW): 10.88
2025-07-09 - 22:11:43 - INFO: EVAR 4Y (Net Income) (Ticker: DBK.DE): 89.93%
2025-07-09 - 22:11:43 - INFO: Fetched Earnings data (Net Income) for 4 years period (Ticker: SREN.SW).
2025-07-09 - 22:11:43 - INFO: CAGR 4Y (EPS) (Ticker: DBK.DE): 13.4 %
2025-07-09 - 22:11:43 - INFO: Calculating Earnings Variability (EVAR) using EPS over 3 year period (Ticker: SREN.SW).
2025-07-09 - 22:11:43 - INFO: CAGR 4Y (Net Income) (Ticker: DBK.DE): 12.48 %
2025-07-09 - 22:11:43 - INFO: EVAR 4Y (EPS) (Ticker: SREN.SW): 334.41%
2025-07-09 - 22:11:43 - INFO: Dividend Yield (Ticker: DBK.DE): 2.62 %
2025-07-09 - 22:11:43 - INFO: Calculating Earnings Variability (EVAR) using Net Income over 3 year period (Ticker: SREN.SW).
2025-07-09 - 22:11:43 - INFO: ROE (ttm) (Yahoo Finance) (Ticker: DBK.DE): 5.17 %
2025-07-09 - 22:11:43 - INFO: EVAR 4Y (Net Income) (Ticker: SREN.SW): 342.84%
2025-07-09 - 22:11:43 - INFO: CAGR 4Y (EPS) (Ticker: SREN.SW): 29.84 %
2025-07-09 - 22:11:43 - INFO: CAGR 4Y (Net Income) (Ticker: SREN.SW): 31.14 %
2025-07-09 - 22:11:43 - INFO: Dividend Yield (Ticker: SREN.SW): 4.36 %
2025-07-09 - 22:11:43 - INFO: ROE (ttm) (Yahoo Finance) (Ticker: SREN.SW): 14.25 %
2025-07-09 - 22:11:43 - ERROR: Error calculating ROE (ttm) (Ticker: SREN.SW): Cannot calculate ROE (Ticker: SREN.SW): An error occurred: Cannot calculate Net Income TTM! Net Income data is missing in the Quarterly Income Statement (Ticker: SREN.SW).
2025-07-09 - 22:11:43 - ERROR: Unhandled error analyzing stock (Ticker: SREN.SW)
2025-07-09 - 22:11:43 - ERROR: Cannot calculate Trailing EPS! EPS data is missing (Ticker: SREN.SW).
Traceback (most recent call last):
  File "StockFactorScreener.py", line 605, in analyze_stock
  File "ProfitabilityCalculator.py", line 304, in calc_roe_msci
  File "EarningsEngine.py", line 343, in calc_eps_ttm
EarningsEngine.EPSCalcError: Cannot calculate Trailing EPS! EPS data is missing (Ticker: SREN.SW).
2025-07-09 - 22:11:43 - INFO: ---------------------- FTNT ----------------------
2025-07-09 - 22:11:43 - INFO: P/E (Forward) (Ticker: FTNT): 44.67
2025-07-09 - 22:11:43 - INFO: P/E (Trailing) (Ticker: FTNT): 44.3
2025-07-09 - 22:11:44 - INFO: Fetched Earnings data (EPS) for 4 years period (Ticker: EL).
2025-07-09 - 22:11:44 - INFO: EPS (latest) (Ticker: EL): 1.09
2025-07-09 - 22:11:44 - INFO: Fetched Earnings data (Net Income) for 4 years period (Ticker: EL).
2025-07-09 - 22:11:44 - INFO: Calculating Earnings Variability (EVAR) using EPS over 3 year period (Ticker: EL).
2025-07-09 - 22:11:44 - INFO: EVAR 4Y (EPS) (Ticker: EL): 25.11%
2025-07-09 - 22:11:44 - INFO: Calculating Earnings Variability (EVAR) using Net Income over 3 year period (Ticker: EL).
2025-07-09 - 22:11:44 - INFO: EVAR 4Y (Net Income) (Ticker: EL): 24.79%
2025-07-09 - 22:11:44 - INFO: CAGR 4Y (EPS) (Ticker: EL): -48.35 %
2025-07-09 - 22:11:44 - INFO: CAGR 4Y (Net Income) (Ticker: EL): -48.59 %
2025-07-09 - 22:11:44 - INFO: Dividend Yield (Ticker: EL): 1.73 %
2025-07-09 - 22:11:44 - INFO: ROE (ttm) (Yahoo Finance) (Ticker: EL): -15.98 %
2025-07-09 - 22:11:44 - INFO: ROE - Calc (Ticker: WMB): 18.32 %
2025-07-09 - 22:11:44 - INFO: ROE - MSCI (Ticker: WMB): 24.16 %
2025-07-09 - 22:11:44 - INFO: ROA (ttm) (Yahoo Finance) (Ticker: WMB): 3.99 %
2025-07-09 - 22:11:44 - INFO: ROA - Calc (Ticker: WMB): 4.08 %
2025-07-09 - 22:11:44 - INFO: ROE - Calc (Ticker: DBK.DE): 5.08 %
2025-07-09 - 22:11:44 - INFO: ROE - MSCI (Ticker: DBK.DE): 4.95 %
2025-07-09 - 22:11:44 - INFO: ROA (ttm) (Yahoo Finance) (Ticker: DBK.DE): 0.3 %
2025-07-09 - 22:11:44 - INFO: ROA - Calc (Ticker: DBK.DE): 0.24 %
2025-07-09 - 22:11:44 - INFO: ROE - Calc (Ticker: EL): -17.27 %
2025-07-09 - 22:11:44 - INFO: ROE - MSCI (Ticker: EL): -13.04 %
2025-07-09 - 22:11:44 - INFO: ROA (ttm) (Yahoo Finance) (Ticker: EL): 3.88 %
2025-07-09 - 22:11:44 - INFO: ROA - Calc (Ticker: EL): 1.80 %
2025-07-09 - 22:11:44 - INFO: CFOA (annual) (Ticker: WMB): 9.12 %
2025-07-09 - 22:11:44 - INFO: EBIT/TEV (Ticker: III): 4.04 %
2025-07-09 - 22:11:44 - INFO: P/B (Ticker: III): 2.55
2025-07-09 - 22:11:44 - INFO: EBIT/TEV (Ticker: FTNT): 2.46 %
2025-07-09 - 22:11:44 - INFO: P/B (Ticker: FTNT): 42.18
2025-07-09 - 22:11:44 - INFO: CFOA (annual) (Ticker: DBK.DE): -2.06 %
2025-07-09 - 22:11:44 - INFO: CFOA (annual) (Ticker: EL): 10.89 %
2025-07-09 - 22:11:44 - INFO: CFOA (ttm) (Ticker: WMB): 9.59 %
2025-07-09 - 22:11:44 - INFO: GPOA (Ticker: WMB): 11.31 %
2025-07-09 - 22:11:44 - INFO: GPMAR (Ticker: WMB): 58.71 %
2025-07-09 - 22:11:44 - INFO: Profit Margin (Ticker: WMB): 20.61 %
2025-07-09 - 22:11:44 - INFO: Sector: Energy
2025-07-09 - 22:11:44 - INFO: Industry: Oil & Gas Midstream
2025-07-09 - 22:11:44 - INFO: Fetched Earnings data (EPS) for 4 years period (Ticker: III).
2025-07-09 - 22:11:44 - INFO: EPS (latest) (Ticker: III): 0.06
2025-07-09 - 22:11:44 - INFO: Fetched Earnings data (Net Income) for 4 years period (Ticker: III).
2025-07-09 - 22:11:44 - INFO: Calculating Earnings Variability (EVAR) using EPS over 3 year period (Ticker: III).
2025-07-09 - 22:11:44 - INFO: EVAR 4Y (EPS) (Ticker: III): 52.0%
2025-07-09 - 22:11:44 - INFO: Calculating Earnings Variability (EVAR) using Net Income over 3 year period (Ticker: III).
2025-07-09 - 22:11:44 - INFO: EVAR 4Y (Net Income) (Ticker: III): 51.56%
2025-07-09 - 22:11:44 - INFO: CAGR 4Y (EPS) (Ticker: III): -42.76 %
2025-07-09 - 22:11:44 - INFO: CAGR 4Y (Net Income) (Ticker: III): -43.24 %
2025-07-09 - 22:11:44 - INFO: Dividend Yield (Ticker: III): 3.75 %
2025-07-09 - 22:11:44 - INFO: ROE (ttm) (Yahoo Finance) (Ticker: III): 8.09 %
2025-07-09 - 22:11:44 - INFO: CFOA (ttm) (Ticker: EL): 7.55 %
2025-07-09 - 22:11:44 - INFO: GPOA (Ticker: EL): 51.59 %
2025-07-09 - 22:11:44 - INFO: GPMAR (Ticker: EL): 71.66 %
2025-07-09 - 22:11:44 - INFO: Profit Margin (Ticker: EL): -5.89 %
2025-07-09 - 22:11:44 - INFO: Fetched Earnings data (EPS) for 4 years period (Ticker: FTNT).
2025-07-09 - 22:11:44 - INFO: Sector: Consumer Defensive
2025-07-09 - 22:11:44 - INFO: EPS (latest) (Ticker: FTNT): 2.28
2025-07-09 - 22:11:44 - ERROR: Error calculating CFOA (ttm) (Ticker: DBK.DE): Error occurred while calculcating CFOA TTM (Ticker: DBK.DE): 'Operating Cash Flow'!
2025-07-09 - 22:11:44 - INFO: Fetched Earnings data (Net Income) for 4 years period (Ticker: FTNT).
2025-07-09 - 22:11:44 - INFO: ---------------------- AXON ----------------------
2025-07-09 - 22:11:44 - INFO: Industry: Household & Personal Products
2025-07-09 - 22:11:44 - INFO: P/E (Forward) (Ticker: AXON): 129.98
2025-07-09 - 22:11:44 - INFO: P/E (Trailing) (Ticker: AXON): 192.33
2025-07-09 - 22:11:44 - INFO: Calculating Earnings Variability (EVAR) using EPS over 3 year period (Ticker: FTNT).
2025-07-09 - 22:11:44 - INFO: EVAR 4Y (EPS) (Ticker: FTNT): 9.5%
2025-07-09 - 22:11:44 - INFO: Calculating Earnings Variability (EVAR) using Net Income over 3 year period (Ticker: FTNT).
2025-07-09 - 22:11:44 - INFO: EVAR 4Y (Net Income) (Ticker: FTNT): 9.13%
2025-07-09 - 22:11:44 - INFO: CAGR 4Y (EPS) (Ticker: FTNT): 45.25 %
2025-07-09 - 22:11:44 - INFO: CAGR 4Y (Net Income) (Ticker: FTNT): 42.21 %
2025-07-09 - 22:11:44 - INFO: Dividend Yield (Ticker: FTNT): N/A
2025-07-09 - 22:11:44 - INFO: ROE (ttm) (Yahoo Finance) (Ticker: FTNT): 205.91 %
2025-07-09 - 22:11:44 - INFO: ---------------------- GLE ----------------------
2025-07-09 - 22:11:44 - INFO: P/E (Forward) (Ticker: GLE): N/A
2025-07-09 - 22:11:44 - INFO: P/E (Trailing) (Ticker: GLE): N/A
2025-07-09 - 22:11:45 - INFO: ROE - Calc (Ticker: III): 8.09 %
2025-07-09 - 22:11:45 - INFO: ROE - MSCI (Ticker: III): 7.61 %
2025-07-09 - 22:11:45 - INFO: ROA (ttm) (Yahoo Finance) (Ticker: III): 3.3 %
2025-07-09 - 22:11:45 - INFO: ROA - Calc (Ticker: III): 1.39 %
2025-07-09 - 22:11:45 - INFO: ROE - Calc (Ticker: FTNT): 205.91 %
2025-07-09 - 22:11:45 - INFO: ROE - MSCI (Ticker: FTNT): 95.93 %
2025-07-09 - 22:11:45 - INFO: ROA (ttm) (Yahoo Finance) (Ticker: FTNT): 13.33 %
2025-07-09 - 22:11:45 - INFO: ROA - Calc (Ticker: FTNT): 17.88 %
2025-07-09 - 22:11:45 - INFO: GPOA (Ticker: DBK.DE): None %
2025-07-09 - 22:11:45 - INFO: GPMAR (Ticker: DBK.DE): None %
2025-07-09 - 22:11:45 - ERROR: Error calculating GPOA and GPMAR TTM (Ticker: DBK.DE): Cannot calculate GPOA (Ticker: DBK.DE): 'Gross Profit' data is missing in the Income Statement.
2025-07-09 - 22:11:45 - INFO: Profit Margin (Ticker: DBK.DE): 13.5 %
2025-07-09 - 22:11:45 - INFO: Sector: Financial Services
2025-07-09 - 22:11:45 - INFO: Industry: Banks - Regional
2025-07-09 - 22:11:45 - ERROR: Error calculating profitability growth metrics for DBK.DE: Cannot calculate CAGR. No Earnings Growth data available (Ticker: DBK.DE).
2025-07-09 - 22:11:45 - ERROR: Cannot calculate CAGR. No Earnings Growth data available (Ticker: DBK.DE).
Traceback (most recent call last):
  File "StockFactorScreener.py", line 249, in calc_profitability_growth
  File "ProfitabilityCalculator.py", line 1004, in calc_cagr
ProfitabilityCalculator.CAGRCalcError: Cannot calculate CAGR. No Earnings Growth data available (Ticker: DBK.DE).
2025-07-09 - 22:11:45 - INFO: CFOA (annual) (Ticker: III): 9.71 %
2025-07-09 - 22:11:45 - INFO: EBIT/TEV (Ticker: AXON): 0.05 %
2025-07-09 - 22:11:45 - INFO: P/B (Ticker: AXON): 24.55
2025-07-09 - 22:11:45 - INFO: CFOA (annual) (Ticker: FTNT): 23.13 %
2025-07-09 - 22:11:45 - INFO: ---------------------- RSG ----------------------
2025-07-09 - 22:11:45 - INFO: P/E (Forward) (Ticker: RSG): 35.3
2025-07-09 - 22:11:45 - INFO: P/E (Trailing) (Ticker: RSG): 36.26
2025-07-09 - 22:11:45 - INFO: CFOA (ttm) (Ticker: III): 8.52 %
2025-07-09 - 22:11:45 - INFO: GPOA (Ticker: III): 47.57 %
2025-07-09 - 22:11:45 - INFO: GPMAR (Ticker: III): 39.29 %
2025-07-09 - 22:11:45 - INFO: Profit Margin (Ticker: III): 3.18 %
2025-07-09 - 22:11:45 - INFO: Sector: Technology
2025-07-09 - 22:11:45 - INFO: Industry: Information Technology Services
2025-07-09 - 22:11:45 - INFO: Fetched Earnings data (EPS) for 4 years period (Ticker: AXON).
2025-07-09 - 22:11:45 - INFO: EPS (latest) (Ticker: AXON): 4.98
2025-07-09 - 22:11:45 - INFO: Fetched Earnings data (Net Income) for 4 years period (Ticker: AXON).
2025-07-09 - 22:11:45 - INFO: Calculating Earnings Variability (EVAR) using EPS over 3 year period (Ticker: AXON).
2025-07-09 - 22:11:45 - INFO: EVAR 4Y (EPS) (Ticker: AXON): 160.58%
2025-07-09 - 22:11:45 - INFO: Calculating Earnings Variability (EVAR) using Net Income over 3 year period (Ticker: AXON).
2025-07-09 - 22:11:45 - INFO: EVAR 4Y (Net Income) (Ticker: AXON): 167.22%
2025-07-09 - 22:11:45 - INFO: CAGR 4Y (EPS) (Ticker: AXON): 95.5 %
2025-07-09 - 22:11:45 - INFO: CAGR 4Y (Net Income) (Ticker: AXON): 102.32 %
2025-07-09 - 22:11:45 - INFO: Dividend Yield (Ticker: AXON): N/A
2025-07-09 - 22:11:45 - INFO: ROE (ttm) (Yahoo Finance) (Ticker: AXON): 15.17 %
2025-07-09 - 22:11:45 - INFO: CFOA (ttm) (Ticker: FTNT): 24.72 %
2025-07-09 - 22:11:45 - INFO: GPOA (Ticker: FTNT): 49.15 %
2025-07-09 - 22:11:45 - INFO: GPMAR (Ticker: FTNT): 80.56 %
2025-07-09 - 22:11:45 - INFO: Profit Margin (Ticker: FTNT): 30.6 %
2025-07-09 - 22:11:45 - INFO: Sector: Technology
2025-07-09 - 22:11:45 - INFO: Industry: Software - Infrastructure
2025-07-09 - 22:11:45 - INFO: ---------------------- SE ----------------------
2025-07-09 - 22:11:45 - INFO: P/E (Forward) (Ticker: SE): 72.38
2025-07-09 - 22:11:45 - INFO: P/E (Trailing) (Ticker: SE): 106.8
2025-07-09 - 22:11:45 - INFO: ROE - Calc (Ticker: AXON): 15.13 %
2025-07-09 - 22:11:45 - INFO: ROE - MSCI (Ticker: AXON): 13.22 %
2025-07-09 - 22:11:45 - INFO: ROA (ttm) (Yahoo Finance) (Ticker: AXON): 0.68 %
2025-07-09 - 22:11:45 - INFO: ROA - Calc (Ticker: AXON): 8.43 %
2025-07-09 - 22:11:46 - ERROR: Error while calculating EBIT/TEV ratio (Ticker: GLE): No historical data found for GLE around 2024-06-30. Cannot calculate (annual) Market Cap!
2025-07-09 - 22:11:46 - ERROR: No historical data found for GLE around 2024-06-30. Cannot calculate (annual) Market Cap!
Traceback (most recent call last):
  File "ValueMetrics.py", line 540, in calc_ebit_to_tev
  File "ValueMetrics.py", line 91, in get_operating_income_ttm
ValueMetrics.OperatingIncomeError: No Income Statement (quarterly) data found (Ticker: GLE). Cannot calculate EBIT/TEV ratio!

During handling of the above exception, another exception occurred:

Traceback (most recent call last):
  File "StockFactorScreener.py", line 217, in get_ebit_to_tev
  File "ValueMetrics.py", line 570, in calc_ebit_to_tev
  File "ValueMetrics.py", line 451, in calc_enterprise_value_annual
  File "ValueMetrics.py", line 325, in get_market_cap_annual
ValueError: No historical data found for GLE around 2024-06-30. Cannot calculate (annual) Market Cap!
2025-07-09 - 22:11:46 - INFO: EBIT/TEV (Ticker: GLE): N/A
2025-07-09 - 22:11:46 - INFO: P/B (Ticker: GLE): 0.54
2025-07-09 - 22:11:46 - INFO: ---------------------- BN ----------------------
2025-07-09 - 22:11:46 - INFO: P/E (Forward) (Ticker: BN): 10.66
2025-07-09 - 22:11:46 - INFO: P/E (Trailing) (Ticker: BN): 215.67
2025-07-09 - 22:11:46 - INFO: EBIT/TEV (Ticker: RSG): 3.72 %
2025-07-09 - 22:11:46 - INFO: P/B (Ticker: RSG): 6.43
2025-07-09 - 22:11:46 - INFO: EBIT/TEV (Ticker: SE): 1.22 %
2025-07-09 - 22:11:46 - INFO: P/B (Ticker: SE): 10.06
2025-07-09 - 22:11:46 - INFO: CFOA (annual) (Ticker: AXON): 9.13 %
2025-07-09 - 22:11:46 - INFO: Fetched Earnings data (EPS) for 3 years period (Ticker: GLE).
2025-07-09 - 22:11:46 - INFO: EPS (latest) (Ticker: GLE): 0.17
2025-07-09 - 22:11:46 - INFO: Fetched Earnings data (Net Income) for 4 years period (Ticker: GLE).
2025-07-09 - 22:11:46 - INFO: Calculating Earnings Variability (EVAR) using EPS over 2 year period (Ticker: GLE).
2025-07-09 - 22:11:46 - INFO: EVAR 3Y (EPS) (Ticker: GLE): 59.67%
2025-07-09 - 22:11:46 - INFO: Calculating Earnings Variability (EVAR) using Net Income over 3 year period (Ticker: GLE).
2025-07-09 - 22:11:46 - INFO: EVAR 4Y (Net Income) (Ticker: GLE): 44.16%
2025-07-09 - 22:11:46 - INFO: CAGR 3Y (EPS) (Ticker: GLE): -38.18 %
2025-07-09 - 22:11:46 - INFO: CAGR 4Y (Net Income) (Ticker: GLE): -28.07 %
2025-07-09 - 22:11:46 - INFO: Dividend Yield (Ticker: GLE): N/A
2025-07-09 - 22:11:46 - INFO: ROE (ttm) (Yahoo Finance) (Ticker: GLE): 1.62 %
2025-07-09 - 22:11:46 - ERROR: Error calculating ROE (ttm) (Ticker: GLE): Cannot calculate ROE (Ticker: GLE): An error occurred: Cannot calculate Net Income TTM! Net Income data is missing in the Quarterly Income Statement (Ticker: GLE).
2025-07-09 - 22:11:46 - ERROR: Unhandled error analyzing stock (Ticker: GLE)
2025-07-09 - 22:11:46 - ERROR: Cannot calculate Trailing EPS! EPS data is missing (Ticker: GLE).
Traceback (most recent call last):
  File "StockFactorScreener.py", line 605, in analyze_stock
  File "ProfitabilityCalculator.py", line 304, in calc_roe_msci
  File "EarningsEngine.py", line 343, in calc_eps_ttm
EarningsEngine.EPSCalcError: Cannot calculate Trailing EPS! EPS data is missing (Ticker: GLE).
2025-07-09 - 22:11:46 - INFO: Fetched Earnings data (EPS) for 4 years period (Ticker: RSG).
2025-07-09 - 22:11:46 - INFO: EPS (latest) (Ticker: RSG): 6.5
2025-07-09 - 22:11:46 - INFO: Fetched Earnings data (Net Income) for 4 years period (Ticker: RSG).
2025-07-09 - 22:11:46 - INFO: Fetched Earnings data (EPS) for 4 years period (Ticker: SE).
2025-07-09 - 22:11:46 - INFO: Calculating Earnings Variability (EVAR) using EPS over 3 year period (Ticker: RSG).
2025-07-09 - 22:11:46 - INFO: EPS (latest) (Ticker: SE): 0.77
2025-07-09 - 22:11:46 - INFO: EVAR 4Y (EPS) (Ticker: RSG): 1.52%
2025-07-09 - 22:11:46 - INFO: Fetched Earnings data (Net Income) for 4 years period (Ticker: SE).
2025-07-09 - 22:11:46 - INFO: Calculating Earnings Variability (EVAR) using Net Income over 3 year period (Ticker: RSG).
2025-07-09 - 22:11:46 - INFO: CFOA (ttm) (Ticker: AXON): 9.83 %
2025-07-09 - 22:11:46 - INFO: Calculating Earnings Variability (EVAR) using EPS over 3 year period (Ticker: SE).
2025-07-09 - 22:11:46 - INFO: EVAR 4Y (EPS) (Ticker: SE): 81.19%
2025-07-09 - 22:11:46 - INFO: GPOA (Ticker: AXON): 27.74 %
2025-07-09 - 22:11:46 - INFO: EVAR 4Y (Net Income) (Ticker: RSG): 1.37%
2025-07-09 - 22:11:46 - INFO: Calculating Earnings Variability (EVAR) using Net Income over 3 year period (Ticker: SE).
2025-07-09 - 22:11:46 - INFO: GPMAR (Ticker: AXON): 59.61 %
2025-07-09 - 22:11:46 - INFO: CAGR 4Y (EPS) (Ticker: RSG): 17.08 %
2025-07-09 - 22:11:46 - INFO: EVAR 4Y (Net Income) (Ticker: SE): 87.74%
2025-07-09 - 22:11:46 - INFO: Profit Margin (Ticker: AXON): 14.9 %
2025-07-09 - 22:11:46 - INFO: CAGR 4Y (Net Income) (Ticker: RSG): 16.55 %
2025-07-09 - 22:11:46 - INFO: CAGR 4Y (EPS) (Ticker: SE): 30.07 %
2025-07-09 - 22:11:46 - INFO: Sector: Industrials
2025-07-09 - 22:11:46 - INFO: Dividend Yield (Ticker: RSG): 0.94 %
2025-07-09 - 22:11:46 - INFO: CAGR 4Y (Net Income) (Ticker: SE): 30.39 %
2025-07-09 - 22:11:46 - INFO: Industry: Aerospace & Defense
2025-07-09 - 22:11:46 - INFO: ROE (ttm) (Yahoo Finance) (Ticker: RSG): 18.55 %
2025-07-09 - 22:11:46 - INFO: Dividend Yield (Ticker: SE): N/A
2025-07-09 - 22:11:46 - INFO: ROE (ttm) (Yahoo Finance) (Ticker: SE): 11.13 %
2025-07-09 - 22:11:46 - INFO: EBIT/TEV (Ticker: BN): 5.65 %
2025-07-09 - 22:11:46 - INFO: P/B (Ticker: BN): 2.28
2025-07-09 - 22:11:46 - INFO: ---------------------- BARC.L ----------------------
2025-07-09 - 22:11:46 - INFO: P/E (Forward) (Ticker: BARC.L): 0.08
2025-07-09 - 22:11:46 - INFO: P/E (Trailing) (Ticker: BARC.L): 8.94
2025-07-09 - 22:11:46 - INFO: ---------------------- LSEG.L ----------------------
2025-07-09 - 22:11:46 - INFO: P/E (Forward) (Ticker: LSEG.L): 0.28
2025-07-09 - 22:11:46 - INFO: P/E (Trailing) (Ticker: LSEG.L): 84.69
2025-07-09 - 22:11:46 - INFO: ROE - Calc (Ticker: RSG): 18.54 %
2025-07-09 - 22:11:46 - INFO: ROE - MSCI (Ticker: RSG): 17.77 %
2025-07-09 - 22:11:46 - INFO: ROA (ttm) (Yahoo Finance) (Ticker: RSG): 6.4 %
2025-07-09 - 22:11:46 - INFO: ROA - Calc (Ticker: RSG): 6.31 %
2025-07-09 - 22:11:46 - INFO: ROE - Calc (Ticker: SE): 11.20 %
2025-07-09 - 22:11:46 - INFO: ROE - MSCI (Ticker: SE): 8.09 %
2025-07-09 - 22:11:46 - INFO: ROA (ttm) (Yahoo Finance) (Ticker: SE): 3.05 %
2025-07-09 - 22:11:46 - INFO: ROA - Calc (Ticker: SE): 1.96 %
2025-07-09 - 22:11:46 - INFO: Fetched Earnings data (EPS) for 4 years period (Ticker: BN).
2025-07-09 - 22:11:46 - INFO: EPS (latest) (Ticker: BN): 0.31
2025-07-09 - 22:11:46 - INFO: Fetched Earnings data (Net Income) for 4 years period (Ticker: BN).
2025-07-09 - 22:11:46 - INFO: Calculating Earnings Variability (EVAR) using EPS over 3 year period (Ticker: BN).
2025-07-09 - 22:11:46 - INFO: EVAR 4Y (EPS) (Ticker: BN): 0.72%
2025-07-09 - 22:11:46 - INFO: Calculating Earnings Variability (EVAR) using Net Income over 3 year period (Ticker: BN).
2025-07-09 - 22:11:46 - INFO: EVAR 4Y (Net Income) (Ticker: BN): 2.47%
2025-07-09 - 22:11:46 - INFO: CAGR 4Y (EPS) (Ticker: BN): -49.93 %
2025-07-09 - 22:11:46 - INFO: CAGR 4Y (Net Income) (Ticker: BN): -45.53 %
2025-07-09 - 22:11:46 - INFO: Dividend Yield (Ticker: BN): 0.58 %
2025-07-09 - 22:11:46 - INFO: ROE (ttm) (Yahoo Finance) (Ticker: BN): 0.95 %
2025-07-09 - 22:11:47 - INFO: CFOA (annual) (Ticker: RSG): 12.15 %
2025-07-09 - 22:11:47 - INFO: CFOA (annual) (Ticker: SE): 14.49 %
2025-07-09 - 22:11:47 - INFO: EBIT/TEV (Ticker: BARC.L): -10.56 %
2025-07-09 - 22:11:47 - INFO: P/B (Ticker: BARC.L): 78.9
2025-07-09 - 22:11:47 - INFO: ---------------------- NWG ----------------------
2025-07-09 - 22:11:47 - INFO: P/E (Forward) (Ticker: NWG): 11.89
2025-07-09 - 22:11:47 - INFO: P/E (Trailing) (Ticker: NWG): 8.69
2025-07-09 - 22:11:47 - INFO: ROE - Calc (Ticker: BN): 1.36 %
2025-07-09 - 22:11:47 - INFO: ROE - MSCI (Ticker: BN): -0.65 %
2025-07-09 - 22:11:47 - INFO: ROA (ttm) (Yahoo Finance) (Ticker: BN): 2.69 %
2025-07-09 - 22:11:47 - INFO: ROA - Calc (Ticker: BN): 0.13 %
2025-07-09 - 22:11:47 - INFO: CFOA (ttm) (Ticker: SE): 16.26 %
2025-07-09 - 22:11:47 - INFO: GPOA (Ticker: SE): 31.85 %
2025-07-09 - 22:11:47 - INFO: GPMAR (Ticker: SE): 42.84 %
2025-07-09 - 22:11:47 - INFO: Profit Margin (Ticker: SE): 4.86 %
2025-07-09 - 22:11:47 - INFO: Sector: Consumer Cyclical
2025-07-09 - 22:11:47 - INFO: Industry: Internet Retail
2025-07-09 - 22:11:47 - INFO: CFOA (ttm) (Ticker: RSG): 12.84 %
2025-07-09 - 22:11:47 - INFO: GPOA (Ticker: RSG): 20.62 %
2025-07-09 - 22:11:47 - INFO: GPMAR (Ticker: RSG): 41.68 %
2025-07-09 - 22:11:47 - INFO: Profit Margin (Ticker: RSG): 12.88 %
2025-07-09 - 22:11:47 - INFO: Sector: Industrials
2025-07-09 - 22:11:47 - INFO: Industry: Waste Management
2025-07-09 - 22:11:47 - INFO: Fetched Earnings data (EPS) for 4 years period (Ticker: BARC.L).
2025-07-09 - 22:11:47 - INFO: EPS (latest) (Ticker: BARC.L): 0.36
2025-07-09 - 22:11:47 - INFO: Fetched Earnings data (Net Income) for 4 years period (Ticker: BARC.L).
2025-07-09 - 22:11:47 - INFO: Calculating Earnings Variability (EVAR) using EPS over 3 year period (Ticker: BARC.L).
2025-07-09 - 22:11:47 - INFO: EVAR 4Y (EPS) (Ticker: BARC.L): 25.66%
2025-07-09 - 22:11:47 - INFO: Calculating Earnings Variability (EVAR) using Net Income over 3 year period (Ticker: BARC.L).
2025-07-09 - 22:11:47 - INFO: EVAR 4Y (Net Income) (Ticker: BARC.L): 19.33%
2025-07-09 - 22:11:47 - INFO: CAGR 4Y (EPS) (Ticker: BARC.L): -1.35 %
2025-07-09 - 22:11:47 - INFO: CAGR 4Y (Net Income) (Ticker: BARC.L): -3.46 %
2025-07-09 - 22:11:47 - INFO: Dividend Yield (Ticker: BARC.L): 2.49 %
2025-07-09 - 22:11:47 - INFO: ROE (ttm) (Yahoo Finance) (Ticker: BARC.L): 8.98 %
2025-07-09 - 22:11:47 - INFO: CFOA (annual) (Ticker: BN): 1.54 %
2025-07-09 - 22:11:47 - INFO: ---------------------- DUK ----------------------
2025-07-09 - 22:11:47 - INFO: P/E (Forward) (Ticker: DUK): 18.48
2025-07-09 - 22:11:47 - INFO: P/E (Trailing) (Ticker: DUK): 19.46
2025-07-09 - 22:11:47 - INFO: EBIT/TEV (Ticker: LSEG.L): 0.03 %
2025-07-09 - 22:11:47 - INFO: P/B (Ticker: LSEG.L): 249.58
2025-07-09 - 22:11:47 - INFO: Fetched Earnings data (EPS) for 4 years period (Ticker: LSEG.L).
2025-07-09 - 22:11:47 - INFO: EPS (latest) (Ticker: LSEG.L): 1.29
2025-07-09 - 22:11:47 - INFO: Fetched Earnings data (Net Income) for 4 years period (Ticker: LSEG.L).
2025-07-09 - 22:11:47 - INFO: Calculating Earnings Variability (EVAR) using EPS over 3 year period (Ticker: LSEG.L).
2025-07-09 - 22:11:47 - INFO: EVAR 4Y (EPS) (Ticker: LSEG.L): 26.58%
2025-07-09 - 22:11:47 - INFO: Calculating Earnings Variability (EVAR) using Net Income over 3 year period (Ticker: LSEG.L).
2025-07-09 - 22:11:47 - INFO: EVAR 4Y (Net Income) (Ticker: LSEG.L): 24.56%
2025-07-09 - 22:11:47 - INFO: CAGR 4Y (EPS) (Ticker: LSEG.L): -39.5 %
2025-07-09 - 22:11:47 - INFO: CAGR 4Y (Net Income) (Ticker: LSEG.L): -39.73 %
2025-07-09 - 22:11:47 - INFO: Dividend Yield (Ticker: LSEG.L): 1.22 %
2025-07-09 - 22:11:47 - INFO: ROE (ttm) (Yahoo Finance) (Ticker: LSEG.L): 3.6 %
2025-07-09 - 22:11:47 - ERROR: Error calculating ROE (ttm) (Ticker: LSEG.L): Cannot calculate ROE (Ticker: LSEG.L): An error occurred: Cannot calculate Net Income TTM! Net Income data is missing in the Quarterly Income Statement (Ticker: LSEG.L).
2025-07-09 - 22:11:47 - ERROR: Unhandled error analyzing stock (Ticker: LSEG.L)
2025-07-09 - 22:11:47 - ERROR: Cannot calculate Trailing EPS! EPS data is missing (Ticker: LSEG.L).
Traceback (most recent call last):
  File "StockFactorScreener.py", line 605, in analyze_stock
  File "ProfitabilityCalculator.py", line 304, in calc_roe_msci
  File "EarningsEngine.py", line 343, in calc_eps_ttm
EarningsEngine.EPSCalcError: Cannot calculate Trailing EPS! EPS data is missing (Ticker: LSEG.L).
2025-07-09 - 22:11:47 - ERROR: Error calculating CFOA (ttm) (Ticker: BN): Error occurred while calculcating CFOA TTM (Ticker: BN): Cannot calculate CFOA TTM (Ticker: BN): The latest quarter dates for Cash Flow from Operating Activities and Total Assets do not match. 
 Cash Flow from Operating Activities date: 2024-12-31 00:00:00, Total Assets date: 2025-03-31 00:00:00.!
2025-07-09 - 22:11:47 - INFO: GPOA (Ticker: BN): 3.68 %
2025-07-09 - 22:11:47 - INFO: GPMAR (Ticker: BN): 21.01 %
2025-07-09 - 22:11:47 - INFO: Profit Margin (Ticker: BN): 0.73 %
2025-07-09 - 22:11:47 - INFO: Sector: Financial Services
2025-07-09 - 22:11:47 - INFO: Industry: Asset Management
2025-07-09 - 22:11:47 - INFO: ROE - Calc (Ticker: BARC.L): 9.00 %
2025-07-09 - 22:11:47 - INFO: EBIT/TEV (Ticker: NWG): -17.95 %
2025-07-09 - 22:11:47 - ERROR: Unhandled error analyzing stock (Ticker: BARC.L)
2025-07-09 - 22:11:47 - INFO: P/B (Ticker: NWG): 2.63
2025-07-09 - 22:11:47 - ERROR: Cannot calculate Trailing EPS! Not enough EPS data for the last 4 quarters (Ticker: BARC.L).
Traceback (most recent call last):
  File "StockFactorScreener.py", line 605, in analyze_stock
  File "ProfitabilityCalculator.py", line 304, in calc_roe_msci
  File "EarningsEngine.py", line 351, in calc_eps_ttm
EarningsEngine.EPSCalcError: Cannot calculate Trailing EPS! Not enough EPS data for the last 4 quarters (Ticker: BARC.L).
2025-07-09 - 22:11:48 - INFO: EBIT/TEV (Ticker: DUK): 4.67 %
2025-07-09 - 22:11:48 - INFO: P/B (Ticker: DUK): 1.83
2025-07-09 - 22:11:48 - INFO: Fetched Earnings data (EPS) for 4 years period (Ticker: NWG).
2025-07-09 - 22:11:48 - INFO: EPS (latest) (Ticker: NWG): 1.07
2025-07-09 - 22:11:48 - INFO: Fetched Earnings data (Net Income) for 4 years period (Ticker: NWG).
2025-07-09 - 22:11:48 - INFO: Calculating Earnings Variability (EVAR) using EPS over 3 year period (Ticker: NWG).
2025-07-09 - 22:11:48 - INFO: EVAR 4Y (EPS) (Ticker: NWG): 15.12%
2025-07-09 - 22:11:48 - INFO: Calculating Earnings Variability (EVAR) using Net Income over 3 year period (Ticker: NWG).
2025-07-09 - 22:11:48 - INFO: EVAR 4Y (Net Income) (Ticker: NWG): 13.34%
2025-07-09 - 22:11:48 - INFO: CAGR 4Y (EPS) (Ticker: NWG): 25.06 %
2025-07-09 - 22:11:48 - INFO: CAGR 4Y (Net Income) (Ticker: NWG): 13.69 %
2025-07-09 - 22:11:48 - INFO: Dividend Yield (Ticker: NWG): 3.85 %
2025-07-09 - 22:11:48 - INFO: ROE (ttm) (Yahoo Finance) (Ticker: NWG): 12.78 %
2025-07-09 - 22:11:48 - INFO: ---------------------- SO ----------------------
2025-07-09 - 22:11:48 - INFO: P/E (Forward) (Ticker: SO): 21.29
2025-07-09 - 22:11:48 - INFO: P/E (Trailing) (Ticker: SO): 22.06
2025-07-09 - 22:11:48 - INFO: ---------------------- MMM ----------------------
2025-07-09 - 22:11:48 - INFO: P/E (Forward) (Ticker: MMM): 19.75
2025-07-09 - 22:11:48 - INFO: P/E (Trailing) (Ticker: MMM): 19.43
2025-07-09 - 22:11:48 - INFO: Fetched Earnings data (EPS) for 4 years period (Ticker: DUK).
2025-07-09 - 22:11:48 - INFO: EPS (latest) (Ticker: DUK): 5.71
2025-07-09 - 22:11:48 - INFO: Fetched Earnings data (Net Income) for 4 years period (Ticker: DUK).
2025-07-09 - 22:11:48 - INFO: ---------------------- TTWO ----------------------
2025-07-09 - 22:11:48 - INFO: Calculating Earnings Variability (EVAR) using EPS over 3 year period (Ticker: DUK).
2025-07-09 - 22:11:48 - INFO: P/E (Forward) (Ticker: TTWO): 30.9
2025-07-09 - 22:11:48 - INFO: EVAR 4Y (EPS) (Ticker: DUK): 47.17%
2025-07-09 - 22:11:48 - INFO: P/E (Trailing) (Ticker: TTWO): N/A
2025-07-09 - 22:11:48 - INFO: ROE - Calc (Ticker: NWG): 13.01 %
2025-07-09 - 22:11:48 - INFO: Calculating Earnings Variability (EVAR) using Net Income over 3 year period (Ticker: DUK).
2025-07-09 - 22:11:48 - INFO: ROE - MSCI (Ticker: NWG): 10.47 %
2025-07-09 - 22:11:48 - INFO: EVAR 4Y (Net Income) (Ticker: DUK): 47.0%
2025-07-09 - 22:11:48 - INFO: ROA (ttm) (Yahoo Finance) (Ticker: NWG): 0.72 %
2025-07-09 - 22:11:48 - INFO: CAGR 4Y (EPS) (Ticker: DUK): 4.95 %
2025-07-09 - 22:11:48 - INFO: ROA - Calc (Ticker: NWG): 0.68 %
2025-07-09 - 22:11:48 - INFO: CAGR 4Y (Net Income) (Ticker: DUK): 5.0 %
2025-07-09 - 22:11:48 - INFO: Dividend Yield (Ticker: DUK): 3.54 %
2025-07-09 - 22:11:48 - INFO: ROE (ttm) (Yahoo Finance) (Ticker: DUK): 9.48 %
2025-07-09 - 22:11:48 - INFO: ---------------------- DG ----------------------
2025-07-09 - 22:11:48 - INFO: P/E (Forward) (Ticker: DG): 18.05
2025-07-09 - 22:11:48 - INFO: P/E (Trailing) (Ticker: DG): 21.43
2025-07-09 - 22:11:48 - INFO: CFOA (annual) (Ticker: NWG): 0.25 %
2025-07-09 - 22:11:48 - INFO: EBIT/TEV (Ticker: MMM): 5.4 %
2025-07-09 - 22:11:48 - INFO: P/B (Ticker: MMM): 18.81
2025-07-09 - 22:11:48 - INFO: ROE - Calc (Ticker: DUK): 9.51 %
2025-07-09 - 22:11:48 - INFO: ---------------------- D05.SI ----------------------
2025-07-09 - 22:11:48 - INFO: ROE - MSCI (Ticker: DUK): 9.46 %
2025-07-09 - 22:11:48 - INFO: P/E (Forward) (Ticker: D05.SI): 11.86
2025-07-09 - 22:11:48 - INFO: ROA (ttm) (Yahoo Finance) (Ticker: DUK): 2.84 %
2025-07-09 - 22:11:48 - INFO: P/E (Trailing) (Ticker: D05.SI): 11.68
2025-07-09 - 22:11:48 - INFO: ROA - Calc (Ticker: DUK): 2.43 %
2025-07-09 - 22:11:48 - ERROR: Error calculating CFOA (ttm) (Ticker: NWG): Error occurred while calculcating CFOA TTM (Ticker: NWG): 'Operating Cash Flow'!
2025-07-09 - 22:11:49 - INFO: EBIT/TEV (Ticker: TTWO): -1.58 %
2025-07-09 - 22:11:49 - INFO: P/B (Ticker: TTWO): 20.07
2025-07-09 - 22:11:49 - INFO: EBIT/TEV (Ticker: SO): 4.36 %
2025-07-09 - 22:11:49 - INFO: P/B (Ticker: SO): 2.99
2025-07-09 - 22:11:49 - INFO: Fetched Earnings data (EPS) for 4 years period (Ticker: MMM).
2025-07-09 - 22:11:49 - INFO: EPS (latest) (Ticker: MMM): 7.58
2025-07-09 - 22:11:49 - INFO: Fetched Earnings data (Net Income) for 4 years period (Ticker: MMM).
2025-07-09 - 22:11:49 - INFO: Calculating Earnings Variability (EVAR) using EPS over 3 year period (Ticker: MMM).
2025-07-09 - 22:11:49 - INFO: EVAR 4Y (EPS) (Ticker: MMM): 192.73%
2025-07-09 - 22:11:49 - INFO: CFOA (annual) (Ticker: DUK): 6.62 %
2025-07-09 - 22:11:49 - INFO: EBIT/TEV (Ticker: DG): 4.27 %
2025-07-09 - 22:11:49 - INFO: Calculating Earnings Variability (EVAR) using Net Income over 3 year period (Ticker: MMM).
2025-07-09 - 22:11:49 - INFO: P/B (Ticker: DG): 3.21
2025-07-09 - 22:11:49 - INFO: EVAR 4Y (Net Income) (Ticker: MMM): 191.07%
2025-07-09 - 22:11:49 - INFO: CAGR 4Y (EPS) (Ticker: MMM): -9.51 %
2025-07-09 - 22:11:49 - INFO: CAGR 4Y (Net Income) (Ticker: MMM): -11.01 %
2025-07-09 - 22:11:49 - INFO: Dividend Yield (Ticker: MMM): 1.92 %
2025-07-09 - 22:11:49 - INFO: ROE (ttm) (Yahoo Finance) (Ticker: MMM): 93.82 %
2025-07-09 - 22:11:49 - INFO: Fetched Earnings data (EPS) for 4 years period (Ticker: TTWO).
2025-07-09 - 22:11:49 - INFO: EPS (latest) (Ticker: TTWO): -25.58
2025-07-09 - 22:11:49 - INFO: Fetched Earnings data (Net Income) for 4 years period (Ticker: TTWO).
2025-07-09 - 22:11:49 - INFO: Calculating Earnings Variability (EVAR) using EPS over 3 year period (Ticker: TTWO).
2025-07-09 - 22:11:49 - INFO: EVAR 4Y (EPS) (Ticker: TTWO): 142.95%
2025-07-09 - 22:11:49 - INFO: Calculating Earnings Variability (EVAR) using Net Income over 3 year period (Ticker: TTWO).
2025-07-09 - 22:11:49 - INFO: EVAR 4Y (Net Income) (Ticker: TTWO): 176.14%
2025-07-09 - 22:11:49 - INFO: CAGR 4Y (EPS) (Ticker: TTWO): -100 %
2025-07-09 - 22:11:49 - INFO: CAGR 4Y (Net Income) (Ticker: TTWO): -100 %
2025-07-09 - 22:11:49 - INFO: Dividend Yield (Ticker: TTWO): N/A
2025-07-09 - 22:11:49 - INFO: ROE (ttm) (Yahoo Finance) (Ticker: TTWO): -114.76 %
2025-07-09 - 22:11:49 - INFO: Fetched Earnings data (EPS) for 4 years period (Ticker: SO).
2025-07-09 - 22:11:49 - INFO: EPS (latest) (Ticker: SO): 3.64
2025-07-09 - 22:11:49 - INFO: Fetched Earnings data (Net Income) for 4 years period (Ticker: SO).
2025-07-09 - 22:11:49 - INFO: Calculating Earnings Variability (EVAR) using EPS over 3 year period (Ticker: SO).
2025-07-09 - 22:11:49 - INFO: EVAR 4Y (EPS) (Ticker: SO): 34.26%
2025-07-09 - 22:11:49 - INFO: Calculating Earnings Variability (EVAR) using Net Income over 3 year period (Ticker: SO).
2025-07-09 - 22:11:49 - INFO: EVAR 4Y (Net Income) (Ticker: SO): 20.35%
2025-07-09 - 22:11:49 - INFO: CAGR 4Y (EPS) (Ticker: SO): 7.26 %
2025-07-09 - 22:11:49 - INFO: CAGR 4Y (Net Income) (Ticker: SO): 22.26 %
2025-07-09 - 22:11:49 - INFO: Dividend Yield (Ticker: SO): 3.22 %
2025-07-09 - 22:11:49 - INFO: ROE (ttm) (Yahoo Finance) (Ticker: SO): 12.24 %
2025-07-09 - 22:11:49 - INFO: Fetched Earnings data (EPS) for 4 years period (Ticker: DG).
2025-07-09 - 22:11:49 - INFO: EPS (latest) (Ticker: DG): 5.12
2025-07-09 - 22:11:49 - INFO: Fetched Earnings data (Net Income) for 4 years period (Ticker: DG).
2025-07-09 - 22:11:49 - INFO: CFOA (ttm) (Ticker: DUK): 6.51 %
2025-07-09 - 22:11:49 - INFO: Calculating Earnings Variability (EVAR) using EPS over 3 year period (Ticker: DG).
2025-07-09 - 22:11:49 - INFO: GPOA (Ticker: DUK): 8.16 %
2025-07-09 - 22:11:49 - INFO: EVAR 4Y (EPS) (Ticker: DG): 20.66%
2025-07-09 - 22:11:49 - INFO: EBIT/TEV (Ticker: D05.SI): 9.95 %
2025-07-09 - 22:11:49 - INFO: GPMAR (Ticker: DUK): 50.06 %
2025-07-09 - 22:11:49 - INFO: Calculating Earnings Variability (EVAR) using Net Income over 3 year period (Ticker: DG).
2025-07-09 - 22:11:49 - INFO: P/B (Ticker: D05.SI): 1.95
2025-07-09 - 22:11:49 - INFO: Profit Margin (Ticker: DUK): 15.62 %
2025-07-09 - 22:11:49 - INFO: EVAR 4Y (Net Income) (Ticker: DG): 18.74%
2025-07-09 - 22:11:49 - INFO: Sector: Utilities
2025-07-09 - 22:11:49 - INFO: CAGR 4Y (EPS) (Ticker: DG): -20.63 %
2025-07-09 - 22:11:49 - INFO: Industry: Utilities - Regulated Electric
2025-07-09 - 22:11:49 - INFO: CAGR 4Y (Net Income) (Ticker: DG): -22.31 %
2025-07-09 - 22:11:49 - INFO: Dividend Yield (Ticker: DG): 2.06 %
2025-07-09 - 22:11:49 - INFO: ROE (ttm) (Yahoo Finance) (Ticker: DG): 15.7 %
2025-07-09 - 22:11:49 - INFO: ROE - Calc (Ticker: MMM): 93.48 %
2025-07-09 - 22:11:49 - INFO: ROE - MSCI (Ticker: MMM): 97.13 %
2025-07-09 - 22:11:49 - INFO: ROA (ttm) (Yahoo Finance) (Ticker: MMM): 5.45 %
2025-07-09 - 22:11:49 - INFO: ROE - Calc (Ticker: SO): 14.01 %
2025-07-09 - 22:11:49 - INFO: ROA - Calc (Ticker: MMM): 10.47 %
2025-07-09 - 22:11:49 - INFO: ROE - MSCI (Ticker: SO): 15.21 %
2025-07-09 - 22:11:49 - INFO: ROE - Calc (Ticker: TTWO): -114.76 %
2025-07-09 - 22:11:49 - INFO: ROA (ttm) (Yahoo Finance) (Ticker: SO): 3.46 %
2025-07-09 - 22:11:49 - INFO: ROE - MSCI (Ticker: TTWO): -182.48 %
2025-07-09 - 22:11:49 - INFO: ROA - Calc (Ticker: SO): 3.03 %
2025-07-09 - 22:11:49 - INFO: ROA (ttm) (Yahoo Finance) (Ticker: TTWO): -2.64 %
2025-07-09 - 22:11:49 - INFO: ROA - Calc (Ticker: TTWO): -48.79 %
2025-07-09 - 22:11:49 - INFO: Fetched Earnings data (EPS) for 4 years period (Ticker: D05.SI).
2025-07-09 - 22:11:49 - INFO: EPS (latest) (Ticker: D05.SI): 3.94
2025-07-09 - 22:11:49 - INFO: Fetched Earnings data (Net Income) for 4 years period (Ticker: D05.SI).
2025-07-09 - 22:11:49 - INFO: Calculating Earnings Variability (EVAR) using EPS over 3 year period (Ticker: D05.SI).
2025-07-09 - 22:11:49 - INFO: EVAR 4Y (EPS) (Ticker: D05.SI): 5.81%
2025-07-09 - 22:11:49 - INFO: Calculating Earnings Variability (EVAR) using Net Income over 3 year period (Ticker: D05.SI).
2025-07-09 - 22:11:49 - INFO: EVAR 4Y (Net Income) (Ticker: D05.SI): 5.57%
2025-07-09 - 22:11:49 - INFO: CAGR 4Y (EPS) (Ticker: D05.SI): 18.42 %
2025-07-09 - 22:11:49 - INFO: CAGR 4Y (Net Income) (Ticker: D05.SI): 18.38 %
2025-07-09 - 22:11:49 - INFO: Dividend Yield (Ticker: D05.SI): 6.68 %
2025-07-09 - 22:11:49 - INFO: ROE (ttm) (Yahoo Finance) (Ticker: D05.SI): N/A
2025-07-09 - 22:11:49 - INFO: ROE - Calc (Ticker: DG): 15.69 %
2025-07-09 - 22:11:49 - INFO: ROE - MSCI (Ticker: DG): 14.97 %
2025-07-09 - 22:11:49 - INFO: ROA (ttm) (Yahoo Finance) (Ticker: DG): 3.97 %
2025-07-09 - 22:11:49 - INFO: ROA - Calc (Ticker: DG): 3.61 %
2025-07-09 - 22:11:49 - INFO: CFOA (annual) (Ticker: TTWO): -0.49 %
2025-07-09 - 22:11:49 - INFO: CFOA (annual) (Ticker: MMM): 4.56 %
2025-07-09 - 22:11:49 - INFO: CFOA (annual) (Ticker: DG): 9.62 %
2025-07-09 - 22:11:50 - INFO: ROE - Calc (Ticker: D05.SI): N/A
2025-07-09 - 22:11:50 - ERROR: Unhandled error analyzing stock (Ticker: D05.SI)
2025-07-09 - 22:11:50 - ERROR: Cannot calculate Trailing EPS! Not enough EPS data for the last 4 quarters (Ticker: D05.SI).
Traceback (most recent call last):
  File "StockFactorScreener.py", line 605, in analyze_stock
  File "ProfitabilityCalculator.py", line 304, in calc_roe_msci
  File "EarningsEngine.py", line 351, in calc_eps_ttm
EarningsEngine.EPSCalcError: Cannot calculate Trailing EPS! Not enough EPS data for the last 4 quarters (Ticker: D05.SI).
2025-07-09 - 22:11:50 - INFO: CFOA (annual) (Ticker: SO): 6.74 %
2025-07-09 - 22:11:50 - INFO: CFOA (ttm) (Ticker: TTWO): -0.38 %
2025-07-09 - 22:11:50 - INFO: GPOA (Ticker: TTWO): 33.35 %
2025-07-09 - 22:11:50 - INFO: GPMAR (Ticker: TTWO): 54.36 %
2025-07-09 - 22:11:50 - INFO: Profit Margin (Ticker: TTWO): -79.5 %
2025-07-09 - 22:11:50 - INFO: Sector: Communication Services
2025-07-09 - 22:11:50 - INFO: Industry: Electronic Gaming & Multimedia
2025-07-09 - 22:11:50 - INFO: CFOA (ttm) (Ticker: MMM): 2.37 %
2025-07-09 - 22:11:50 - INFO: GPOA (Ticker: MMM): 25.4 %
2025-07-09 - 22:11:50 - INFO: GPMAR (Ticker: MMM): 41.21 %
2025-07-09 - 22:11:50 - INFO: Profit Margin (Ticker: MMM): 17.79 %
2025-07-09 - 22:11:50 - INFO: CFOA (ttm) (Ticker: DG): 10.14 %
2025-07-09 - 22:11:50 - INFO: Sector: Industrials
2025-07-09 - 22:11:50 - INFO: GPOA (Ticker: DG): 38.6 %
2025-07-09 - 22:11:50 - INFO: Industry: Conglomerates
2025-07-09 - 22:11:50 - INFO: GPMAR (Ticker: DG): 29.59 %
2025-07-09 - 22:11:50 - INFO: Profit Margin (Ticker: DG): 2.8 %
2025-07-09 - 22:11:50 - INFO: Sector: Consumer Defensive
2025-07-09 - 22:11:50 - INFO: Industry: Discount Stores
2025-07-09 - 22:11:50 - INFO: GPOA (Ticker: NWG): 2.03 %
2025-07-09 - 22:11:50 - INFO: GPMAR (Ticker: NWG): 97.89 %
2025-07-09 - 22:11:50 - ERROR: Error calculating GPOA and GPMAR TTM (Ticker: NWG): Cannot calculate GPOA (Ticker: NWG): 'Gross Profit' data is missing in the Income Statement.
2025-07-09 - 22:11:50 - INFO: Profit Margin (Ticker: NWG): 35.02 %
2025-07-09 - 22:11:50 - INFO: Sector: Financial Services
2025-07-09 - 22:11:50 - INFO: Industry: Banks - Regional
2025-07-09 - 22:11:50 - INFO: CFOA (ttm) (Ticker: SO): 6.72 %
2025-07-09 - 22:11:50 - INFO: GPOA (Ticker: SO): 9.19 %
2025-07-09 - 22:11:50 - INFO: GPMAR (Ticker: SO): 49.93 %
2025-07-09 - 22:11:50 - INFO: Profit Margin (Ticker: SO): 16.54 %
2025-07-09 - 22:11:50 - INFO: Sector: Utilities
2025-07-09 - 22:11:50 - INFO: Industry: Utilities - Regulated Electric
2025-07-09 - 22:11:50 - INFO: ---------------------- HEI ----------------------
2025-07-09 - 22:11:50 - INFO: P/E (Forward) (Ticker: HEI): 73.99
2025-07-09 - 22:11:50 - INFO: P/E (Trailing) (Ticker: HEI): 73.82
2025-07-09 - 22:11:50 - INFO: ---------------------- BN ----------------------
2025-07-09 - 22:11:50 - INFO: P/E (Forward) (Ticker: BN): 10.66
2025-07-09 - 22:11:50 - INFO: P/E (Trailing) (Ticker: BN): 215.67
2025-07-09 - 22:11:50 - INFO: EBIT/TEV (Ticker: HEI): 2.27 %
2025-07-09 - 22:11:50 - INFO: P/B (Ticker: HEI): 11.1
2025-07-09 - 22:11:50 - INFO: ---------------------- IMB.L ----------------------
2025-07-09 - 22:11:50 - INFO: P/E (Forward) (Ticker: IMB.L): 0.09
2025-07-09 - 22:11:50 - INFO: P/E (Trailing) (Ticker: IMB.L): 9.56
2025-07-09 - 22:11:50 - INFO: EBIT/TEV (Ticker: BN): 5.65 %
2025-07-09 - 22:11:50 - INFO: P/B (Ticker: BN): 2.28
2025-07-09 - 22:11:50 - INFO: Fetched Earnings data (EPS) for 4 years period (Ticker: BN).
2025-07-09 - 22:11:50 - INFO: EPS (latest) (Ticker: BN): 0.31
2025-07-09 - 22:11:50 - INFO: Fetched Earnings data (Net Income) for 4 years period (Ticker: BN).
2025-07-09 - 22:11:51 - INFO: ---------------------- BK ----------------------
2025-07-09 - 22:11:51 - INFO: Calculating Earnings Variability (EVAR) using EPS over 3 year period (Ticker: BN).
2025-07-09 - 22:11:51 - INFO: P/E (Forward) (Ticker: BK): 14.25
2025-07-09 - 22:11:51 - INFO: EVAR 4Y (EPS) (Ticker: BN): 0.72%
2025-07-09 - 22:11:51 - INFO: P/E (Trailing) (Ticker: BK): 15.17
2025-07-09 - 22:11:51 - INFO: Calculating Earnings Variability (EVAR) using Net Income over 3 year period (Ticker: BN).
2025-07-09 - 22:11:51 - INFO: EVAR 4Y (Net Income) (Ticker: BN): 2.47%
2025-07-09 - 22:11:51 - INFO: CAGR 4Y (EPS) (Ticker: BN): -49.93 %
2025-07-09 - 22:11:51 - INFO: CAGR 4Y (Net Income) (Ticker: BN): -45.53 %
2025-07-09 - 22:11:51 - INFO: Dividend Yield (Ticker: BN): 0.58 %
2025-07-09 - 22:11:51 - INFO: ROE (ttm) (Yahoo Finance) (Ticker: BN): 0.95 %
2025-07-09 - 22:11:51 - INFO: Fetched Earnings data (EPS) for 4 years period (Ticker: HEI).
2025-07-09 - 22:11:51 - INFO: EPS (latest) (Ticker: HEI): 3.71
2025-07-09 - 22:11:51 - INFO: Fetched Earnings data (Net Income) for 4 years period (Ticker: HEI).
2025-07-09 - 22:11:51 - INFO: Calculating Earnings Variability (EVAR) using EPS over 3 year period (Ticker: HEI).
2025-07-09 - 22:11:51 - INFO: EVAR 4Y (EPS) (Ticker: HEI): 6.9%
2025-07-09 - 22:11:51 - INFO: Calculating Earnings Variability (EVAR) using Net Income over 3 year period (Ticker: HEI).
2025-07-09 - 22:11:51 - INFO: EVAR 4Y (Net Income) (Ticker: HEI): 7.06%
2025-07-09 - 22:11:51 - INFO: CAGR 4Y (EPS) (Ticker: HEI): 18.14 %
2025-07-09 - 22:11:51 - INFO: CAGR 4Y (Net Income) (Ticker: HEI): 19.11 %
2025-07-09 - 22:11:51 - INFO: Dividend Yield (Ticker: HEI): 0.07 %
2025-07-09 - 22:11:51 - INFO: ROE (ttm) (Yahoo Finance) (Ticker: HEI): 15.71 %
2025-07-09 - 22:11:51 - INFO: ROE - Calc (Ticker: BN): 1.36 %
2025-07-09 - 22:11:51 - INFO: ROE - MSCI (Ticker: BN): -0.65 %
2025-07-09 - 22:11:51 - INFO: ROA (ttm) (Yahoo Finance) (Ticker: BN): 2.69 %
2025-07-09 - 22:11:51 - INFO: ---------------------- AZO ----------------------
2025-07-09 - 22:11:51 - INFO: ROA - Calc (Ticker: BN): 0.13 %
2025-07-09 - 22:11:51 - INFO: P/E (Forward) (Ticker: AZO): 21.48
2025-07-09 - 22:11:51 - INFO: P/E (Trailing) (Ticker: AZO): 25.4
2025-07-09 - 22:11:51 - INFO: ---------------------- COR ----------------------
2025-07-09 - 22:11:51 - INFO: P/E (Forward) (Ticker: COR): 18.34
2025-07-09 - 22:11:51 - INFO: P/E (Trailing) (Ticker: COR): 34.74
2025-07-09 - 22:11:51 - INFO: CFOA (annual) (Ticker: BN): 1.54 %
2025-07-09 - 22:11:51 - INFO: ROE - Calc (Ticker: HEI): 16.34 %
2025-07-09 - 22:11:51 - INFO: ROE - MSCI (Ticker: HEI): 6.9 %
2025-07-09 - 22:11:51 - INFO: ROA (ttm) (Yahoo Finance) (Ticker: HEI): 7.39 %
2025-07-09 - 22:11:51 - INFO: ROA - Calc (Ticker: HEI): 6.77 %
2025-07-09 - 22:11:51 - ERROR: Error calculating CFOA (ttm) (Ticker: BN): Error occurred while calculcating CFOA TTM (Ticker: BN): Cannot calculate CFOA TTM (Ticker: BN): The latest quarter dates for Cash Flow from Operating Activities and Total Assets do not match. 
 Cash Flow from Operating Activities date: 2024-12-31 00:00:00, Total Assets date: 2025-03-31 00:00:00.!
2025-07-09 - 22:11:51 - INFO: GPOA (Ticker: BN): 3.68 %
2025-07-09 - 22:11:51 - INFO: GPMAR (Ticker: BN): 21.01 %
2025-07-09 - 22:11:51 - INFO: Profit Margin (Ticker: BN): 0.73 %
2025-07-09 - 22:11:51 - INFO: Sector: Financial Services
2025-07-09 - 22:11:51 - INFO: Industry: Asset Management
2025-07-09 - 22:11:51 - INFO: ---------------------- TT ----------------------
2025-07-09 - 22:11:51 - INFO: P/E (Forward) (Ticker: TT): 34.27
2025-07-09 - 22:11:51 - INFO: P/E (Trailing) (Ticker: TT): 35.77
2025-07-09 - 22:11:51 - INFO: EBIT/TEV (Ticker: BK): -8.81 %
2025-07-09 - 22:11:51 - INFO: P/B (Ticker: BK): 1.76
2025-07-09 - 22:11:51 - INFO: CFOA (annual) (Ticker: HEI): 8.86 %
2025-07-09 - 22:11:51 - INFO: Fetched Earnings data (EPS) for 4 years period (Ticker: BK).
2025-07-09 - 22:11:51 - INFO: EPS (latest) (Ticker: BK): 5.84
2025-07-09 - 22:11:51 - INFO: Fetched Earnings data (Net Income) for 4 years period (Ticker: BK).
2025-07-09 - 22:11:51 - INFO: Calculating Earnings Variability (EVAR) using EPS over 3 year period (Ticker: BK).
2025-07-09 - 22:11:51 - INFO: EVAR 4Y (EPS) (Ticker: BK): 41.72%
2025-07-09 - 22:11:51 - INFO: Calculating Earnings Variability (EVAR) using Net Income over 3 year period (Ticker: BK).
2025-07-09 - 22:11:51 - INFO: EVAR 4Y (Net Income) (Ticker: BK): 37.85%
2025-07-09 - 22:11:51 - INFO: EBIT/TEV (Ticker: COR): 5.45 %
2025-07-09 - 22:11:51 - INFO: CAGR 4Y (EPS) (Ticker: BK): 11.88 %
2025-07-09 - 22:11:51 - INFO: P/B (Ticker: COR): 57.42
2025-07-09 - 22:11:51 - INFO: CAGR 4Y (Net Income) (Ticker: BK): 6.42 %
2025-07-09 - 22:11:51 - INFO: Dividend Yield (Ticker: BK): 2.06 %
2025-07-09 - 22:11:51 - INFO: ROE (ttm) (Yahoo Finance) (Ticker: BK): 11.23 %
2025-07-09 - 22:11:51 - INFO: CFOA (ttm) (Ticker: HEI): 10.68 %
2025-07-09 - 22:11:51 - INFO: GPOA (Ticker: HEI): 19.78 %
2025-07-09 - 22:11:51 - INFO: GPMAR (Ticker: HEI): 38.93 %
2025-07-09 - 22:11:51 - INFO: Profit Margin (Ticker: HEI): 14.54 %
2025-07-09 - 22:11:51 - INFO: Sector: Industrials
2025-07-09 - 22:11:51 - INFO: EBIT/TEV (Ticker: AZO): 4.98 %
2025-07-09 - 22:11:51 - INFO: Industry: Aerospace & Defense
2025-07-09 - 22:11:51 - INFO: P/B (Ticker: AZO): -15.76
2025-07-09 - 22:11:51 - INFO: EBIT/TEV (Ticker: IMB.L): 0.19 %
2025-07-09 - 22:11:51 - INFO: P/B (Ticker: IMB.L): 482.34
2025-07-09 - 22:11:51 - INFO: Fetched Earnings data (EPS) for 4 years period (Ticker: IMB.L).
2025-07-09 - 22:11:51 - INFO: EPS (latest) (Ticker: IMB.L): 2.52
2025-07-09 - 22:11:51 - INFO: Fetched Earnings data (Net Income) for 4 years period (Ticker: IMB.L).
2025-07-09 - 22:11:51 - INFO: Calculating Earnings Variability (EVAR) using EPS over 3 year period (Ticker: IMB.L).
2025-07-09 - 22:11:51 - INFO: EVAR 4Y (EPS) (Ticker: IMB.L): 69.23%
2025-07-09 - 22:11:51 - INFO: Calculating Earnings Variability (EVAR) using Net Income over 3 year period (Ticker: IMB.L).
2025-07-09 - 22:11:51 - INFO: EVAR 4Y (Net Income) (Ticker: IMB.L): 46.83%
2025-07-09 - 22:11:51 - INFO: CAGR 4Y (EPS) (Ticker: IMB.L): 16.83 %
2025-07-09 - 22:11:51 - INFO: CAGR 4Y (Net Income) (Ticker: IMB.L): -2.67 %
2025-07-09 - 22:11:51 - INFO: Dividend Yield (Ticker: IMB.L): 6.56 %
2025-07-09 - 22:11:51 - INFO: ROE (ttm) (Yahoo Finance) (Ticker: IMB.L): 51.21 %
2025-07-09 - 22:11:51 - ERROR: Error calculating ROE (ttm) (Ticker: IMB.L): Cannot calculate ROE (Ticker: IMB.L): An error occurred: Cannot calculate Net Income TTM! Net Income data is missing in the Quarterly Income Statement (Ticker: IMB.L).
2025-07-09 - 22:11:51 - ERROR: Unhandled error analyzing stock (Ticker: IMB.L)
2025-07-09 - 22:11:51 - ERROR: Cannot calculate Trailing EPS! EPS data is missing (Ticker: IMB.L).
Traceback (most recent call last):
  File "StockFactorScreener.py", line 605, in analyze_stock
  File "ProfitabilityCalculator.py", line 304, in calc_roe_msci
  File "EarningsEngine.py", line 343, in calc_eps_ttm
EarningsEngine.EPSCalcError: Cannot calculate Trailing EPS! EPS data is missing (Ticker: IMB.L).
2025-07-09 - 22:11:52 - INFO: ROE - Calc (Ticker: BK): 11.29 %
2025-07-09 - 22:11:52 - INFO: ROE - MSCI (Ticker: BK): 10.39 %
2025-07-09 - 22:11:52 - INFO: ROA (ttm) (Yahoo Finance) (Ticker: BK): 1.08 %
2025-07-09 - 22:11:52 - INFO: ROA - Calc (Ticker: BK): 1.09 %
2025-07-09 - 22:11:52 - INFO: Fetched Earnings data (EPS) for 4 years period (Ticker: COR).
2025-07-09 - 22:11:52 - INFO: EPS (latest) (Ticker: COR): 7.6
2025-07-09 - 22:11:52 - INFO: EBIT/TEV (Ticker: TT): 3.66 %
2025-07-09 - 22:11:52 - INFO: Fetched Earnings data (Net Income) for 4 years period (Ticker: COR).
2025-07-09 - 22:11:52 - INFO: P/B (Ticker: TT): 12.93
2025-07-09 - 22:11:52 - INFO: Calculating Earnings Variability (EVAR) using EPS over 3 year period (Ticker: COR).
2025-07-09 - 22:11:52 - INFO: EVAR 4Y (EPS) (Ticker: COR): 11.2%
2025-07-09 - 22:11:52 - INFO: Calculating Earnings Variability (EVAR) using Net Income over 3 year period (Ticker: COR).
2025-07-09 - 22:11:52 - INFO: EVAR 4Y (Net Income) (Ticker: COR): 12.19%
2025-07-09 - 22:11:52 - INFO: CAGR 4Y (EPS) (Ticker: COR): 0.53 %
2025-07-09 - 22:11:52 - INFO: CAGR 4Y (Net Income) (Ticker: COR): -0.67 %
2025-07-09 - 22:11:52 - INFO: Dividend Yield (Ticker: COR): 0.73 %
2025-07-09 - 22:11:52 - INFO: ROE (ttm) (Yahoo Finance) (Ticker: COR): 141.78 %
2025-07-09 - 22:11:52 - INFO: Fetched Earnings data (EPS) for 4 years period (Ticker: AZO).
2025-07-09 - 22:11:52 - INFO: EPS (latest) (Ticker: AZO): 153.82
2025-07-09 - 22:11:52 - INFO: Fetched Earnings data (Net Income) for 4 years period (Ticker: AZO).
2025-07-09 - 22:11:52 - INFO: Calculating Earnings Variability (EVAR) using EPS over 3 year period (Ticker: AZO).
2025-07-09 - 22:11:52 - INFO: EVAR 4Y (EPS) (Ticker: AZO): 6.34%
2025-07-09 - 22:11:52 - INFO: Calculating Earnings Variability (EVAR) using Net Income over 3 year period (Ticker: AZO).
2025-07-09 - 22:11:52 - INFO: EVAR 4Y (Net Income) (Ticker: AZO): 4.24%
2025-07-09 - 22:11:52 - INFO: CAGR 4Y (EPS) (Ticker: AZO): 16.37 %
2025-07-09 - 22:11:52 - INFO: CAGR 4Y (Net Income) (Ticker: AZO): 7.05 %
2025-07-09 - 22:11:52 - INFO: Dividend Yield (Ticker: AZO): N/A
2025-07-09 - 22:11:52 - INFO: ROE (ttm) (Yahoo Finance) (Ticker: AZO): N/A
2025-07-09 - 22:11:52 - INFO: CFOA (annual) (Ticker: BK): 0.17 %
2025-07-09 - 22:11:52 - INFO: Fetched Earnings data (EPS) for 4 years period (Ticker: TT).
2025-07-09 - 22:11:52 - INFO: EPS (latest) (Ticker: TT): 11.44
2025-07-09 - 22:11:52 - INFO: Fetched Earnings data (Net Income) for 4 years period (Ticker: TT).
2025-07-09 - 22:11:52 - INFO: Calculating Earnings Variability (EVAR) using EPS over 3 year period (Ticker: TT).
2025-07-09 - 22:11:52 - INFO: EVAR 4Y (EPS) (Ticker: TT): 6.34%
2025-07-09 - 22:11:52 - INFO: Calculating Earnings Variability (EVAR) using Net Income over 3 year period (Ticker: TT).
2025-07-09 - 22:11:52 - INFO: EVAR 4Y (Net Income) (Ticker: TT): 5.98%
2025-07-09 - 22:11:52 - INFO: ROE - Calc (Ticker: AZO): N/A
2025-07-09 - 22:11:52 - INFO: CAGR 4Y (EPS) (Ticker: TT): 24.28 %
2025-07-09 - 22:11:52 - INFO: ROE - Calc (Ticker: COR): 161.58 %
2025-07-09 - 22:11:52 - INFO: ROE - MSCI (Ticker: AZO): -57.46 %
2025-07-09 - 22:11:52 - INFO: CAGR 4Y (Net Income) (Ticker: TT): 21.74 %
2025-07-09 - 22:11:52 - INFO: Dividend Yield (Ticker: TT): 0.86 %
2025-07-09 - 22:11:52 - INFO: ROE - MSCI (Ticker: COR): 198.89 %
2025-07-09 - 22:11:52 - INFO: ROA (ttm) (Yahoo Finance) (Ticker: AZO): 12.98 %
2025-07-09 - 22:11:52 - INFO: ROE (ttm) (Yahoo Finance) (Ticker: TT): 38.63 %
2025-07-09 - 22:11:52 - INFO: ROA (ttm) (Yahoo Finance) (Ticker: COR): 2.97 %
2025-07-09 - 22:11:52 - INFO: ROA - Calc (Ticker: AZO): 15.50 %
2025-07-09 - 22:11:52 - INFO: ROA - Calc (Ticker: COR): 2.25 %
2025-07-09 - 22:11:52 - INFO: CFOA (ttm) (Ticker: BK): 0.88 %
2025-07-09 - 22:11:52 - INFO: ---------------------- TRP ----------------------
2025-07-09 - 22:11:52 - INFO: P/E (Forward) (Ticker: TRP): 17.58
2025-07-09 - 22:11:52 - INFO: P/E (Trailing) (Ticker: TRP): 15.68
2025-07-09 - 22:11:52 - INFO: CFOA (annual) (Ticker: COR): 5.19 %
2025-07-09 - 22:11:52 - INFO: ROE - Calc (Ticker: TT): 38.06 %
2025-07-09 - 22:11:52 - INFO: ROE - MSCI (Ticker: TT): 36.27 %
2025-07-09 - 22:11:52 - INFO: CFOA (annual) (Ticker: AZO): 17.49 %
2025-07-09 - 22:11:52 - INFO: ROA (ttm) (Yahoo Finance) (Ticker: TT): 11.36 %
2025-07-09 - 22:11:52 - INFO: ROA - Calc (Ticker: TT): 12.75 %
2025-07-09 - 22:11:52 - INFO: ---------------------- CTAS ----------------------
2025-07-09 - 22:11:52 - INFO: P/E (Forward) (Ticker: CTAS): 46.29
2025-07-09 - 22:11:52 - INFO: P/E (Trailing) (Ticker: CTAS): 50.26
2025-07-09 - 22:11:52 - INFO: ---------------------- 8316.T ----------------------
2025-07-09 - 22:11:52 - INFO: P/E (Forward) (Ticker: 8316.T): 11.37
2025-07-09 - 22:11:52 - INFO: P/E (Trailing) (Ticker: 8316.T): 11.9
2025-07-09 - 22:11:53 - INFO: CFOA (ttm) (Ticker: COR): 6.0 %
2025-07-09 - 22:11:53 - INFO: GPOA (Ticker: COR): 14.77 %
2025-07-09 - 22:11:53 - INFO: GPMAR (Ticker: COR): 3.37 %
2025-07-09 - 22:11:53 - INFO: Profit Margin (Ticker: COR): 0.55 %
2025-07-09 - 22:11:53 - INFO: Sector: Healthcare
2025-07-09 - 22:11:53 - INFO: Industry: Medical Distribution
2025-07-09 - 22:11:53 - INFO: EBIT/TEV (Ticker: TRP): 5.1 %
2025-07-09 - 22:11:53 - INFO: CFOA (annual) (Ticker: TT): 15.61 %
2025-07-09 - 22:11:53 - INFO: P/B (Ticker: TRP): 1.92
2025-07-09 - 22:11:53 - INFO: CFOA (ttm) (Ticker: AZO): 18.13 %
2025-07-09 - 22:11:53 - INFO: GPOA (Ticker: AZO): 57.15 %
2025-07-09 - 22:11:53 - INFO: GPMAR (Ticker: AZO): 53.09 %
2025-07-09 - 22:11:53 - INFO: Profit Margin (Ticker: AZO): 13.56 %
2025-07-09 - 22:11:53 - INFO: Sector: Consumer Cyclical
2025-07-09 - 22:11:53 - INFO: Industry: Auto Parts
2025-07-09 - 22:11:53 - INFO: Fetched Earnings data (EPS) for 4 years period (Ticker: TRP).
2025-07-09 - 22:11:53 - INFO: EPS (latest) (Ticker: TRP): 4.43
2025-07-09 - 22:11:53 - INFO: Fetched Earnings data (Net Income) for 4 years period (Ticker: TRP).
2025-07-09 - 22:11:53 - INFO: Calculating Earnings Variability (EVAR) using EPS over 3 year period (Ticker: TRP).
2025-07-09 - 22:11:53 - INFO: EVAR 4Y (EPS) (Ticker: TRP): 201.92%
2025-07-09 - 22:11:53 - INFO: Calculating Earnings Variability (EVAR) using Net Income over 3 year period (Ticker: TRP).
2025-07-09 - 22:11:53 - INFO: EVAR 4Y (Net Income) (Ticker: TRP): 178.89%
2025-07-09 - 22:11:53 - INFO: CAGR 4Y (EPS) (Ticker: TRP): 33.31 %
2025-07-09 - 22:11:53 - INFO: CAGR 4Y (Net Income) (Ticker: TRP): 33.94 %
2025-07-09 - 22:11:53 - INFO: Dividend Yield (Ticker: TRP): 5.05 %
2025-07-09 - 22:11:53 - INFO: ROE (ttm) (Yahoo Finance) (Ticker: TRP): 12.74 %
2025-07-09 - 22:11:53 - INFO: CFOA (ttm) (Ticker: TT): 15.92 %
2025-07-09 - 22:11:53 - INFO: GPOA (Ticker: TT): 35.14 %
2025-07-09 - 22:11:53 - INFO: GPMAR (Ticker: TT): 35.69 %
2025-07-09 - 22:11:53 - INFO: Profit Margin (Ticker: TT): 13.47 %
2025-07-09 - 22:11:53 - INFO: Sector: Industrials
2025-07-09 - 22:11:53 - INFO: Industry: Building Products & Equipment
2025-07-09 - 22:11:53 - INFO: EBIT/TEV (Ticker: CTAS): 2.57 %
2025-07-09 - 22:11:53 - INFO: P/B (Ticker: CTAS): 19.04
2025-07-09 - 22:11:53 - INFO: EBIT/TEV (Ticker: 8316.T): -5.84 %
2025-07-09 - 22:11:53 - INFO: P/B (Ticker: 8316.T): 0.97
2025-07-09 - 22:11:53 - INFO: Fetched Earnings data (EPS) for 4 years period (Ticker: CTAS).
2025-07-09 - 22:11:53 - INFO: EPS (latest) (Ticker: CTAS): 3.85
2025-07-09 - 22:11:53 - INFO: Fetched Earnings data (Net Income) for 4 years period (Ticker: CTAS).
2025-07-09 - 22:11:53 - INFO: Calculating Earnings Variability (EVAR) using EPS over 3 year period (Ticker: CTAS).
2025-07-09 - 22:11:53 - INFO: EVAR 4Y (EPS) (Ticker: CTAS): 2.89%
2025-07-09 - 22:11:53 - INFO: Calculating Earnings Variability (EVAR) using Net Income over 3 year period (Ticker: CTAS).
2025-07-09 - 22:11:53 - INFO: EVAR 4Y (Net Income) (Ticker: CTAS): 3.86%
2025-07-09 - 22:11:53 - INFO: CAGR 4Y (EPS) (Ticker: CTAS): 13.55 %
2025-07-09 - 22:11:53 - INFO: CAGR 4Y (Net Income) (Ticker: CTAS): 12.26 %
2025-07-09 - 22:11:53 - INFO: ROE - Calc (Ticker: TRP): 15.50 %
2025-07-09 - 22:11:53 - INFO: Dividend Yield (Ticker: CTAS): 0.7 %
2025-07-09 - 22:11:53 - INFO: ROE - MSCI (Ticker: TRP): 25.83 %
2025-07-09 - 22:11:53 - INFO: ROE (ttm) (Yahoo Finance) (Ticker: CTAS): 40.3 %
2025-07-09 - 22:11:53 - INFO: ROA (ttm) (Yahoo Finance) (Ticker: TRP): 2.95 %
2025-07-09 - 22:11:53 - INFO: ROA - Calc (Ticker: TRP): 3.97 %
2025-07-09 - 22:11:53 - INFO: ---------------------- TDG ----------------------
2025-07-09 - 22:11:53 - INFO: P/E (Forward) (Ticker: TDG): 35.11
2025-07-09 - 22:11:53 - INFO: P/E (Trailing) (Ticker: TDG): 51.44
2025-07-09 - 22:11:53 - INFO: Fetched Earnings data (EPS) for 4 years period (Ticker: 8316.T).
2025-07-09 - 22:11:53 - INFO: EPS (latest) (Ticker: 8316.T): 241.52
2025-07-09 - 22:11:53 - INFO: Fetched Earnings data (Net Income) for 4 years period (Ticker: 8316.T).
2025-07-09 - 22:11:53 - INFO: Calculating Earnings Variability (EVAR) using EPS over 3 year period (Ticker: 8316.T).
2025-07-09 - 22:11:53 - INFO: EVAR 4Y (EPS) (Ticker: 8316.T): 11.77%
2025-07-09 - 22:11:53 - INFO: Calculating Earnings Variability (EVAR) using Net Income over 3 year period (Ticker: 8316.T).
2025-07-09 - 22:11:53 - INFO: CFOA (annual) (Ticker: TRP): 6.51 %
2025-07-09 - 22:11:53 - INFO: EVAR 4Y (Net Income) (Ticker: 8316.T): 4.21%
2025-07-09 - 22:11:53 - INFO: CAGR 4Y (EPS) (Ticker: 8316.T): 24.63 %
2025-07-09 - 22:11:53 - INFO: CAGR 4Y (Net Income) (Ticker: 8316.T): 18.57 %
2025-07-09 - 22:11:53 - INFO: Dividend Yield (Ticker: 8316.T): 3.74 %
2025-07-09 - 22:11:53 - INFO: ROE (ttm) (Yahoo Finance) (Ticker: 8316.T): 3.15 %
2025-07-09 - 22:11:54 - INFO: ROE - Calc (Ticker: CTAS): 40.30 %
2025-07-09 - 22:11:54 - INFO: ROE - MSCI (Ticker: CTAS): 38.56 %
2025-07-09 - 22:11:54 - INFO: ROA (ttm) (Yahoo Finance) (Ticker: CTAS): 15.53 %
2025-07-09 - 22:11:54 - INFO: ROA - Calc (Ticker: CTAS): 17.14 %
2025-07-09 - 22:11:54 - INFO: ---------------------- CM ----------------------
2025-07-09 - 22:11:54 - INFO: GPOA (Ticker: BK): 4.39 %
2025-07-09 - 22:11:54 - INFO: P/E (Forward) (Ticker: CM): 13.55
2025-07-09 - 22:11:54 - INFO: GPMAR (Ticker: BK): 98.43 %
2025-07-09 - 22:11:54 - INFO: P/E (Trailing) (Ticker: CM): 12.44
2025-07-09 - 22:11:54 - ERROR: Error calculating GPOA and GPMAR TTM (Ticker: BK): Cannot calculate GPOA (Ticker: BK): 'Gross Profit' data is missing in the Income Statement.
2025-07-09 - 22:11:54 - INFO: Profit Margin (Ticker: BK): 25.1 %
2025-07-09 - 22:11:54 - INFO: Sector: Financial Services
2025-07-09 - 22:11:54 - INFO: Industry: Banks - Diversified
2025-07-09 - 22:11:54 - INFO: CFOA (ttm) (Ticker: TRP): 5.59 %
2025-07-09 - 22:11:54 - INFO: GPOA (Ticker: TRP): 5.59 %
2025-07-09 - 22:11:54 - INFO: GPMAR (Ticker: TRP): 47.97 %
2025-07-09 - 22:11:54 - INFO: Profit Margin (Ticker: TRP): 32.25 %
2025-07-09 - 22:11:54 - INFO: Sector: Energy
2025-07-09 - 22:11:54 - INFO: Industry: Oil & Gas Midstream
2025-07-09 - 22:11:54 - INFO: ROE - Calc (Ticker: 8316.T): 8.02 %
2025-07-09 - 22:11:54 - ERROR: Unhandled error analyzing stock (Ticker: 8316.T)
2025-07-09 - 22:11:54 - ERROR: Cannot calculate Trailing EPS! Not enough EPS data for the last 4 quarters (Ticker: 8316.T).
Traceback (most recent call last):
  File "StockFactorScreener.py", line 605, in analyze_stock
  File "ProfitabilityCalculator.py", line 304, in calc_roe_msci
  File "EarningsEngine.py", line 351, in calc_eps_ttm
EarningsEngine.EPSCalcError: Cannot calculate Trailing EPS! Not enough EPS data for the last 4 quarters (Ticker: 8316.T).
2025-07-09 - 22:11:54 - INFO: ---------------------- LNG ----------------------
2025-07-09 - 22:11:54 - INFO: P/E (Forward) (Ticker: LNG): 20.85
2025-07-09 - 22:11:54 - INFO: P/E (Trailing) (Ticker: LNG): 17.29
2025-07-09 - 22:11:54 - INFO: CFOA (annual) (Ticker: CTAS): 22.68 %
2025-07-09 - 22:11:54 - INFO: EBIT/TEV (Ticker: TDG): 3.58 %
2025-07-09 - 22:11:54 - INFO: P/B (Ticker: TDG): -15.14
2025-07-09 - 22:11:54 - INFO: Fetched Earnings data (EPS) for 4 years period (Ticker: TDG).
2025-07-09 - 22:11:54 - INFO: EPS (latest) (Ticker: TDG): 25.62
2025-07-09 - 22:11:54 - INFO: Fetched Earnings data (Net Income) for 4 years period (Ticker: TDG).
2025-07-09 - 22:11:54 - INFO: Calculating Earnings Variability (EVAR) using EPS over 3 year period (Ticker: TDG).
2025-07-09 - 22:11:54 - INFO: EVAR 4Y (EPS) (Ticker: TDG): 24.97%
2025-07-09 - 22:11:54 - INFO: Calculating Earnings Variability (EVAR) using Net Income over 3 year period (Ticker: TDG).
2025-07-09 - 22:11:54 - INFO: CFOA (ttm) (Ticker: CTAS): 23.9 %
2025-07-09 - 22:11:54 - INFO: EVAR 4Y (Net Income) (Ticker: TDG): 11.89%
2025-07-09 - 22:11:54 - INFO: GPOA (Ticker: CTAS): 51.11 %
2025-07-09 - 22:11:54 - INFO: CAGR 4Y (EPS) (Ticker: TDG): 35.01 %
2025-07-09 - 22:11:54 - INFO: EBIT/TEV (Ticker: CM): 6.8 %
2025-07-09 - 22:11:54 - INFO: GPMAR (Ticker: CTAS): 48.83 %
2025-07-09 - 22:11:54 - INFO: CAGR 4Y (Net Income) (Ticker: TDG): 36.09 %
2025-07-09 - 22:11:54 - INFO: P/B (Ticker: CM): 1.14
2025-07-09 - 22:11:54 - INFO: Profit Margin (Ticker: CTAS): 17.53 %
2025-07-09 - 22:11:54 - INFO: Dividend Yield (Ticker: TDG): N/A
2025-07-09 - 22:11:54 - INFO: Sector: Industrials
2025-07-09 - 22:11:54 - INFO: ROE (ttm) (Yahoo Finance) (Ticker: TDG): N/A
2025-07-09 - 22:11:54 - INFO: Industry: Specialty Business Services
2025-07-09 - 22:11:54 - INFO: EBIT/TEV (Ticker: LNG): 7.9 %
2025-07-09 - 22:11:54 - INFO: P/B (Ticker: LNG): 9.41
2025-07-09 - 22:11:55 - INFO: Fetched Earnings data (EPS) for 4 years period (Ticker: CM).
2025-07-09 - 22:11:55 - INFO: EPS (latest) (Ticker: CM): 7.29
2025-07-09 - 22:11:55 - INFO: Fetched Earnings data (Net Income) for 4 years period (Ticker: CM).
2025-07-09 - 22:11:55 - INFO: Calculating Earnings Variability (EVAR) using EPS over 3 year period (Ticker: CM).
2025-07-09 - 22:11:55 - INFO: EVAR 4Y (EPS) (Ticker: CM): 32.8%
2025-07-09 - 22:11:55 - INFO: Calculating Earnings Variability (EVAR) using Net Income over 3 year period (Ticker: CM).
2025-07-09 - 22:11:55 - INFO: EVAR 4Y (Net Income) (Ticker: CM): 32.06%
2025-07-09 - 22:11:55 - INFO: CAGR 4Y (EPS) (Ticker: CM): 1.46 %
2025-07-09 - 22:11:55 - INFO: CAGR 4Y (Net Income) (Ticker: CM): 3.44 %
2025-07-09 - 22:11:55 - INFO: Dividend Yield (Ticker: CM): 3.99 %
2025-07-09 - 22:11:55 - INFO: ROE (ttm) (Yahoo Finance) (Ticker: CM): 13.36 %
2025-07-09 - 22:11:55 - INFO: ROE - Calc (Ticker: TDG): N/A
2025-07-09 - 22:11:55 - INFO: ROE - MSCI (Ticker: TDG): -29.3 %
2025-07-09 - 22:11:55 - INFO: ROA (ttm) (Yahoo Finance) (Ticker: TDG): 11.24 %
2025-07-09 - 22:11:55 - INFO: ROA - Calc (Ticker: TDG): 6.70 %
2025-07-09 - 22:11:55 - INFO: ---------------------- WBC.AX ----------------------
2025-07-09 - 22:11:55 - INFO: P/E (Forward) (Ticker: WBC.AX): 16.36
2025-07-09 - 22:11:55 - INFO: P/E (Trailing) (Ticker: WBC.AX): 17.19
2025-07-09 - 22:11:55 - INFO: ---------------------- KMI ----------------------
2025-07-09 - 22:11:55 - INFO: P/E (Forward) (Ticker: KMI): 22.06
2025-07-09 - 22:11:55 - INFO: P/E (Trailing) (Ticker: KMI): 23.97
2025-07-09 - 22:11:55 - INFO: Fetched Earnings data (EPS) for 4 years period (Ticker: LNG).
2025-07-09 - 22:11:55 - INFO: EPS (latest) (Ticker: LNG): 14.24
2025-07-09 - 22:11:55 - INFO: Fetched Earnings data (Net Income) for 4 years period (Ticker: LNG).
2025-07-09 - 22:11:55 - INFO: Calculating Earnings Variability (EVAR) using EPS over 3 year period (Ticker: LNG).
2025-07-09 - 22:11:55 - INFO: EVAR 4Y (EPS) (Ticker: LNG): 349.31%
2025-07-09 - 22:11:55 - INFO: Calculating Earnings Variability (EVAR) using Net Income over 3 year period (Ticker: LNG).
2025-07-09 - 22:11:55 - INFO: EVAR 4Y (Net Income) (Ticker: LNG): 334.69%
2025-07-09 - 22:11:55 - INFO: CAGR 4Y (EPS) (Ticker: LNG): 52.4 %
2025-07-09 - 22:11:55 - INFO: CAGR 4Y (Net Income) (Ticker: LNG): 50.19 %
2025-07-09 - 22:11:55 - INFO: Dividend Yield (Ticker: LNG): 0.82 %
2025-07-09 - 22:11:55 - INFO: ROE (ttm) (Yahoo Finance) (Ticker: LNG): 46.98 %
2025-07-09 - 22:11:55 - INFO: ROE - Calc (Ticker: CM): 13.36 %
2025-07-09 - 22:11:55 - INFO: ROE - MSCI (Ticker: CM): 11.98 %
2025-07-09 - 22:11:55 - INFO: ROA (ttm) (Yahoo Finance) (Ticker: CM): 0.75 %
2025-07-09 - 22:11:55 - INFO: ROA - Calc (Ticker: CM): 0.68 %
2025-07-09 - 22:11:55 - INFO: ---------------------- RCL ----------------------
2025-07-09 - 22:11:55 - INFO: P/E (Forward) (Ticker: RCL): 23.33
2025-07-09 - 22:11:55 - INFO: P/E (Trailing) (Ticker: RCL): 27.15
2025-07-09 - 22:11:55 - INFO: CFOA (annual) (Ticker: TDG): 7.99 %
2025-07-09 - 22:11:55 - INFO: ROE - Calc (Ticker: LNG): 63.13 %
2025-07-09 - 22:11:55 - INFO: ROE - MSCI (Ticker: LNG): 285.72 %
2025-07-09 - 22:11:55 - INFO: ROA (ttm) (Yahoo Finance) (Ticker: LNG): 8.56 %
2025-07-09 - 22:11:55 - INFO: ROA - Calc (Ticker: LNG): 7.41 %
2025-07-09 - 22:11:55 - INFO: CFOA (annual) (Ticker: CM): 1.06 %
2025-07-09 - 22:11:55 - INFO: CFOA (ttm) (Ticker: TDG): 9.16 %
2025-07-09 - 22:11:55 - INFO: GPOA (Ticker: TDG): 18.26 %
2025-07-09 - 22:11:55 - INFO: GPMAR (Ticker: TDG): 58.84 %
2025-07-09 - 22:11:55 - INFO: Profit Margin (Ticker: TDG): 22.66 %
2025-07-09 - 22:11:55 - INFO: Sector: Industrials
2025-07-09 - 22:11:55 - INFO: Industry: Aerospace & Defense
2025-07-09 - 22:11:55 - INFO: EBIT/TEV (Ticker: KMI): 4.59 %
2025-07-09 - 22:11:55 - INFO: P/B (Ticker: KMI): 2.02
2025-07-09 - 22:11:55 - INFO: CFOA (annual) (Ticker: LNG): 12.3 %
2025-07-09 - 22:11:55 - INFO: EBIT/TEV (Ticker: RCL): 3.9 %
2025-07-09 - 22:11:55 - INFO: P/B (Ticker: RCL): 11.38
2025-07-09 - 22:11:55 - INFO: CFOA (ttm) (Ticker: CM): 2.24 %
2025-07-09 - 22:11:55 - INFO: ---------------------- KR ----------------------
2025-07-09 - 22:11:55 - INFO: P/E (Forward) (Ticker: KR): 15.34
2025-07-09 - 22:11:55 - INFO: P/E (Trailing) (Ticker: KR): 19.14
2025-07-09 - 22:11:56 - INFO: Fetched Earnings data (EPS) for 4 years period (Ticker: KMI).
2025-07-09 - 22:11:56 - INFO: EPS (latest) (Ticker: KMI): 1.17
2025-07-09 - 22:11:56 - INFO: Fetched Earnings data (Net Income) for 4 years period (Ticker: KMI).
2025-07-09 - 22:11:56 - INFO: Calculating Earnings Variability (EVAR) using EPS over 3 year period (Ticker: KMI).
2025-07-09 - 22:11:56 - INFO: EVAR 4Y (EPS) (Ticker: KMI): 24.99%
2025-07-09 - 22:11:56 - INFO: Calculating Earnings Variability (EVAR) using Net Income over 3 year period (Ticker: KMI).
2025-07-09 - 22:11:56 - INFO: EVAR 4Y (Net Income) (Ticker: KMI): 25.04%
2025-07-09 - 22:11:56 - INFO: CAGR 4Y (EPS) (Ticker: KMI): 14.47 %
2025-07-09 - 22:11:56 - INFO: CAGR 4Y (Net Income) (Ticker: KMI): 13.57 %
2025-07-09 - 22:11:56 - INFO: Dividend Yield (Ticker: KMI): 3.98 %
2025-07-09 - 22:11:56 - INFO: ROE (ttm) (Yahoo Finance) (Ticker: KMI): 8.45 %
2025-07-09 - 22:11:56 - INFO: EBIT/TEV (Ticker: WBC.AX): 6.87 %
2025-07-09 - 22:11:56 - INFO: P/B (Ticker: WBC.AX): 1.6
2025-07-09 - 22:11:56 - INFO: Fetched Earnings data (EPS) for 4 years period (Ticker: WBC.AX).
2025-07-09 - 22:11:56 - INFO: EPS (latest) (Ticker: WBC.AX): 2.05
2025-07-09 - 22:11:56 - INFO: Fetched Earnings data (Net Income) for 4 years period (Ticker: WBC.AX).
2025-07-09 - 22:11:56 - INFO: Calculating Earnings Variability (EVAR) using EPS over 3 year period (Ticker: WBC.AX).
2025-07-09 - 22:11:56 - INFO: CFOA (ttm) (Ticker: LNG): 12.45 %
2025-07-09 - 22:11:56 - INFO: EVAR 4Y (EPS) (Ticker: WBC.AX): 68.29%
2025-07-09 - 22:11:56 - INFO: GPOA (Ticker: LNG): 15.06 %
2025-07-09 - 22:11:56 - INFO: Calculating Earnings Variability (EVAR) using Net Income over 3 year period (Ticker: WBC.AX).
2025-07-09 - 22:11:56 - INFO: EVAR 4Y (Net Income) (Ticker: WBC.AX): 15.22%
2025-07-09 - 22:11:56 - INFO: GPMAR (Ticker: LNG): 42.06 %
2025-07-09 - 22:11:56 - INFO: Profit Margin (Ticker: LNG): 18.54 %
2025-07-09 - 22:11:56 - INFO: CAGR 4Y (EPS) (Ticker: WBC.AX): 47.71 %
2025-07-09 - 22:11:56 - INFO: Sector: Energy
2025-07-09 - 22:11:56 - INFO: Industry: Oil & Gas Midstream
2025-07-09 - 22:11:56 - INFO: CAGR 4Y (Net Income) (Ticker: WBC.AX): 8.6 %
2025-07-09 - 22:11:56 - INFO: Dividend Yield (Ticker: WBC.AX): 4.49 %
2025-07-09 - 22:11:56 - INFO: ROE (ttm) (Yahoo Finance) (Ticker: WBC.AX): 9.62 %
2025-07-09 - 22:11:56 - ERROR: Error calculating ROE (ttm) (Ticker: WBC.AX): Cannot calculate ROE (Ticker: WBC.AX): An error occurred: Cannot calculate Net Income TTM! Net Income data is missing in the Quarterly Income Statement (Ticker: WBC.AX).
2025-07-09 - 22:11:56 - ERROR: Unhandled error analyzing stock (Ticker: WBC.AX)
2025-07-09 - 22:11:56 - ERROR: Cannot calculate Trailing EPS! EPS data is missing (Ticker: WBC.AX).
Traceback (most recent call last):
  File "StockFactorScreener.py", line 605, in analyze_stock
  File "ProfitabilityCalculator.py", line 304, in calc_roe_msci
  File "EarningsEngine.py", line 343, in calc_eps_ttm
EarningsEngine.EPSCalcError: Cannot calculate Trailing EPS! EPS data is missing (Ticker: WBC.AX).
2025-07-09 - 22:11:56 - INFO: Fetched Earnings data (EPS) for 4 years period (Ticker: RCL).
2025-07-09 - 22:11:56 - INFO: EPS (latest) (Ticker: RCL): 11.0
2025-07-09 - 22:11:56 - INFO: Fetched Earnings data (Net Income) for 4 years period (Ticker: RCL).
2025-07-09 - 22:11:56 - INFO: Calculating Earnings Variability (EVAR) using EPS over 3 year period (Ticker: RCL).
2025-07-09 - 22:11:56 - INFO: EVAR 4Y (EPS) (Ticker: RCL): 66.89%
2025-07-09 - 22:11:56 - INFO: Calculating Earnings Variability (EVAR) using Net Income over 3 year period (Ticker: RCL).
2025-07-09 - 22:11:56 - INFO: EVAR 4Y (Net Income) (Ticker: RCL): 66.28%
2025-07-09 - 22:11:56 - INFO: CAGR 4Y (EPS) (Ticker: RCL): 36.2 %
2025-07-09 - 22:11:56 - INFO: CAGR 4Y (Net Income) (Ticker: RCL): 36.57 %
2025-07-09 - 22:11:56 - INFO: Dividend Yield (Ticker: RCL): 0.96 %
2025-07-09 - 22:11:56 - INFO: ROE (ttm) (Yahoo Finance) (Ticker: RCL): 48.52 %
2025-07-09 - 22:11:56 - INFO: GPOA (Ticker: CM): None %
2025-07-09 - 22:11:56 - INFO: GPMAR (Ticker: CM): None %
2025-07-09 - 22:11:56 - ERROR: Error calculating GPOA and GPMAR TTM (Ticker: CM): Cannot calculate GPOA (Ticker: CM): 'Gross Profit' data is missing in the Income Statement.
2025-07-09 - 22:11:56 - INFO: Profit Margin (Ticker: CM): 30.74 %
2025-07-09 - 22:11:56 - INFO: Sector: Financial Services
2025-07-09 - 22:11:56 - INFO: Industry: Banks - Diversified
2025-07-09 - 22:11:56 - ERROR: Error calculating profitability growth metrics for CM: Cannot calculate CAGR. No Earnings Growth data available (Ticker: CM).
2025-07-09 - 22:11:56 - ERROR: Cannot calculate CAGR. No Earnings Growth data available (Ticker: CM).
Traceback (most recent call last):
  File "StockFactorScreener.py", line 249, in calc_profitability_growth
  File "ProfitabilityCalculator.py", line 1004, in calc_cagr
ProfitabilityCalculator.CAGRCalcError: Cannot calculate CAGR. No Earnings Growth data available (Ticker: CM).
2025-07-09 - 22:11:56 - INFO: ROE - Calc (Ticker: KMI): 8.48 %
2025-07-09 - 22:11:56 - INFO: ROE - MSCI (Ticker: KMI): 8.8 %
2025-07-09 - 22:11:56 - INFO: ROA (ttm) (Yahoo Finance) (Ticker: KMI): 3.73 %
2025-07-09 - 22:11:56 - INFO: ROA - Calc (Ticker: KMI): 3.66 %
2025-07-09 - 22:11:56 - INFO: ROE - Calc (Ticker: RCL): 49.53 %
2025-07-09 - 22:11:56 - INFO: ROE - MSCI (Ticker: RCL): 42.98 %
2025-07-09 - 22:11:56 - INFO: ROA (ttm) (Yahoo Finance) (Ticker: RCL): 7.43 %
2025-07-09 - 22:11:56 - INFO: ---------------------- RBLX ----------------------
2025-07-09 - 22:11:56 - INFO: ROA - Calc (Ticker: RCL): 7.76 %
2025-07-09 - 22:11:56 - INFO: P/E (Forward) (Ticker: RBLX): -76.7
2025-07-09 - 22:11:56 - INFO: P/E (Trailing) (Ticker: RBLX): N/A
2025-07-09 - 22:11:56 - INFO: EBIT/TEV (Ticker: KR): 5.9 %
2025-07-09 - 22:11:56 - INFO: P/B (Ticker: KR): 5.69
2025-07-09 - 22:11:56 - INFO: CFOA (annual) (Ticker: KMI): 7.89 %
2025-07-09 - 22:11:56 - INFO: CFOA (annual) (Ticker: RCL): 14.2 %
2025-07-09 - 22:11:56 - INFO: Fetched Earnings data (EPS) for 4 years period (Ticker: KR).
2025-07-09 - 22:11:56 - INFO: EPS (latest) (Ticker: KR): 3.7
2025-07-09 - 22:11:56 - INFO: Fetched Earnings data (Net Income) for 4 years period (Ticker: KR).
2025-07-09 - 22:11:56 - INFO: Calculating Earnings Variability (EVAR) using EPS over 3 year period (Ticker: KR).
2025-07-09 - 22:11:56 - INFO: EVAR 4Y (EPS) (Ticker: KR): 22.42%
2025-07-09 - 22:11:56 - INFO: Calculating Earnings Variability (EVAR) using Net Income over 3 year period (Ticker: KR).
2025-07-09 - 22:11:56 - INFO: EVAR 4Y (Net Income) (Ticker: KR): 20.01%
2025-07-09 - 22:11:56 - INFO: CAGR 4Y (EPS) (Ticker: KR): 18.92 %
2025-07-09 - 22:11:56 - INFO: CAGR 4Y (Net Income) (Ticker: KR): 17.21 %
2025-07-09 - 22:11:56 - INFO: Dividend Yield (Ticker: KR): 1.95 %
2025-07-09 - 22:11:56 - INFO: ROE (ttm) (Yahoo Finance) (Ticker: KR): 24.24 %
2025-07-09 - 22:11:56 - INFO: CFOA (ttm) (Ticker: KMI): 7.86 %
2025-07-09 - 22:11:56 - INFO: GPOA (Ticker: KMI): 11.78 %
2025-07-09 - 22:11:56 - INFO: GPMAR (Ticker: KMI): 55.69 %
2025-07-09 - 22:11:56 - INFO: Profit Margin (Ticker: KMI): 16.67 %
2025-07-09 - 22:11:56 - INFO: Sector: Energy
2025-07-09 - 22:11:56 - INFO: Industry: Oil & Gas Midstream
2025-07-09 - 22:11:56 - INFO: ---------------------- DOL.TO ----------------------
2025-07-09 - 22:11:56 - INFO: P/E (Forward) (Ticker: DOL.TO): 42.15
2025-07-09 - 22:11:56 - INFO: P/E (Trailing) (Ticker: DOL.TO): 44.08
2025-07-09 - 22:11:56 - INFO: ---------------------- JCI ----------------------
2025-07-09 - 22:11:56 - INFO: P/E (Forward) (Ticker: JCI): 25.42
2025-07-09 - 22:11:56 - INFO: P/E (Trailing) (Ticker: JCI): 32.17
2025-07-09 - 22:11:56 - INFO: ROE - Calc (Ticker: KR): 24.11 %
2025-07-09 - 22:11:56 - INFO: ROE - MSCI (Ticker: KR): 30.32 %
2025-07-09 - 22:11:56 - INFO: ROA (ttm) (Yahoo Finance) (Ticker: KR): 5.92 %
2025-07-09 - 22:11:56 - INFO: CFOA (ttm) (Ticker: RCL): 14.98 %
2025-07-09 - 22:11:56 - INFO: ROA - Calc (Ticker: KR): 5.06 %
2025-07-09 - 22:11:56 - INFO: GPOA (Ticker: RCL): 21.13 %
2025-07-09 - 22:11:56 - INFO: ---------------------- CAH ----------------------
2025-07-09 - 22:11:56 - INFO: GPMAR (Ticker: RCL): 47.52 %
2025-07-09 - 22:11:56 - INFO: P/E (Forward) (Ticker: CAH): 19.01
2025-07-09 - 22:11:56 - INFO: Profit Margin (Ticker: RCL): 19.38 %
2025-07-09 - 22:11:56 - INFO: P/E (Trailing) (Ticker: CAH): 25.66
2025-07-09 - 22:11:56 - INFO: Sector: Consumer Cyclical
2025-07-09 - 22:11:56 - INFO: Industry: Travel Services
2025-07-09 - 22:11:57 - INFO: EBIT/TEV (Ticker: RBLX): -1.42 %
2025-07-09 - 22:11:57 - INFO: P/B (Ticker: RBLX): 232.77
2025-07-09 - 22:11:57 - INFO: CFOA (annual) (Ticker: KR): 11.01 %
2025-07-09 - 22:11:57 - INFO: Fetched Earnings data (EPS) for 4 years period (Ticker: RBLX).
2025-07-09 - 22:11:57 - INFO: EPS (latest) (Ticker: RBLX): -1.87
2025-07-09 - 22:11:57 - INFO: Fetched Earnings data (Net Income) for 4 years period (Ticker: RBLX).
2025-07-09 - 22:11:57 - INFO: Calculating Earnings Variability (EVAR) using EPS over 3 year period (Ticker: RBLX).
2025-07-09 - 22:11:57 - INFO: EVAR 4Y (EPS) (Ticker: RBLX): 42.13%
2025-07-09 - 22:11:57 - INFO: Calculating Earnings Variability (EVAR) using Net Income over 3 year period (Ticker: RBLX).
2025-07-09 - 22:11:57 - INFO: EVAR 4Y (Net Income) (Ticker: RBLX): 53.72%
2025-07-09 - 22:11:57 - INFO: CAGR 4Y (EPS) (Ticker: RBLX): -58.06 %
2025-07-09 - 22:11:57 - INFO: CAGR 4Y (Net Income) (Ticker: RBLX): -23.91 %
2025-07-09 - 22:11:57 - INFO: Dividend Yield (Ticker: RBLX): N/A
2025-07-09 - 22:11:57 - INFO: ROE (ttm) (Yahoo Finance) (Ticker: RBLX): -492.67 %
2025-07-09 - 22:11:57 - INFO: EBIT/TEV (Ticker: JCI): 4.01 %
2025-07-09 - 22:11:57 - INFO: P/B (Ticker: JCI): 4.43
2025-07-09 - 22:11:57 - INFO: EBIT/TEV (Ticker: DOL.TO): 2.82 %
2025-07-09 - 22:11:57 - INFO: P/B (Ticker: DOL.TO): 40.35
2025-07-09 - 22:11:57 - INFO: EBIT/TEV (Ticker: CAH): 5.22 %
2025-07-09 - 22:11:57 - INFO: P/B (Ticker: CAH): -13.31
2025-07-09 - 22:11:57 - ERROR: Error calculating CFOA (ttm) (Ticker: KR): Error occurred while calculcating CFOA TTM (Ticker: KR): Cannot calculate CFOA TTM (Ticker: KR): The latest quarter dates for Cash Flow from Operating Activities and Total Assets do not match. 
 Cash Flow from Operating Activities date: 2025-04-30 00:00:00, Total Assets date: 2025-05-31 00:00:00.!
2025-07-09 - 22:11:57 - INFO: GPOA (Ticker: KR): 63.48 %
2025-07-09 - 22:11:57 - INFO: GPMAR (Ticker: KR): 22.7 %
2025-07-09 - 22:11:57 - INFO: Profit Margin (Ticker: KR): 1.76 %
2025-07-09 - 22:11:57 - INFO: Sector: Consumer Defensive
2025-07-09 - 22:11:57 - INFO: Industry: Grocery Stores
2025-07-09 - 22:11:57 - INFO: Fetched Earnings data (EPS) for 4 years period (Ticker: JCI).
2025-07-09 - 22:11:57 - INFO: EPS (latest) (Ticker: JCI): 2.53
2025-07-09 - 22:11:57 - INFO: Fetched Earnings data (Net Income) for 4 years period (Ticker: JCI).
2025-07-09 - 22:11:57 - INFO: Calculating Earnings Variability (EVAR) using EPS over 3 year period (Ticker: JCI).
2025-07-09 - 22:11:57 - INFO: EVAR 4Y (EPS) (Ticker: JCI): 15.36%
2025-07-09 - 22:11:57 - INFO: Calculating Earnings Variability (EVAR) using Net Income over 3 year period (Ticker: JCI).
2025-07-09 - 22:11:57 - INFO: EVAR 4Y (Net Income) (Ticker: JCI): 16.06%
2025-07-09 - 22:11:57 - INFO: CAGR 4Y (EPS) (Ticker: JCI): 3.08 %
2025-07-09 - 22:11:57 - INFO: CAGR 4Y (Net Income) (Ticker: JCI): 1.37 %
2025-07-09 - 22:11:57 - INFO: Dividend Yield (Ticker: JCI): 1.4 %
2025-07-09 - 22:11:57 - INFO: ROE (ttm) (Yahoo Finance) (Ticker: JCI): 13.14 %
2025-07-09 - 22:11:57 - INFO: ---------------------- WPM ----------------------
2025-07-09 - 22:11:57 - INFO: P/E (Forward) (Ticker: WPM): 50.21
2025-07-09 - 22:11:57 - INFO: P/E (Trailing) (Ticker: WPM): 65.35
2025-07-09 - 22:11:57 - INFO: Fetched Earnings data (EPS) for 4 years period (Ticker: DOL.TO).
2025-07-09 - 22:11:57 - INFO: EPS (latest) (Ticker: DOL.TO): 4.18
2025-07-09 - 22:11:57 - INFO: Fetched Earnings data (Net Income) for 4 years period (Ticker: DOL.TO).
2025-07-09 - 22:11:57 - INFO: ROE - Calc (Ticker: RBLX): -460.30 %
2025-07-09 - 22:11:57 - INFO: Calculating Earnings Variability (EVAR) using EPS over 3 year period (Ticker: DOL.TO).
2025-07-09 - 22:11:57 - INFO: ROE - MSCI (Ticker: RBLX): -259.93 %
2025-07-09 - 22:11:57 - INFO: EVAR 4Y (EPS) (Ticker: DOL.TO): 6.23%
2025-07-09 - 22:11:57 - INFO: ROA (ttm) (Yahoo Finance) (Ticker: RBLX): -9.06 %
2025-07-09 - 22:11:57 - INFO: Calculating Earnings Variability (EVAR) using Net Income over 3 year period (Ticker: DOL.TO).
2025-07-09 - 22:11:57 - INFO: ROA - Calc (Ticker: RBLX): -13.04 %
2025-07-09 - 22:11:57 - INFO: EVAR 4Y (Net Income) (Ticker: DOL.TO): 5.18%
2025-07-09 - 22:11:57 - INFO: CAGR 4Y (EPS) (Ticker: DOL.TO): 24.04 %
2025-07-09 - 22:11:57 - INFO: CAGR 4Y (Net Income) (Ticker: DOL.TO): 20.78 %
2025-07-09 - 22:11:57 - INFO: Dividend Yield (Ticker: DOL.TO): 0.22 %
2025-07-09 - 22:11:57 - INFO: ROE (ttm) (Yahoo Finance) (Ticker: DOL.TO): 140.36 %
2025-07-09 - 22:11:57 - INFO: Fetched Earnings data (EPS) for 4 years period (Ticker: CAH).
2025-07-09 - 22:11:57 - INFO: EPS (latest) (Ticker: CAH): 3.48
2025-07-09 - 22:11:57 - INFO: Fetched Earnings data (Net Income) for 4 years period (Ticker: CAH).
2025-07-09 - 22:11:57 - INFO: Calculating Earnings Variability (EVAR) using EPS over 3 year period (Ticker: CAH).
2025-07-09 - 22:11:57 - INFO: EVAR 4Y (EPS) (Ticker: CAH): 266.0%
2025-07-09 - 22:11:57 - INFO: Calculating Earnings Variability (EVAR) using Net Income over 3 year period (Ticker: CAH).
2025-07-09 - 22:11:57 - INFO: EVAR 4Y (Net Income) (Ticker: CAH): 231.34%
2025-07-09 - 22:11:57 - INFO: CAGR 4Y (EPS) (Ticker: CAH): 18.53 %
2025-07-09 - 22:11:57 - INFO: CAGR 4Y (Net Income) (Ticker: CAH): 11.72 %
2025-07-09 - 22:11:57 - INFO: Dividend Yield (Ticker: CAH): 1.22 %
2025-07-09 - 22:11:57 - INFO: ROE (ttm) (Yahoo Finance) (Ticker: CAH): N/A
2025-07-09 - 22:11:57 - INFO: ---------------------- VST ----------------------
2025-07-09 - 22:11:57 - INFO: P/E (Forward) (Ticker: VST): 28.56
2025-07-09 - 22:11:57 - INFO: P/E (Trailing) (Ticker: VST): 31.23
2025-07-09 - 22:11:57 - INFO: ROE - Calc (Ticker: JCI): 15.92 %
2025-07-09 - 22:11:57 - INFO: ROE - MSCI (Ticker: JCI): 16.97 %
2025-07-09 - 22:11:57 - INFO: ROA (ttm) (Yahoo Finance) (Ticker: JCI): 4.84 %
2025-07-09 - 22:11:57 - INFO: ROA - Calc (Ticker: JCI): 3.99 %
2025-07-09 - 22:11:57 - INFO: CFOA (annual) (Ticker: RBLX): 11.46 %
2025-07-09 - 22:11:57 - INFO: ROE - Calc (Ticker: DOL.TO): 140.36 %
2025-07-09 - 22:11:57 - INFO: ROE - MSCI (Ticker: DOL.TO): 78.95 %
2025-07-09 - 22:11:57 - INFO: ROA (ttm) (Yahoo Finance) (Ticker: DOL.TO): 16.89 %
2025-07-09 - 22:11:57 - INFO: ROA - Calc (Ticker: DOL.TO): 18.03 %
2025-07-09 - 22:11:57 - INFO: ROE - Calc (Ticker: CAH): N/A
2025-07-09 - 22:11:57 - INFO: ROE - MSCI (Ticker: CAH): -38.39 %
2025-07-09 - 22:11:57 - INFO: ROA (ttm) (Yahoo Finance) (Ticker: CAH): 3.13 %
2025-07-09 - 22:11:57 - INFO: ROA - Calc (Ticker: CAH): 1.89 %
2025-07-09 - 22:11:58 - INFO: EBIT/TEV (Ticker: WPM): 2.22 %
2025-07-09 - 22:11:58 - INFO: P/B (Ticker: WPM): 5.4
2025-07-09 - 22:11:58 - INFO: CFOA (annual) (Ticker: DOL.TO): 25.36 %
2025-07-09 - 22:11:58 - INFO: CFOA (annual) (Ticker: JCI): 4.91 %
2025-07-09 - 22:11:58 - INFO: CFOA (annual) (Ticker: CAH): 8.34 %
2025-07-09 - 22:11:58 - INFO: CFOA (ttm) (Ticker: RBLX): 14.79 %
2025-07-09 - 22:11:58 - INFO: GPOA (Ticker: RBLX): 39.04 %
2025-07-09 - 22:11:58 - INFO: GPMAR (Ticker: RBLX): 77.76 %
2025-07-09 - 22:11:58 - INFO: Profit Margin (Ticker: RBLX): -22.94 %
2025-07-09 - 22:11:58 - INFO: Sector: Communication Services
2025-07-09 - 22:11:58 - INFO: Industry: Electronic Gaming & Multimedia
2025-07-09 - 22:11:58 - INFO: Fetched Earnings data (EPS) for 4 years period (Ticker: WPM).
2025-07-09 - 22:11:58 - INFO: EPS (latest) (Ticker: WPM): 1.17
2025-07-09 - 22:11:58 - INFO: Fetched Earnings data (Net Income) for 4 years period (Ticker: WPM).
2025-07-09 - 22:11:58 - INFO: Calculating Earnings Variability (EVAR) using EPS over 3 year period (Ticker: WPM).
2025-07-09 - 22:11:58 - INFO: EVAR 4Y (EPS) (Ticker: WPM): 9.12%
2025-07-09 - 22:11:58 - INFO: Calculating Earnings Variability (EVAR) using Net Income over 3 year period (Ticker: WPM).
2025-07-09 - 22:11:58 - INFO: EVAR 4Y (Net Income) (Ticker: WPM): 9.04%
2025-07-09 - 22:11:58 - INFO: CAGR 4Y (EPS) (Ticker: WPM): -11.38 %
2025-07-09 - 22:11:58 - INFO: CAGR 4Y (Net Income) (Ticker: WPM): -11.17 %
2025-07-09 - 22:11:58 - INFO: Dividend Yield (Ticker: WPM): 0.73 %
2025-07-09 - 22:11:58 - INFO: ROE (ttm) (Yahoo Finance) (Ticker: WPM): 8.51 %
2025-07-09 - 22:11:58 - INFO: EBIT/TEV (Ticker: VST): 4.61 %
2025-07-09 - 22:11:58 - INFO: P/B (Ticker: VST): 28.52
2025-07-09 - 22:11:58 - INFO: CFOA (ttm) (Ticker: JCI): 7.96 %
2025-07-09 - 22:11:58 - INFO: GPOA (Ticker: JCI): 18.92 %
2025-07-09 - 22:11:58 - INFO: GPMAR (Ticker: JCI): 35.19 %
2025-07-09 - 22:11:58 - INFO: Profit Margin (Ticker: JCI): 10.78 %
2025-07-09 - 22:11:58 - INFO: Sector: Industrials
2025-07-09 - 22:11:58 - INFO: Industry: Building Products & Equipment
2025-07-09 - 22:11:58 - INFO: CFOA (ttm) (Ticker: CAH): 6.37 %
2025-07-09 - 22:11:58 - INFO: GPOA (Ticker: CAH): 16.43 %
2025-07-09 - 22:11:58 - INFO: GPMAR (Ticker: CAH): 3.27 %
2025-07-09 - 22:11:58 - INFO: Profit Margin (Ticker: CAH): 0.7 %
2025-07-09 - 22:11:58 - INFO: Sector: Healthcare
2025-07-09 - 22:11:58 - INFO: Industry: Medical Distribution
2025-07-09 - 22:11:58 - INFO: CFOA (ttm) (Ticker: DOL.TO): 26.01 %
2025-07-09 - 22:11:58 - INFO: GPOA (Ticker: DOL.TO): 44.64 %
2025-07-09 - 22:11:58 - INFO: GPMAR (Ticker: DOL.TO): 45.12 %
2025-07-09 - 22:11:58 - INFO: Profit Margin (Ticker: DOL.TO): 18.79 %
2025-07-09 - 22:11:58 - INFO: Sector: Consumer Defensive
2025-07-09 - 22:11:58 - INFO: Industry: Discount Stores
2025-07-09 - 22:11:58 - INFO: ---------------------- IFC.TO ----------------------
2025-07-09 - 22:11:58 - INFO: P/E (Forward) (Ticker: IFC.TO): 18.84
2025-07-09 - 22:11:58 - INFO: P/E (Trailing) (Ticker: IFC.TO): 24.96
2025-07-09 - 22:11:58 - INFO: Fetched Earnings data (EPS) for 4 years period (Ticker: VST).
2025-07-09 - 22:11:58 - INFO: EPS (latest) (Ticker: VST): 3.82
2025-07-09 - 22:11:58 - INFO: Fetched Earnings data (Net Income) for 4 years period (Ticker: VST).
2025-07-09 - 22:11:58 - INFO: Calculating Earnings Variability (EVAR) using EPS over 3 year period (Ticker: VST).
2025-07-09 - 22:11:58 - INFO: EVAR 4Y (EPS) (Ticker: VST): 265.64%
2025-07-09 - 22:11:58 - INFO: Calculating Earnings Variability (EVAR) using Net Income over 3 year period (Ticker: VST).
2025-07-09 - 22:11:58 - INFO: EVAR 4Y (Net Income) (Ticker: VST): 110.81%
2025-07-09 - 22:11:58 - INFO: CAGR 4Y (EPS) (Ticker: VST): 43.25 %
2025-07-09 - 22:11:58 - INFO: CAGR 4Y (Net Income) (Ticker: VST): 59.88 %
2025-07-09 - 22:11:58 - INFO: Dividend Yield (Ticker: VST): 0.46 %
2025-07-09 - 22:11:58 - INFO: ROE (ttm) (Yahoo Finance) (Ticker: VST): 41.68 %
2025-07-09 - 22:11:58 - INFO: ROE - Calc (Ticker: WPM): 8.51 %
2025-07-09 - 22:11:58 - INFO: ROE - MSCI (Ticker: WPM): 9.32 %
2025-07-09 - 22:11:58 - INFO: ROA (ttm) (Yahoo Finance) (Ticker: WPM): 6.4 %
2025-07-09 - 22:11:58 - INFO: ROA - Calc (Ticker: WPM): 7.13 %
2025-07-09 - 22:11:59 - INFO: ROE - Calc (Ticker: VST): 46.29 %
2025-07-09 - 22:11:59 - INFO: ROE - MSCI (Ticker: VST): 38.27 %
2025-07-09 - 22:11:59 - INFO: ROA (ttm) (Yahoo Finance) (Ticker: VST): 6.3 %
2025-07-09 - 22:11:59 - INFO: ROA - Calc (Ticker: VST): 7.04 %
2025-07-09 - 22:11:59 - INFO: EBIT/TEV (Ticker: IFC.TO): 7.05 %
2025-07-09 - 22:11:59 - INFO: CFOA (annual) (Ticker: WPM): 13.84 %
2025-07-09 - 22:11:59 - INFO: ---------------------- VRSN ----------------------
2025-07-09 - 22:11:59 - INFO: P/B (Ticker: IFC.TO): 3.16
2025-07-09 - 22:11:59 - INFO: P/E (Forward) (Ticker: VRSN): 33.5
2025-07-09 - 22:11:59 - ERROR: Invalid Stock Ticker Symbol: EOAN
2025-07-09 - 22:11:59 - INFO: P/E (Trailing) (Ticker: VRSN): 35.42
2025-07-09 - 22:11:59 - ERROR: Skipping Stock Analysis for EOAN.
2025-07-09 - 22:11:59 - INFO: CFOA (annual) (Ticker: VST): 12.08 %
2025-07-09 - 22:11:59 - INFO: Fetched Earnings data (EPS) for 4 years period (Ticker: IFC.TO).
2025-07-09 - 22:11:59 - INFO: EPS (latest) (Ticker: IFC.TO): 12.37
2025-07-09 - 22:11:59 - INFO: Fetched Earnings data (Net Income) for 4 years period (Ticker: IFC.TO).
2025-07-09 - 22:11:59 - INFO: Calculating Earnings Variability (EVAR) using EPS over 3 year period (Ticker: IFC.TO).
2025-07-09 - 22:11:59 - INFO: EVAR 4Y (EPS) (Ticker: IFC.TO): 62.89%
2025-07-09 - 22:11:59 - INFO: Calculating Earnings Variability (EVAR) using Net Income over 3 year period (Ticker: IFC.TO).
2025-07-09 - 22:11:59 - INFO: EVAR 4Y (Net Income) (Ticker: IFC.TO): 60.52%
2025-07-09 - 22:11:59 - INFO: CAGR 4Y (EPS) (Ticker: IFC.TO): -0.08 %
2025-07-09 - 22:11:59 - INFO: CAGR 4Y (Net Income) (Ticker: IFC.TO): 3.58 %
2025-07-09 - 22:11:59 - INFO: CFOA (ttm) (Ticker: WPM): 15.69 %
2025-07-09 - 22:11:59 - INFO: Dividend Yield (Ticker: IFC.TO): 1.68 %
2025-07-09 - 22:11:59 - INFO: GPOA (Ticker: WPM): 10.81 %
2025-07-09 - 22:11:59 - INFO: ROE (ttm) (Yahoo Finance) (Ticker: IFC.TO): 12.92 %
2025-07-09 - 22:11:59 - INFO: GPMAR (Ticker: WPM): 62.48 %
2025-07-09 - 22:11:59 - INFO: ---------------------- USD ----------------------
2025-07-09 - 22:11:59 - INFO: Profit Margin (Ticker: WPM): 42.45 %
2025-07-09 - 22:11:59 - INFO: P/E (Forward) (Ticker: USD): N/A
2025-07-09 - 22:11:59 - INFO: Sector: Basic Materials
2025-07-09 - 22:11:59 - INFO: P/E (Trailing) (Ticker: USD): 50.46
2025-07-09 - 22:11:59 - INFO: Industry: Gold
2025-07-09 - 22:11:59 - INFO: ---------------------- 8766.T ----------------------
2025-07-09 - 22:11:59 - INFO: P/E (Forward) (Ticker: 8766.T): 11.7
2025-07-09 - 22:11:59 - INFO: P/E (Trailing) (Ticker: 8766.T): 10.64
2025-07-09 - 22:11:59 - INFO: EBIT/TEV (Ticker: VRSN): 3.78 %
2025-07-09 - 22:11:59 - INFO: P/B (Ticker: VRSN): -13.79
2025-07-09 - 22:11:59 - INFO: CFOA (ttm) (Ticker: VST): 12.68 %
2025-07-09 - 22:11:59 - INFO: GPOA (Ticker: VST): 19.92 %
2025-07-09 - 22:11:59 - INFO: GPMAR (Ticker: VST): 43.69 %
2025-07-09 - 22:11:59 - INFO: Profit Margin (Ticker: VST): 13.4 %
2025-07-09 - 22:11:59 - INFO: Sector: Utilities
2025-07-09 - 22:11:59 - INFO: Industry: Utilities - Independent Power Producers
2025-07-09 - 22:11:59 - INFO: ROE - Calc (Ticker: IFC.TO): 12.95 %
2025-07-09 - 22:11:59 - INFO: ROE - MSCI (Ticker: IFC.TO): 11.88 %
2025-07-09 - 22:11:59 - INFO: ROA (ttm) (Yahoo Finance) (Ticker: IFC.TO): 3.37 %
2025-07-09 - 22:11:59 - INFO: ROA - Calc (Ticker: IFC.TO): 3.86 %
2025-07-09 - 22:11:59 - ERROR: Error while calculating EBIT/TEV ratio (Ticker: USD): No Income Statement (annual) data found (Ticker: USD). Cannot calculate EBIT/TEV ratio!
2025-07-09 - 22:11:59 - ERROR: No Income Statement (annual) data found (Ticker: USD). Cannot calculate EBIT/TEV ratio!
Traceback (most recent call last):
  File "ValueMetrics.py", line 540, in calc_ebit_to_tev
  File "ValueMetrics.py", line 91, in get_operating_income_ttm
ValueMetrics.OperatingIncomeError: No Income Statement (quarterly) data found (Ticker: USD). Cannot calculate EBIT/TEV ratio!

During handling of the above exception, another exception occurred:

Traceback (most recent call last):
  File "StockFactorScreener.py", line 217, in get_ebit_to_tev
  File "ValueMetrics.py", line 562, in calc_ebit_to_tev
  File "ValueMetrics.py", line 161, in get_operating_income_annual
ValueMetrics.OperatingIncomeError: No Income Statement (annual) data found (Ticker: USD). Cannot calculate EBIT/TEV ratio!
2025-07-09 - 22:11:59 - INFO: EBIT/TEV (Ticker: USD): N/A
2025-07-09 - 22:11:59 - INFO: P/B (Ticker: USD): None
2025-07-09 - 22:11:59 - ERROR: Unhandled error analyzing stock (Ticker: USD)
2025-07-09 - 22:11:59 - ERROR: Error fetching Earnings (USD): No Annual Income Statement data found on Yahoo Finance (Ticker: USD).
Traceback (most recent call last):
  File "EarningsEngine.py", line 151, in get_earnings
EarningsEngine.NetIncomeCalcError: No Annual Income Statement data found on Yahoo Finance (Ticker: USD).

The above exception was the direct cause of the following exception:

Traceback (most recent call last):
  File "StockFactorScreener.py", line 437, in analyze_stock
  File "EarningsEngine.py", line 318, in get_earnings
EarningsEngine.NetIncomeCalcError: Error fetching Earnings (USD): No Annual Income Statement data found on Yahoo Finance (Ticker: USD).
2025-07-09 - 22:11:59 - ERROR: Invalid Stock Ticker Symbol: HO
2025-07-09 - 22:11:59 - ERROR: Skipping Stock Analysis for HO.
2025-07-09 - 22:11:59 - INFO: Fetched Earnings data (EPS) for 4 years period (Ticker: VRSN).
2025-07-09 - 22:11:59 - INFO: EPS (latest) (Ticker: VRSN): 8.01
2025-07-09 - 22:11:59 - INFO: Fetched Earnings data (Net Income) for 4 years period (Ticker: VRSN).
2025-07-09 - 22:11:59 - INFO: Calculating Earnings Variability (EVAR) using EPS over 3 year period (Ticker: VRSN).
2025-07-09 - 22:11:59 - INFO: EVAR 4Y (EPS) (Ticker: VRSN): 19.26%
2025-07-09 - 22:11:59 - INFO: Calculating Earnings Variability (EVAR) using Net Income over 3 year period (Ticker: VRSN).
2025-07-09 - 22:11:59 - INFO: EVAR 4Y (Net Income) (Ticker: VRSN): 18.26%
2025-07-09 - 22:11:59 - INFO: CAGR 4Y (EPS) (Ticker: VRSN): 4.55 %
2025-07-09 - 22:11:59 - INFO: CAGR 4Y (Net Income) (Ticker: VRSN): 0.04 %
2025-07-09 - 22:11:59 - INFO: Dividend Yield (Ticker: VRSN): 1.07 %
2025-07-09 - 22:11:59 - INFO: ROE (ttm) (Yahoo Finance) (Ticker: VRSN): N/A
2025-07-09 - 22:11:59 - INFO: CFOA (annual) (Ticker: IFC.TO): 5.69 %
2025-07-09 - 22:12:00 - INFO: ROE - Calc (Ticker: VRSN): N/A
2025-07-09 - 22:12:00 - INFO: ROE - MSCI (Ticker: VRSN): -38.9 %
2025-07-09 - 22:12:00 - ERROR: Invalid Stock Ticker Symbol: AD
2025-07-09 - 22:12:00 - INFO: ROA (ttm) (Yahoo Finance) (Ticker: VRSN): 42.14 %
2025-07-09 - 22:12:00 - ERROR: Skipping Stock Analysis for AD.
2025-07-09 - 22:12:00 - INFO: ROA - Calc (Ticker: VRSN): 55.86 %
2025-07-09 - 22:12:00 - INFO: CFOA (ttm) (Ticker: IFC.TO): 6.26 %
2025-07-09 - 22:12:00 - INFO: EBIT/TEV (Ticker: 8766.T): 5.37 %
2025-07-09 - 22:12:00 - INFO: P/B (Ticker: 8766.T): 2.18
2025-07-09 - 22:12:00 - INFO: CFOA (annual) (Ticker: VRSN): 64.17 %
2025-07-09 - 22:12:00 - INFO: GPOA (Ticker: IFC.TO): None %
2025-07-09 - 22:12:00 - INFO: GPMAR (Ticker: IFC.TO): None %
2025-07-09 - 22:12:00 - ERROR: Error calculating GPOA and GPMAR TTM (Ticker: IFC.TO): Cannot calculate GPOA (Ticker: IFC.TO): 'Gross Profit' data is missing in the Income Statement.
2025-07-09 - 22:12:00 - INFO: Profit Margin (Ticker: IFC.TO): 7.89 %
2025-07-09 - 22:12:00 - INFO: Sector: Financial Services
2025-07-09 - 22:12:00 - INFO: Industry: Insurance - Property & Casualty
2025-07-09 - 22:12:00 - ERROR: Error calculating profitability growth metrics for IFC.TO: Cannot calculate CAGR. No Earnings Growth data available (Ticker: IFC.TO).
2025-07-09 - 22:12:00 - ERROR: Cannot calculate CAGR. No Earnings Growth data available (Ticker: IFC.TO).
Traceback (most recent call last):
  File "StockFactorScreener.py", line 249, in calc_profitability_growth
  File "ProfitabilityCalculator.py", line 1004, in calc_cagr
ProfitabilityCalculator.CAGRCalcError: Cannot calculate CAGR. No Earnings Growth data available (Ticker: IFC.TO).
2025-07-09 - 22:12:00 - INFO: Fetched Earnings data (EPS) for 4 years period (Ticker: 8766.T).
2025-07-09 - 22:12:00 - INFO: EPS (latest) (Ticker: 8766.T): 542.16
2025-07-09 - 22:12:00 - INFO: Fetched Earnings data (Net Income) for 4 years period (Ticker: 8766.T).
2025-07-09 - 22:12:00 - INFO: Calculating Earnings Variability (EVAR) using EPS over 3 year period (Ticker: 8766.T).
2025-07-09 - 22:12:00 - INFO: EVAR 4Y (EPS) (Ticker: 8766.T): 49.41%
2025-07-09 - 22:12:00 - INFO: Calculating Earnings Variability (EVAR) using Net Income over 3 year period (Ticker: 8766.T).
2025-07-09 - 22:12:00 - INFO: EVAR 4Y (Net Income) (Ticker: 8766.T): 49.02%
2025-07-09 - 22:12:00 - INFO: CAGR 4Y (EPS) (Ticker: 8766.T): 38.41 %
2025-07-09 - 22:12:00 - INFO: CAGR 4Y (Net Income) (Ticker: 8766.T): 35.9 %
2025-07-09 - 22:12:00 - INFO: Dividend Yield (Ticker: 8766.T): 3.44 %
2025-07-09 - 22:12:00 - INFO: ROE (ttm) (Yahoo Finance) (Ticker: 8766.T): 20.49 %
2025-07-09 - 22:12:00 - ERROR: Invalid Stock Ticker Symbol: FFH
2025-07-09 - 22:12:00 - INFO: ---------------------- TRV ----------------------
2025-07-09 - 22:12:00 - ERROR: Skipping Stock Analysis for FFH.
2025-07-09 - 22:12:00 - INFO: P/E (Forward) (Ticker: TRV): 12.01
2025-07-09 - 22:12:00 - INFO: P/E (Trailing) (Ticker: TRV): 13.91
2025-07-09 - 22:12:00 - INFO: CFOA (ttm) (Ticker: VRSN): 64.36 %
2025-07-09 - 22:12:00 - INFO: GPOA (Ticker: VRSN): 97.12 %
2025-07-09 - 22:12:00 - INFO: GPMAR (Ticker: VRSN): 87.71 %
2025-07-09 - 22:12:00 - INFO: Profit Margin (Ticker: VRSN): 50.2 %
2025-07-09 - 22:12:00 - INFO: Sector: Technology
2025-07-09 - 22:12:00 - INFO: Industry: Software - Infrastructure
2025-07-09 - 22:12:00 - ERROR: Invalid Stock Ticker Symbol: LDO
2025-07-09 - 22:12:00 - ERROR: Skipping Stock Analysis for LDO.
2025-07-09 - 22:12:00 - ERROR: Error calculating ROE (ttm) (Ticker: 8766.T): Cannot calculate ROE (Ticker: 8766.T): An error occurred: Cannot calculate Net Income TTM! Not enough Net Income Quarterly data is available (Ticker: 8766.T). 
 Data for at least 4 quarters is required .
2025-07-09 - 22:12:00 - ERROR: Unhandled error analyzing stock (Ticker: 8766.T)
2025-07-09 - 22:12:00 - ERROR: Cannot calculate Trailing EPS! Not enough EPS data for the last 4 quarters (Ticker: 8766.T).
Traceback (most recent call last):
  File "StockFactorScreener.py", line 605, in analyze_stock
  File "ProfitabilityCalculator.py", line 304, in calc_roe_msci
  File "EarningsEngine.py", line 351, in calc_eps_ttm
EarningsEngine.EPSCalcError: Cannot calculate Trailing EPS! Not enough EPS data for the last 4 quarters (Ticker: 8766.T).
2025-07-09 - 22:12:00 - ERROR: Invalid Stock Ticker Symbol: 6701
2025-07-09 - 22:12:00 - ERROR: Skipping Stock Analysis for 6701.
2025-07-09 - 22:12:01 - INFO: EBIT/TEV (Ticker: TRV): -21.29 %
2025-07-09 - 22:12:01 - INFO: P/B (Ticker: TRV): 2.05
2025-07-09 - 22:12:01 - ERROR: Invalid Stock Ticker Symbol: 9434
2025-07-09 - 22:12:01 - ERROR: Skipping Stock Analysis for 9434.
2025-07-09 - 22:12:01 - INFO: Fetched Earnings data (EPS) for 4 years period (Ticker: TRV).
2025-07-09 - 22:12:01 - INFO: EPS (latest) (Ticker: TRV): 21.76
2025-07-09 - 22:12:01 - INFO: Fetched Earnings data (Net Income) for 4 years period (Ticker: TRV).
2025-07-09 - 22:12:01 - INFO: Calculating Earnings Variability (EVAR) using EPS over 3 year period (Ticker: TRV).
2025-07-09 - 22:12:01 - INFO: EVAR 4Y (EPS) (Ticker: TRV): 44.45%
2025-07-09 - 22:12:01 - INFO: Calculating Earnings Variability (EVAR) using Net Income over 3 year period (Ticker: TRV).
2025-07-09 - 22:12:01 - INFO: EVAR 4Y (Net Income) (Ticker: TRV): 45.84%
2025-07-09 - 22:12:01 - INFO: CAGR 4Y (EPS) (Ticker: TRV): 14.15 %
2025-07-09 - 22:12:01 - INFO: CAGR 4Y (Net Income) (Ticker: TRV): 10.93 %
2025-07-09 - 22:12:01 - INFO: Dividend Yield (Ticker: TRV): 1.64 %
2025-07-09 - 22:12:01 - INFO: ROE (ttm) (Yahoo Finance) (Ticker: TRV): 16.05 %
2025-07-09 - 22:12:01 - INFO: ROE - Calc (Ticker: TRV): 16.05 %
2025-07-09 - 22:12:01 - INFO: ROE - MSCI (Ticker: TRV): 15.0 %
2025-07-09 - 22:12:01 - INFO: ROA (ttm) (Yahoo Finance) (Ticker: TRV): 2.69 %
2025-07-09 - 22:12:01 - INFO: ROA - Calc (Ticker: TRV): 3.75 %
2025-07-09 - 22:12:01 - ERROR: Invalid Stock Ticker Symbol: LUMI
2025-07-09 - 22:12:01 - ERROR: Skipping Stock Analysis for LUMI.
2025-07-09 - 22:12:01 - INFO: ---------------------- AEP ----------------------
2025-07-09 - 22:12:01 - INFO: P/E (Forward) (Ticker: AEP): 17.78
2025-07-09 - 22:12:01 - INFO: P/E (Trailing) (Ticker: AEP): 20.22
2025-07-09 - 22:12:01 - INFO: ---------------------- G ----------------------
2025-07-09 - 22:12:01 - INFO: P/E (Forward) (Ticker: G): 13.24
2025-07-09 - 22:12:01 - INFO: P/E (Trailing) (Ticker: G): 15.54
2025-07-09 - 22:12:01 - INFO: CFOA (annual) (Ticker: TRV): 6.81 %
2025-07-09 - 22:12:01 - INFO: ---------------------- MFC ----------------------
2025-07-09 - 22:12:01 - INFO: P/E (Forward) (Ticker: MFC): 10.33
2025-07-09 - 22:12:01 - INFO: P/E (Trailing) (Ticker: MFC): 15.71
2025-07-09 - 22:12:01 - INFO: ---------------------- MSI ----------------------
2025-07-09 - 22:12:01 - INFO: P/E (Forward) (Ticker: MSI): 28.45
2025-07-09 - 22:12:01 - INFO: P/E (Trailing) (Ticker: MSI): 34.88
2025-07-09 - 22:12:02 - INFO: CFOA (ttm) (Ticker: TRV): 6.74 %
2025-07-09 - 22:12:02 - INFO: ---------------------- AFL ----------------------
2025-07-09 - 22:12:02 - INFO: P/E (Forward) (Ticker: AFL): 14.21
2025-07-09 - 22:12:02 - INFO: P/E (Trailing) (Ticker: AFL): 15.84
2025-07-09 - 22:12:02 - INFO: EBIT/TEV (Ticker: AEP): 4.45 %
2025-07-09 - 22:12:02 - INFO: P/B (Ticker: AEP): 2.05
2025-07-09 - 22:12:02 - INFO: EBIT/TEV (Ticker: MFC): 15.97 %
2025-07-09 - 22:12:02 - INFO: P/B (Ticker: MFC): 1.06
2025-07-09 - 22:12:02 - INFO: EBIT/TEV (Ticker: G): 8.18 %
2025-07-09 - 22:12:02 - INFO: P/B (Ticker: G): 3.25
2025-07-09 - 22:12:02 - INFO: EBIT/TEV (Ticker: MSI): 3.67 %
2025-07-09 - 22:12:02 - INFO: P/B (Ticker: MSI): 42.5
2025-07-09 - 22:12:02 - INFO: GPOA (Ticker: TRV): None %
2025-07-09 - 22:12:02 - INFO: GPMAR (Ticker: TRV): None %
2025-07-09 - 22:12:02 - ERROR: Error calculating GPOA and GPMAR TTM (Ticker: TRV): Cannot calculate GPOA (Ticker: TRV): 'Gross Profit' data is missing in the Income Statement.
2025-07-09 - 22:12:02 - INFO: Profit Margin (Ticker: TRV): 9.09 %
2025-07-09 - 22:12:02 - INFO: Sector: Financial Services
2025-07-09 - 22:12:02 - INFO: Industry: Insurance - Property & Casualty
2025-07-09 - 22:12:02 - ERROR: Error calculating profitability growth metrics for TRV: Cannot calculate CAGR. No Earnings Growth data available (Ticker: TRV).
2025-07-09 - 22:12:02 - ERROR: Cannot calculate CAGR. No Earnings Growth data available (Ticker: TRV).
Traceback (most recent call last):
  File "StockFactorScreener.py", line 249, in calc_profitability_growth
  File "ProfitabilityCalculator.py", line 1004, in calc_cagr
ProfitabilityCalculator.CAGRCalcError: Cannot calculate CAGR. No Earnings Growth data available (Ticker: TRV).
2025-07-09 - 22:12:02 - INFO: Fetched Earnings data (EPS) for 4 years period (Ticker: MFC).
2025-07-09 - 22:12:02 - INFO: EPS (latest) (Ticker: MFC): 2.85
2025-07-09 - 22:12:02 - INFO: Fetched Earnings data (Net Income) for 4 years period (Ticker: MFC).
2025-07-09 - 22:12:02 - INFO: ---------------------- ETR ----------------------
2025-07-09 - 22:12:02 - INFO: Calculating Earnings Variability (EVAR) using EPS over 3 year period (Ticker: MFC).
2025-07-09 - 22:12:02 - INFO: Fetched Earnings data (EPS) for 4 years period (Ticker: AEP).
2025-07-09 - 22:12:02 - INFO: P/E (Forward) (Ticker: ETR): 10.52
2025-07-09 - 22:12:02 - INFO: EVAR 4Y (EPS) (Ticker: MFC): 20.38%
2025-07-09 - 22:12:02 - INFO: EPS (latest) (Ticker: AEP): 5.6
2025-07-09 - 22:12:02 - INFO: P/E (Trailing) (Ticker: ETR): 26.36
2025-07-09 - 22:12:02 - INFO: Calculating Earnings Variability (EVAR) using Net Income over 3 year period (Ticker: MFC).
2025-07-09 - 22:12:02 - INFO: Fetched Earnings data (Net Income) for 4 years period (Ticker: AEP).
2025-07-09 - 22:12:02 - INFO: Fetched Earnings data (EPS) for 4 years period (Ticker: G).
2025-07-09 - 22:12:02 - INFO: EVAR 4Y (Net Income) (Ticker: MFC): 254.09%
2025-07-09 - 22:12:02 - INFO: Calculating Earnings Variability (EVAR) using EPS over 3 year period (Ticker: AEP).
2025-07-09 - 22:12:02 - INFO: EPS (latest) (Ticker: G): 3.46
2025-07-09 - 22:12:02 - INFO: CAGR 4Y (EPS) (Ticker: MFC): -7.06 %
2025-07-09 - 22:12:02 - INFO: EVAR 4Y (EPS) (Ticker: AEP): 22.51%
2025-07-09 - 22:12:02 - INFO: Fetched Earnings data (Net Income) for 4 years period (Ticker: G).
2025-07-09 - 22:12:02 - INFO: CAGR 4Y (Net Income) (Ticker: MFC): -5.43 %
2025-07-09 - 22:12:02 - INFO: Calculating Earnings Variability (EVAR) using Net Income over 3 year period (Ticker: AEP).
2025-07-09 - 22:12:02 - INFO: Calculating Earnings Variability (EVAR) using EPS over 3 year period (Ticker: G).
2025-07-09 - 22:12:02 - INFO: Dividend Yield (Ticker: MFC): 4.02 %
2025-07-09 - 22:12:02 - INFO: EVAR 4Y (Net Income) (Ticker: AEP): 23.23%
2025-07-09 - 22:12:02 - INFO: EVAR 4Y (EPS) (Ticker: G): 42.55%
2025-07-09 - 22:12:02 - INFO: ROE (ttm) (Yahoo Finance) (Ticker: MFC): 10.73 %
2025-07-09 - 22:12:02 - INFO: CAGR 4Y (EPS) (Ticker: AEP): 4.06 %
2025-07-09 - 22:12:02 - INFO: Calculating Earnings Variability (EVAR) using Net Income over 3 year period (Ticker: G).
2025-07-09 - 22:12:02 - INFO: CAGR 4Y (Net Income) (Ticker: AEP): 6.04 %
2025-07-09 - 22:12:02 - INFO: EVAR 4Y (Net Income) (Ticker: G): 52.51%
2025-07-09 - 22:12:02 - INFO: Dividend Yield (Ticker: AEP): 3.59 %
2025-07-09 - 22:12:02 - INFO: CAGR 4Y (EPS) (Ticker: G): 28.78 %
2025-07-09 - 22:12:02 - INFO: ROE (ttm) (Yahoo Finance) (Ticker: AEP): 10.42 %
2025-07-09 - 22:12:02 - INFO: CAGR 4Y (Net Income) (Ticker: G): 11.61 %
2025-07-09 - 22:12:02 - INFO: Dividend Yield (Ticker: G): 1.55 %
2025-07-09 - 22:12:02 - INFO: ROE (ttm) (Yahoo Finance) (Ticker: G): 22.21 %
2025-07-09 - 22:12:02 - INFO: EBIT/TEV (Ticker: AFL): -45.83 %
2025-07-09 - 22:12:02 - INFO: Fetched Earnings data (EPS) for 4 years period (Ticker: MSI).
2025-07-09 - 22:12:02 - INFO: P/B (Ticker: AFL): 2.1
2025-07-09 - 22:12:02 - INFO: EPS (latest) (Ticker: MSI): 9.45
2025-07-09 - 22:12:02 - INFO: Fetched Earnings data (Net Income) for 4 years period (Ticker: MSI).
2025-07-09 - 22:12:02 - INFO: Calculating Earnings Variability (EVAR) using EPS over 3 year period (Ticker: MSI).
2025-07-09 - 22:12:02 - INFO: EVAR 4Y (EPS) (Ticker: MSI): 16.67%
2025-07-09 - 22:12:02 - INFO: Calculating Earnings Variability (EVAR) using Net Income over 3 year period (Ticker: MSI).
2025-07-09 - 22:12:02 - INFO: EVAR 4Y (Net Income) (Ticker: MSI): 16.56%
2025-07-09 - 22:12:02 - INFO: CAGR 4Y (EPS) (Ticker: MSI): 8.69 %
2025-07-09 - 22:12:02 - INFO: CAGR 4Y (Net Income) (Ticker: MSI): 8.2 %
2025-07-09 - 22:12:02 - INFO: Dividend Yield (Ticker: MSI): 1.04 %
2025-07-09 - 22:12:02 - INFO: ROE (ttm) (Yahoo Finance) (Ticker: MSI): 186.88 %
2025-07-09 - 22:12:02 - INFO: ROE - Calc (Ticker: G): 22.21 %
2025-07-09 - 22:12:02 - INFO: ROE - MSCI (Ticker: G): 21.32 %
2025-07-09 - 22:12:02 - INFO: ROA (ttm) (Yahoo Finance) (Ticker: G): 9.38 %
2025-07-09 - 22:12:02 - INFO: ROA - Calc (Ticker: G): 10.30 %
2025-07-09 - 22:12:02 - INFO: ROE - Calc (Ticker: MFC): 10.51 %
2025-07-09 - 22:12:02 - INFO: ROE - MSCI (Ticker: MFC): 7.59 %
2025-07-09 - 22:12:02 - INFO: ROA (ttm) (Yahoo Finance) (Ticker: MFC): 0.55 %
2025-07-09 - 22:12:02 - INFO: ROE - Calc (Ticker: AEP): 10.41 %
2025-07-09 - 22:12:02 - INFO: ROA - Calc (Ticker: MFC): 0.58 %
2025-07-09 - 22:12:02 - INFO: ROE - MSCI (Ticker: AEP): 11.46 %
2025-07-09 - 22:12:02 - INFO: Fetched Earnings data (EPS) for 4 years period (Ticker: AFL).
2025-07-09 - 22:12:02 - INFO: ROA (ttm) (Yahoo Finance) (Ticker: AEP): 2.89 %
2025-07-09 - 22:12:02 - INFO: EPS (latest) (Ticker: AFL): 9.68
2025-07-09 - 22:12:02 - INFO: ROE - Calc (Ticker: MSI): 189.27 %
2025-07-09 - 22:12:02 - INFO: ROA - Calc (Ticker: AEP): 2.88 %
2025-07-09 - 22:12:02 - INFO: Fetched Earnings data (Net Income) for 4 years period (Ticker: AFL).
2025-07-09 - 22:12:02 - INFO: ROE - MSCI (Ticker: MSI): 125.98 %
2025-07-09 - 22:12:02 - INFO: Calculating Earnings Variability (EVAR) using EPS over 3 year period (Ticker: AFL).
2025-07-09 - 22:12:02 - INFO: ROA (ttm) (Yahoo Finance) (Ticker: MSI): 13.0 %
2025-07-09 - 22:12:02 - INFO: EVAR 4Y (EPS) (Ticker: AFL): 8.1%
2025-07-09 - 22:12:02 - INFO: ROA - Calc (Ticker: MSI): 10.81 %
2025-07-09 - 22:12:02 - INFO: Calculating Earnings Variability (EVAR) using Net Income over 3 year period (Ticker: AFL).
2025-07-09 - 22:12:02 - INFO: EVAR 4Y (Net Income) (Ticker: AFL): 6.88%
2025-07-09 - 22:12:02 - INFO: CAGR 4Y (EPS) (Ticker: AFL): 14.67 %
2025-07-09 - 22:12:02 - INFO: CAGR 4Y (Net Income) (Ticker: AFL): 8.76 %
2025-07-09 - 22:12:02 - INFO: Dividend Yield (Ticker: AFL): 2.2 %
2025-07-09 - 22:12:02 - INFO: ROE (ttm) (Yahoo Finance) (Ticker: AFL): 14.41 %
2025-07-09 - 22:12:03 - INFO: EBIT/TEV (Ticker: ETR): 4.7 %
2025-07-09 - 22:12:03 - INFO: P/B (Ticker: ETR): 2.31
2025-07-09 - 22:12:03 - INFO: CFOA (annual) (Ticker: G): 12.34 %
2025-07-09 - 22:12:03 - INFO: CFOA (annual) (Ticker: AEP): 6.6 %
2025-07-09 - 22:12:03 - INFO: ROE - Calc (Ticker: AFL): 14.41 %
2025-07-09 - 22:12:03 - INFO: ROE - MSCI (Ticker: AFL): 13.2 %
2025-07-09 - 22:12:03 - INFO: ROA (ttm) (Yahoo Finance) (Ticker: AFL): 2.34 %
2025-07-09 - 22:12:03 - INFO: ROA - Calc (Ticker: AFL): 4.63 %
2025-07-09 - 22:12:03 - INFO: CFOA (annual) (Ticker: MSI): 16.38 %
2025-07-09 - 22:12:03 - INFO: CFOA (annual) (Ticker: MFC): 2.71 %
2025-07-09 - 22:12:03 - INFO: Fetched Earnings data (EPS) for 4 years period (Ticker: ETR).
2025-07-09 - 22:12:03 - INFO: EPS (latest) (Ticker: ETR): 2.47
2025-07-09 - 22:12:03 - INFO: Fetched Earnings data (Net Income) for 4 years period (Ticker: ETR).
2025-07-09 - 22:12:03 - INFO: Calculating Earnings Variability (EVAR) using EPS over 3 year period (Ticker: ETR).
2025-07-09 - 22:12:03 - INFO: EVAR 4Y (EPS) (Ticker: ETR): 82.62%
2025-07-09 - 22:12:03 - INFO: Calculating Earnings Variability (EVAR) using Net Income over 3 year period (Ticker: ETR).
2025-07-09 - 22:12:03 - INFO: EVAR 4Y (Net Income) (Ticker: ETR): 87.18%
2025-07-09 - 22:12:03 - INFO: CAGR 4Y (EPS) (Ticker: ETR): -3.92 %
2025-07-09 - 22:12:03 - INFO: CAGR 4Y (Net Income) (Ticker: ETR): -1.74 %
2025-07-09 - 22:12:03 - INFO: Dividend Yield (Ticker: ETR): 2.89 %
2025-07-09 - 22:12:03 - INFO: ROE (ttm) (Yahoo Finance) (Ticker: ETR): 8.85 %
2025-07-09 - 22:12:03 - INFO: CFOA (ttm) (Ticker: G): 13.37 %
2025-07-09 - 22:12:03 - INFO: GPOA (Ticker: G): 33.89 %
2025-07-09 - 22:12:03 - INFO: GPMAR (Ticker: G): 35.45 %
2025-07-09 - 22:12:03 - INFO: Profit Margin (Ticker: G): 10.88 %
2025-07-09 - 22:12:03 - INFO: Sector: Technology
2025-07-09 - 22:12:03 - INFO: Industry: Information Technology Services
2025-07-09 - 22:12:03 - INFO: CFOA (ttm) (Ticker: MSI): 17.91 %
2025-07-09 - 22:12:03 - INFO: ---------------------- EXC ----------------------
2025-07-09 - 22:12:03 - INFO: CFOA (ttm) (Ticker: AEP): 6.69 %
2025-07-09 - 22:12:03 - INFO: GPOA (Ticker: MSI): 37.77 %
2025-07-09 - 22:12:03 - INFO: P/E (Forward) (Ticker: EXC): 16.4
2025-07-09 - 22:12:03 - INFO: GPOA (Ticker: AEP): 12.09 %
2025-07-09 - 22:12:03 - INFO: GPMAR (Ticker: MSI): 50.96 %
2025-07-09 - 22:12:03 - INFO: CFOA (annual) (Ticker: AFL): 2.3 %
2025-07-09 - 22:12:03 - INFO: P/E (Trailing) (Ticker: EXC): 16.04
2025-07-09 - 22:12:03 - INFO: ROE - Calc (Ticker: ETR): 9.09 %
2025-07-09 - 22:12:03 - INFO: GPMAR (Ticker: AEP): 63.18 %
2025-07-09 - 22:12:03 - INFO: CFOA (ttm) (Ticker: MFC): 2.99 %
2025-07-09 - 22:12:03 - INFO: Profit Margin (Ticker: MSI): 18.68 %
2025-07-09 - 22:12:03 - INFO: ROE - MSCI (Ticker: ETR): 9.26 %
2025-07-09 - 22:12:03 - INFO: Profit Margin (Ticker: AEP): 13.71 %
2025-07-09 - 22:12:03 - INFO: Sector: Technology
2025-07-09 - 22:12:03 - INFO: Industry: Communication Equipment
2025-07-09 - 22:12:03 - INFO: Sector: Utilities
2025-07-09 - 22:12:03 - INFO: ROA (ttm) (Yahoo Finance) (Ticker: ETR): 3.07 %
2025-07-09 - 22:12:03 - INFO: Industry: Utilities - Regulated Electric
2025-07-09 - 22:12:03 - INFO: ROA - Calc (Ticker: ETR): 1.64 %
2025-07-09 - 22:12:03 - INFO: CFOA (annual) (Ticker: ETR): 6.93 %
2025-07-09 - 22:12:03 - INFO: CFOA (ttm) (Ticker: AFL): 2.01 %
2025-07-09 - 22:12:03 - INFO: GPOA (Ticker: MFC): None %
2025-07-09 - 22:12:03 - INFO: GPMAR (Ticker: MFC): None %
2025-07-09 - 22:12:03 - ERROR: Error calculating GPOA and GPMAR TTM (Ticker: MFC): Cannot calculate GPOA (Ticker: MFC): 'Gross Profit' data is missing in the Income Statement.
2025-07-09 - 22:12:03 - INFO: Profit Margin (Ticker: MFC): 17.56 %
2025-07-09 - 22:12:03 - INFO: Sector: Financial Services
2025-07-09 - 22:12:03 - INFO: Industry: Insurance - Life
2025-07-09 - 22:12:03 - ERROR: Error calculating profitability growth metrics for MFC: Cannot calculate CAGR. No Earnings Growth data available (Ticker: MFC).
2025-07-09 - 22:12:03 - ERROR: Cannot calculate CAGR. No Earnings Growth data available (Ticker: MFC).
Traceback (most recent call last):
  File "StockFactorScreener.py", line 249, in calc_profitability_growth
  File "ProfitabilityCalculator.py", line 1004, in calc_cagr
ProfitabilityCalculator.CAGRCalcError: Cannot calculate CAGR. No Earnings Growth data available (Ticker: MFC).
2025-07-09 - 22:12:04 - INFO: EBIT/TEV (Ticker: EXC): 5.21 %
2025-07-09 - 22:12:04 - INFO: P/B (Ticker: EXC): 1.58
2025-07-09 - 22:12:04 - INFO: CFOA (ttm) (Ticker: ETR): 6.97 %
2025-07-09 - 22:12:04 - INFO: GPOA (Ticker: ETR): 8.86 %
2025-07-09 - 22:12:04 - INFO: GPMAR (Ticker: ETR): 48.3 %
2025-07-09 - 22:12:04 - INFO: Profit Margin (Ticker: ETR): 11.24 %
2025-07-09 - 22:12:04 - INFO: Sector: Utilities
2025-07-09 - 22:12:04 - INFO: Industry: Utilities - Regulated Electric
2025-07-09 - 22:12:04 - INFO: GPOA (Ticker: AFL): None %
2025-07-09 - 22:12:04 - INFO: GPMAR (Ticker: AFL): None %
2025-07-09 - 22:12:04 - ERROR: Error calculating GPOA and GPMAR TTM (Ticker: AFL): Cannot calculate GPOA (Ticker: AFL): 'Gross Profit' data is missing in the Income Statement.
2025-07-09 - 22:12:04 - INFO: Profit Margin (Ticker: AFL): 21.27 %
2025-07-09 - 22:12:04 - INFO: Sector: Financial Services
2025-07-09 - 22:12:04 - INFO: Industry: Insurance - Life
2025-07-09 - 22:12:04 - ERROR: Error calculating profitability growth metrics for AFL: Cannot calculate CAGR. No Earnings Growth data available (Ticker: AFL).
2025-07-09 - 22:12:04 - ERROR: Cannot calculate CAGR. No Earnings Growth data available (Ticker: AFL).
Traceback (most recent call last):
  File "StockFactorScreener.py", line 249, in calc_profitability_growth
  File "ProfitabilityCalculator.py", line 1004, in calc_cagr
ProfitabilityCalculator.CAGRCalcError: Cannot calculate CAGR. No Earnings Growth data available (Ticker: AFL).
2025-07-09 - 22:12:04 - INFO: Fetched Earnings data (EPS) for 4 years period (Ticker: EXC).
2025-07-09 - 22:12:04 - INFO: EPS (latest) (Ticker: EXC): 2.45
2025-07-09 - 22:12:04 - INFO: Fetched Earnings data (Net Income) for 4 years period (Ticker: EXC).
2025-07-09 - 22:12:04 - ERROR: Invalid Stock Ticker Symbol: 8630
2025-07-09 - 22:12:04 - INFO: Calculating Earnings Variability (EVAR) using EPS over 3 year period (Ticker: EXC).
2025-07-09 - 22:12:04 - ERROR: Skipping Stock Analysis for 8630.
2025-07-09 - 22:12:04 - INFO: EVAR 4Y (EPS) (Ticker: EXC): 11.3%
2025-07-09 - 22:12:04 - INFO: Calculating Earnings Variability (EVAR) using Net Income over 3 year period (Ticker: EXC).
2025-07-09 - 22:12:04 - INFO: EVAR 4Y (Net Income) (Ticker: EXC): 11.99%
2025-07-09 - 22:12:04 - INFO: CAGR 4Y (EPS) (Ticker: EXC): 12.08 %
2025-07-09 - 22:12:04 - INFO: CAGR 4Y (Net Income) (Ticker: EXC): 12.98 %
2025-07-09 - 22:12:04 - INFO: Dividend Yield (Ticker: EXC): 3.68 %
2025-07-09 - 22:12:04 - INFO: ROE (ttm) (Yahoo Finance) (Ticker: EXC): 10.1 %
2025-07-09 - 22:12:04 - INFO: ---------------------- FNV ----------------------
2025-07-09 - 22:12:04 - INFO: P/E (Forward) (Ticker: FNV): 39.18
2025-07-09 - 22:12:04 - INFO: P/E (Trailing) (Ticker: FNV): 49.56
2025-07-09 - 22:12:04 - INFO: ---------------------- L ----------------------
2025-07-09 - 22:12:04 - INFO: P/E (Forward) (Ticker: L): 31.37
2025-07-09 - 22:12:04 - INFO: P/E (Trailing) (Ticker: L): 14.92
2025-07-09 - 22:12:04 - INFO: ROE - Calc (Ticker: EXC): 10.10 %
2025-07-09 - 22:12:04 - INFO: ROE - MSCI (Ticker: EXC): 9.86 %
2025-07-09 - 22:12:04 - INFO: ROA (ttm) (Yahoo Finance) (Ticker: EXC): 2.76 %
2025-07-09 - 22:12:04 - INFO: ROA - Calc (Ticker: EXC): 2.28 %
2025-07-09 - 22:12:04 - INFO: ---------------------- FICO ----------------------
2025-07-09 - 22:12:04 - INFO: P/E (Forward) (Ticker: FICO): 42.78
2025-07-09 - 22:12:04 - INFO: P/E (Trailing) (Ticker: FICO): 68.65
2025-07-09 - 22:12:04 - INFO: CFOA (annual) (Ticker: EXC): 5.17 %
2025-07-09 - 22:12:04 - INFO: ---------------------- CVNA ----------------------
2025-07-09 - 22:12:04 - INFO: P/E (Forward) (Ticker: CVNA): 149.39
2025-07-09 - 22:12:04 - INFO: P/E (Trailing) (Ticker: CVNA): 122.32
2025-07-09 - 22:12:05 - ERROR: Invalid Stock Ticker Symbol: Z74
2025-07-09 - 22:12:05 - ERROR: Skipping Stock Analysis for Z74.
2025-07-09 - 22:12:05 - INFO: CFOA (ttm) (Ticker: EXC): 5.39 %
2025-07-09 - 22:12:05 - INFO: GPOA (Ticker: EXC): 8.73 %
2025-07-09 - 22:12:05 - INFO: GPMAR (Ticker: EXC): 40.84 %
2025-07-09 - 22:12:05 - INFO: Profit Margin (Ticker: EXC): 11.44 %
2025-07-09 - 22:12:05 - INFO: ---------------------- VRSK ----------------------
2025-07-09 - 22:12:05 - INFO: Sector: Utilities
2025-07-09 - 22:12:05 - INFO: P/E (Forward) (Ticker: VRSK): 41.66
2025-07-09 - 22:12:05 - INFO: Industry: Utilities - Regulated Electric
2025-07-09 - 22:12:05 - INFO: P/E (Trailing) (Ticker: VRSK): 44.8
2025-07-09 - 22:12:05 - INFO: EBIT/TEV (Ticker: FNV): 2.76 %
2025-07-09 - 22:12:05 - INFO: P/B (Ticker: FNV): 4.87
2025-07-09 - 22:12:05 - INFO: EBIT/TEV (Ticker: L): 8.26 %
2025-07-09 - 22:12:05 - INFO: P/B (Ticker: L): 1.11
2025-07-09 - 22:12:05 - INFO: EBIT/TEV (Ticker: FICO): 1.98 %
2025-07-09 - 22:12:05 - INFO: P/B (Ticker: FICO): -34.45
2025-07-09 - 22:12:05 - INFO: EBIT/TEV (Ticker: CVNA): 2.79 %
2025-07-09 - 22:12:05 - INFO: P/B (Ticker: CVNA): 31.37
2025-07-09 - 22:12:05 - INFO: Fetched Earnings data (EPS) for 4 years period (Ticker: FNV).
2025-07-09 - 22:12:05 - INFO: EPS (latest) (Ticker: FNV): 2.87
2025-07-09 - 22:12:05 - INFO: Fetched Earnings data (Net Income) for 4 years period (Ticker: FNV).
2025-07-09 - 22:12:05 - INFO: Calculating Earnings Variability (EVAR) using EPS over 3 year period (Ticker: FNV).
2025-07-09 - 22:12:05 - INFO: EVAR 4Y (EPS) (Ticker: FNV): 193.08%
2025-07-09 - 22:12:05 - INFO: Calculating Earnings Variability (EVAR) using Net Income over 3 year period (Ticker: FNV).
2025-07-09 - 22:12:05 - INFO: EVAR 4Y (Net Income) (Ticker: FNV): 193.27%
2025-07-09 - 22:12:05 - INFO: CAGR 4Y (EPS) (Ticker: FNV): -9.4 %
2025-07-09 - 22:12:05 - INFO: CAGR 4Y (Net Income) (Ticker: FNV): -9.04 %
2025-07-09 - 22:12:05 - INFO: Dividend Yield (Ticker: FNV): 0.93 %
2025-07-09 - 22:12:05 - INFO: ROE (ttm) (Yahoo Finance) (Ticker: FNV): 10.2 %
2025-07-09 - 22:12:05 - INFO: Fetched Earnings data (EPS) for 4 years period (Ticker: CVNA).
2025-07-09 - 22:12:05 - INFO: EPS (latest) (Ticker: CVNA): 1.72
2025-07-09 - 22:12:05 - INFO: Fetched Earnings data (Net Income) for 4 years period (Ticker: CVNA).
2025-07-09 - 22:12:05 - INFO: EBIT/TEV (Ticker: VRSK): 2.82 %
2025-07-09 - 22:12:05 - INFO: Calculating Earnings Variability (EVAR) using EPS over 3 year period (Ticker: CVNA).
2025-07-09 - 22:12:05 - INFO: P/B (Ticker: VRSK): 345.53
2025-07-09 - 22:12:05 - ERROR: Invalid Stock Ticker Symbol: 4519
2025-07-09 - 22:12:05 - INFO: EVAR 4Y (EPS) (Ticker: CVNA): 527.51%
2025-07-09 - 22:12:05 - INFO: Fetched Earnings data (EPS) for 4 years period (Ticker: L).
2025-07-09 - 22:12:05 - ERROR: Skipping Stock Analysis for 4519.
2025-07-09 - 22:12:05 - INFO: Fetched Earnings data (EPS) for 4 years period (Ticker: FICO).
2025-07-09 - 22:12:05 - INFO: Calculating Earnings Variability (EVAR) using Net Income over 3 year period (Ticker: CVNA).
2025-07-09 - 22:12:05 - INFO: EPS (latest) (Ticker: L): 6.42
2025-07-09 - 22:12:05 - INFO: EPS (latest) (Ticker: FICO): 20.78
2025-07-09 - 22:12:05 - INFO: EVAR 4Y (Net Income) (Ticker: CVNA): 649.02%
2025-07-09 - 22:12:05 - INFO: Fetched Earnings data (Net Income) for 4 years period (Ticker: L).
2025-07-09 - 22:12:05 - INFO: Fetched Earnings data (Net Income) for 4 years period (Ticker: FICO).
2025-07-09 - 22:12:05 - INFO: CAGR 4Y (EPS) (Ticker: CVNA): 45.1 %
2025-07-09 - 22:12:05 - INFO: Calculating Earnings Variability (EVAR) using EPS over 3 year period (Ticker: L).
2025-07-09 - 22:12:05 - INFO: Calculating Earnings Variability (EVAR) using EPS over 3 year period (Ticker: FICO).
2025-07-09 - 22:12:05 - INFO: CAGR 4Y (Net Income) (Ticker: CVNA): 52.63 %
2025-07-09 - 22:12:05 - INFO: EVAR 4Y (EPS) (Ticker: L): 65.7%
2025-07-09 - 22:12:05 - INFO: EVAR 4Y (EPS) (Ticker: FICO): 8.87%
2025-07-09 - 22:12:05 - INFO: Dividend Yield (Ticker: CVNA): N/A
2025-07-09 - 22:12:05 - INFO: Calculating Earnings Variability (EVAR) using Net Income over 3 year period (Ticker: L).
2025-07-09 - 22:12:05 - INFO: Calculating Earnings Variability (EVAR) using Net Income over 3 year period (Ticker: FICO).
2025-07-09 - 22:12:05 - INFO: ROE (ttm) (Yahoo Finance) (Ticker: CVNA): 99.59 %
2025-07-09 - 22:12:05 - INFO: EVAR 4Y (Net Income) (Ticker: L): 61.52%
2025-07-09 - 22:12:05 - INFO: EVAR 4Y (Net Income) (Ticker: FICO): 12.85%
2025-07-09 - 22:12:05 - INFO: CAGR 4Y (EPS) (Ticker: L): 2.17 %
2025-07-09 - 22:12:05 - INFO: CAGR 4Y (EPS) (Ticker: FICO): 15.04 %
2025-07-09 - 22:12:05 - INFO: CAGR 4Y (Net Income) (Ticker: L): -3.26 %
2025-07-09 - 22:12:05 - INFO: CAGR 4Y (Net Income) (Ticker: FICO): 9.36 %
2025-07-09 - 22:12:05 - INFO: Dividend Yield (Ticker: L): 0.27 %
2025-07-09 - 22:12:05 - INFO: Dividend Yield (Ticker: FICO): N/A
2025-07-09 - 22:12:05 - INFO: ROE (ttm) (Yahoo Finance) (Ticker: L): 8.0 %
2025-07-09 - 22:12:05 - INFO: ROE (ttm) (Yahoo Finance) (Ticker: FICO): N/A
2025-07-09 - 22:12:05 - INFO: ROE - Calc (Ticker: FNV): 10.19 %
2025-07-09 - 22:12:06 - INFO: ROE - MSCI (Ticker: FNV): 9.8 %
2025-07-09 - 22:12:06 - INFO: ROA (ttm) (Yahoo Finance) (Ticker: FNV): 8.03 %
2025-07-09 - 22:12:06 - INFO: ROA - Calc (Ticker: FNV): 8.72 %
2025-07-09 - 22:12:06 - INFO: Fetched Earnings data (EPS) for 4 years period (Ticker: VRSK).
2025-07-09 - 22:12:06 - INFO: EPS (latest) (Ticker: VRSK): 6.74
2025-07-09 - 22:12:06 - INFO: Fetched Earnings data (Net Income) for 4 years period (Ticker: VRSK).
2025-07-09 - 22:12:06 - INFO: Calculating Earnings Variability (EVAR) using EPS over 3 year period (Ticker: VRSK).
2025-07-09 - 22:12:06 - INFO: EVAR 4Y (EPS) (Ticker: VRSK): 49.22%
2025-07-09 - 22:12:06 - INFO: Calculating Earnings Variability (EVAR) using Net Income over 3 year period (Ticker: VRSK).
2025-07-09 - 22:12:06 - INFO: ROE - Calc (Ticker: CVNA): 44.39 %
2025-07-09 - 22:12:06 - INFO: EVAR 4Y (Net Income) (Ticker: VRSK): 49.57%
2025-07-09 - 22:12:06 - INFO: ROE - MSCI (Ticker: CVNA): 28.98 %
2025-07-09 - 22:12:06 - INFO: CAGR 4Y (EPS) (Ticker: VRSK): 17.83 %
2025-07-09 - 22:12:06 - INFO: ROE - Calc (Ticker: FICO): N/A
2025-07-09 - 22:12:06 - INFO: ROA (ttm) (Yahoo Finance) (Ticker: CVNA): 9.84 %
2025-07-09 - 22:12:06 - INFO: CAGR 4Y (Net Income) (Ticker: VRSK): 12.85 %
2025-07-09 - 22:12:06 - INFO: ROE - MSCI (Ticker: FICO): -46.56 %
2025-07-09 - 22:12:06 - INFO: ROA - Calc (Ticker: CVNA): 2.48 %
2025-07-09 - 22:12:06 - INFO: Dividend Yield (Ticker: VRSK): 0.58 %
2025-07-09 - 22:12:06 - INFO: ROA (ttm) (Yahoo Finance) (Ticker: FICO): 28.7 %
2025-07-09 - 22:12:06 - INFO: ROE (ttm) (Yahoo Finance) (Ticker: VRSK): 468.22 %
2025-07-09 - 22:12:06 - INFO: ROA - Calc (Ticker: FICO): 29.85 %
2025-07-09 - 22:12:06 - INFO: ROE - Calc (Ticker: L): 7.95 %
2025-07-09 - 22:12:06 - INFO: ROE - MSCI (Ticker: L): 7.82 %
2025-07-09 - 22:12:06 - INFO: ROA (ttm) (Yahoo Finance) (Ticker: L): 1.65 %
2025-07-09 - 22:12:06 - INFO: ROA - Calc (Ticker: L): 1.73 %
2025-07-09 - 22:12:06 - INFO: CFOA (annual) (Ticker: FNV): 13.1 %
2025-07-09 - 22:12:06 - INFO: CFOA (annual) (Ticker: CVNA): 10.82 %
2025-07-09 - 22:12:06 - INFO: CFOA (annual) (Ticker: FICO): 36.85 %
2025-07-09 - 22:12:06 - INFO: CFOA (annual) (Ticker: L): 3.69 %
2025-07-09 - 22:12:06 - INFO: ROE - Calc (Ticker: VRSK): 479.12 %
2025-07-09 - 22:12:06 - INFO: ROE - MSCI (Ticker: VRSK): 786.42 %
2025-07-09 - 22:12:06 - INFO: ROA (ttm) (Yahoo Finance) (Ticker: VRSK): 16.7 %
2025-07-09 - 22:12:06 - INFO: ROA - Calc (Ticker: VRSK): 22.45 %
2025-07-09 - 22:12:06 - ERROR: Invalid Stock Ticker Symbol: 7832
2025-07-09 - 22:12:06 - ERROR: Skipping Stock Analysis for 7832.
2025-07-09 - 22:12:06 - INFO: CFOA (ttm) (Ticker: CVNA): 13.15 %
2025-07-09 - 22:12:06 - INFO: GPOA (Ticker: CVNA): 33.9 %
2025-07-09 - 22:12:06 - INFO: GPMAR (Ticker: CVNA): 21.03 %
2025-07-09 - 22:12:06 - INFO: Profit Margin (Ticker: CVNA): 2.68 %
2025-07-09 - 22:12:06 - INFO: Sector: Consumer Cyclical
2025-07-09 - 22:12:06 - INFO: Industry: Auto & Truck Dealerships
2025-07-09 - 22:12:06 - INFO: CFOA (ttm) (Ticker: FNV): 14.79 %
2025-07-09 - 22:12:06 - INFO: GPOA (Ticker: FNV): 11.99 %
2025-07-09 - 22:12:06 - INFO: GPMAR (Ticker: FNV): 68.18 %
2025-07-09 - 22:12:06 - INFO: Profit Margin (Ticker: FNV): 50.94 %
2025-07-09 - 22:12:06 - INFO: Sector: Basic Materials
2025-07-09 - 22:12:06 - INFO: Industry: Gold
2025-07-09 - 22:12:06 - INFO: CFOA (ttm) (Ticker: FICO): 40.68 %
2025-07-09 - 22:12:06 - INFO: GPOA (Ticker: FICO): 79.71 %
2025-07-09 - 22:12:06 - INFO: GPMAR (Ticker: FICO): 79.73 %
2025-07-09 - 22:12:06 - INFO: Profit Margin (Ticker: FICO): 31.36 %
2025-07-09 - 22:12:06 - INFO: Sector: Technology
2025-07-09 - 22:12:06 - INFO: Industry: Software - Application
2025-07-09 - 22:12:06 - INFO: CFOA (annual) (Ticker: VRSK): 26.82 %
2025-07-09 - 22:12:06 - INFO: CFOA (ttm) (Ticker: L): 4.32 %
2025-07-09 - 22:12:07 - INFO: GPOA (Ticker: L): None %
2025-07-09 - 22:12:07 - INFO: GPMAR (Ticker: L): None %
2025-07-09 - 22:12:07 - ERROR: Error calculating GPOA and GPMAR TTM (Ticker: L): Cannot calculate GPOA (Ticker: L): 'Gross Profit' data is missing in the Income Statement.
2025-07-09 - 22:12:07 - INFO: Profit Margin (Ticker: L): 7.47 %
2025-07-09 - 22:12:07 - INFO: Sector: Financial Services
2025-07-09 - 22:12:07 - INFO: Industry: Insurance - Property & Casualty
2025-07-09 - 22:12:07 - INFO: CFOA (ttm) (Ticker: VRSK): 25.81 %
2025-07-09 - 22:12:07 - ERROR: Error calculating profitability growth metrics for L: Cannot calculate CAGR. No Earnings Growth data available (Ticker: L).
2025-07-09 - 22:12:07 - INFO: GPOA (Ticker: VRSK): 46.44 %
2025-07-09 - 22:12:07 - ERROR: Cannot calculate CAGR. No Earnings Growth data available (Ticker: L).
Traceback (most recent call last):
  File "StockFactorScreener.py", line 249, in calc_profitability_growth
  File "ProfitabilityCalculator.py", line 1004, in calc_cagr
ProfitabilityCalculator.CAGRCalcError: Cannot calculate CAGR. No Earnings Growth data available (Ticker: L).
2025-07-09 - 22:12:07 - INFO: GPMAR (Ticker: VRSK): 68.73 %
2025-07-09 - 22:12:07 - INFO: Profit Margin (Ticker: VRSK): 33.13 %
2025-07-09 - 22:12:07 - INFO: Sector: Industrials
2025-07-09 - 22:12:07 - INFO: Industry: Consulting Services
2025-07-09 - 22:12:07 - ERROR: Invalid Stock Ticker Symbol: CBK
2025-07-09 - 22:12:07 - ERROR: Skipping Stock Analysis for CBK.
2025-07-09 - 22:12:07 - ERROR: Invalid Stock Ticker Symbol: POLI
2025-07-09 - 22:12:07 - ERROR: Skipping Stock Analysis for POLI.
2025-07-09 - 22:12:07 - ERROR: Invalid Stock Ticker Symbol: SAAB B
2025-07-09 - 22:12:07 - ERROR: Skipping Stock Analysis for SAAB B.
2025-07-09 - 22:12:07 - ERROR: Invalid Stock Ticker Symbol: STAN
2025-07-09 - 22:12:07 - ERROR: Skipping Stock Analysis for STAN.
2025-07-09 - 22:12:07 - ERROR: Invalid Stock Ticker Symbol: SLHN
2025-07-09 - 22:12:07 - ERROR: Skipping Stock Analysis for SLHN.
2025-07-09 - 22:12:08 - INFO: ---------------------- ORA ----------------------
2025-07-09 - 22:12:08 - INFO: P/E (Forward) (Ticker: ORA): 39.16
2025-07-09 - 22:12:08 - INFO: P/E (Trailing) (Ticker: ORA): 42.78
2025-07-09 - 22:12:08 - ERROR: Invalid Stock Ticker Symbol: 6702
2025-07-09 - 22:12:08 - ERROR: Skipping Stock Analysis for 6702.
2025-07-09 - 22:12:08 - INFO: ---------------------- WEC ----------------------
2025-07-09 - 22:12:08 - INFO: P/E (Forward) (Ticker: WEC): 19.97
2025-07-09 - 22:12:08 - INFO: P/E (Trailing) (Ticker: WEC): 20.32
2025-07-09 - 22:12:08 - ERROR: Invalid Stock Ticker Symbol: CABK
2025-07-09 - 22:12:08 - ERROR: Skipping Stock Analysis for CABK.
2025-07-09 - 22:12:08 - INFO: ---------------------- CHTR ----------------------
2025-07-09 - 22:12:08 - INFO: P/E (Forward) (Ticker: CHTR): 11.28
2025-07-09 - 22:12:08 - INFO: P/E (Trailing) (Ticker: CHTR): 11.25
2025-07-09 - 22:12:08 - INFO: EBIT/TEV (Ticker: ORA): 2.26 %
2025-07-09 - 22:12:08 - INFO: P/B (Ticker: ORA): 2.17
2025-07-09 - 22:12:08 - INFO: ---------------------- ALNY ----------------------
2025-07-09 - 22:12:08 - INFO: P/E (Forward) (Ticker: ALNY): -263.01
2025-07-09 - 22:12:08 - INFO: P/E (Trailing) (Ticker: ALNY): N/A
2025-07-09 - 22:12:08 - INFO: EBIT/TEV (Ticker: WEC): 4.26 %
2025-07-09 - 22:12:08 - INFO: P/B (Ticker: WEC): 2.56
2025-07-09 - 22:12:08 - INFO: Fetched Earnings data (EPS) for 4 years period (Ticker: ORA).
2025-07-09 - 22:12:08 - INFO: EPS (latest) (Ticker: ORA): 2.05
2025-07-09 - 22:12:08 - INFO: Fetched Earnings data (Net Income) for 4 years period (Ticker: ORA).
2025-07-09 - 22:12:08 - INFO: Calculating Earnings Variability (EVAR) using EPS over 3 year period (Ticker: ORA).
2025-07-09 - 22:12:08 - INFO: EVAR 4Y (EPS) (Ticker: ORA): 44.54%
2025-07-09 - 22:12:08 - INFO: Calculating Earnings Variability (EVAR) using Net Income over 3 year period (Ticker: ORA).
2025-07-09 - 22:12:08 - INFO: EVAR 4Y (Net Income) (Ticker: ORA): 49.87%
2025-07-09 - 22:12:08 - INFO: CAGR 4Y (EPS) (Ticker: ORA): 22.69 %
2025-07-09 - 22:12:08 - INFO: CAGR 4Y (Net Income) (Ticker: ORA): 25.84 %
2025-07-09 - 22:12:08 - INFO: Dividend Yield (Ticker: ORA): 0.57 %
2025-07-09 - 22:12:08 - INFO: ROE (ttm) (Yahoo Finance) (Ticker: ORA): 5.19 %
2025-07-09 - 22:12:08 - INFO: ---------------------- K ----------------------
2025-07-09 - 22:12:08 - INFO: P/E (Forward) (Ticker: K): 65.99
2025-07-09 - 22:12:08 - INFO: P/E (Trailing) (Ticker: K): 19.95
2025-07-09 - 22:12:09 - INFO: Fetched Earnings data (EPS) for 4 years period (Ticker: WEC).
2025-07-09 - 22:12:09 - INFO: EPS (latest) (Ticker: WEC): 4.83
2025-07-09 - 22:12:09 - INFO: Fetched Earnings data (Net Income) for 4 years period (Ticker: WEC).
2025-07-09 - 22:12:09 - INFO: Calculating Earnings Variability (EVAR) using EPS over 3 year period (Ticker: WEC).
2025-07-09 - 22:12:09 - INFO: EVAR 4Y (EPS) (Ticker: WEC): 10.15%
2025-07-09 - 22:12:09 - INFO: Calculating Earnings Variability (EVAR) using Net Income over 3 year period (Ticker: WEC).
2025-07-09 - 22:12:09 - INFO: EVAR 4Y (Net Income) (Ticker: WEC): 10.26%
2025-07-09 - 22:12:09 - INFO: EBIT/TEV (Ticker: CHTR): 9.01 %
2025-07-09 - 22:12:09 - INFO: CAGR 4Y (EPS) (Ticker: WEC): 5.44 %
2025-07-09 - 22:12:09 - INFO: P/B (Ticker: CHTR): 3.49
2025-07-09 - 22:12:09 - INFO: CAGR 4Y (Net Income) (Ticker: WEC): 5.5 %
2025-07-09 - 22:12:09 - INFO: Dividend Yield (Ticker: WEC): 3.43 %
2025-07-09 - 22:12:09 - INFO: ROE (ttm) (Yahoo Finance) (Ticker: WEC): 12.58 %
2025-07-09 - 22:12:09 - INFO: ROE - Calc (Ticker: ORA): 5.22 %
2025-07-09 - 22:12:09 - INFO: ROE - MSCI (Ticker: ORA): 5.42 %
2025-07-09 - 22:12:09 - INFO: ROA (ttm) (Yahoo Finance) (Ticker: ORA): 1.8 %
2025-07-09 - 22:12:09 - INFO: ROA - Calc (Ticker: ORA): 2.18 %
2025-07-09 - 22:12:09 - INFO: ---------------------- CNP ----------------------
2025-07-09 - 22:12:09 - INFO: ---------------------- ALL ----------------------
2025-07-09 - 22:12:09 - INFO: P/E (Forward) (Ticker: CNP): 20.71
2025-07-09 - 22:12:09 - INFO: P/E (Forward) (Ticker: ALL): 10.2
2025-07-09 - 22:12:09 - INFO: P/E (Trailing) (Ticker: CNP): 24.35
2025-07-09 - 22:12:09 - INFO: P/E (Trailing) (Ticker: ALL): 13.26
2025-07-09 - 22:12:09 - INFO: EBIT/TEV (Ticker: ALNY): -0.28 %
2025-07-09 - 22:12:09 - INFO: P/B (Ticker: ALNY): 362.16
2025-07-09 - 22:12:09 - INFO: ROE - Calc (Ticker: WEC): 12.96 %
2025-07-09 - 22:12:09 - INFO: ROE - MSCI (Ticker: WEC): 13.03 %
2025-07-09 - 22:12:09 - INFO: ROA (ttm) (Yahoo Finance) (Ticker: WEC): 2.99 %
2025-07-09 - 22:12:09 - INFO: Fetched Earnings data (EPS) for 4 years period (Ticker: CHTR).
2025-07-09 - 22:12:09 - INFO: ROA - Calc (Ticker: WEC): 3.23 %
2025-07-09 - 22:12:09 - INFO: EPS (latest) (Ticker: CHTR): 30.54
2025-07-09 - 22:12:09 - INFO: Fetched Earnings data (Net Income) for 4 years period (Ticker: CHTR).
2025-07-09 - 22:12:09 - INFO: Calculating Earnings Variability (EVAR) using EPS over 3 year period (Ticker: CHTR).
2025-07-09 - 22:12:09 - INFO: EVAR 4Y (EPS) (Ticker: CHTR): 31.3%
2025-07-09 - 22:12:09 - INFO: EBIT/TEV (Ticker: K): 5.72 %
2025-07-09 - 22:12:09 - INFO: Calculating Earnings Variability (EVAR) using Net Income over 3 year period (Ticker: CHTR).
2025-07-09 - 22:12:09 - INFO: P/B (Ticker: K): 7.02
2025-07-09 - 22:12:09 - INFO: EVAR 4Y (Net Income) (Ticker: CHTR): 11.6%
2025-07-09 - 22:12:09 - INFO: CAGR 4Y (EPS) (Ticker: CHTR): 24.44 %
2025-07-09 - 22:12:09 - INFO: CAGR 4Y (Net Income) (Ticker: CHTR): 2.98 %
2025-07-09 - 22:12:09 - INFO: Dividend Yield (Ticker: CHTR): N/A
2025-07-09 - 22:12:09 - INFO: ROE (ttm) (Yahoo Finance) (Ticker: CHTR): 33.12 %
2025-07-09 - 22:12:09 - INFO: CFOA (annual) (Ticker: ORA): 7.25 %
2025-07-09 - 22:12:09 - INFO: Fetched Earnings data (EPS) for 4 years period (Ticker: ALNY).
2025-07-09 - 22:12:09 - INFO: EPS (latest) (Ticker: ALNY): -3.52
2025-07-09 - 22:12:09 - INFO: Fetched Earnings data (Net Income) for 4 years period (Ticker: ALNY).
2025-07-09 - 22:12:09 - INFO: Calculating Earnings Variability (EVAR) using EPS over 3 year period (Ticker: ALNY).
2025-07-09 - 22:12:09 - INFO: EVAR 4Y (EPS) (Ticker: ALNY): 46.27%
2025-07-09 - 22:12:09 - INFO: Calculating Earnings Variability (EVAR) using Net Income over 3 year period (Ticker: ALNY).
2025-07-09 - 22:12:09 - INFO: EVAR 4Y (Net Income) (Ticker: ALNY): 48.64%
2025-07-09 - 22:12:09 - INFO: CAGR 4Y (EPS) (Ticker: ALNY): 15.18 %
2025-07-09 - 22:12:09 - INFO: CAGR 4Y (Net Income) (Ticker: ALNY): 18.73 %
2025-07-09 - 22:12:09 - INFO: Dividend Yield (Ticker: ALNY): N/A
2025-07-09 - 22:12:09 - INFO: ROE (ttm) (Yahoo Finance) (Ticker: ALNY): N/A
2025-07-09 - 22:12:09 - INFO: Fetched Earnings data (EPS) for 4 years period (Ticker: K).
2025-07-09 - 22:12:09 - INFO: EPS (latest) (Ticker: K): 3.92
2025-07-09 - 22:12:09 - INFO: Fetched Earnings data (Net Income) for 4 years period (Ticker: K).
2025-07-09 - 22:12:09 - INFO: Calculating Earnings Variability (EVAR) using EPS over 3 year period (Ticker: K).
2025-07-09 - 22:12:09 - INFO: EVAR 4Y (EPS) (Ticker: K): 38.34%
2025-07-09 - 22:12:09 - INFO: Calculating Earnings Variability (EVAR) using Net Income over 3 year period (Ticker: K).
2025-07-09 - 22:12:09 - INFO: EVAR 4Y (Net Income) (Ticker: K): 38.41%
2025-07-09 - 22:12:09 - INFO: CAGR 4Y (EPS) (Ticker: K): -3.48 %
2025-07-09 - 22:12:09 - INFO: CAGR 4Y (Net Income) (Ticker: K): -3.36 %
2025-07-09 - 22:12:09 - INFO: Dividend Yield (Ticker: K): 2.87 %
2025-07-09 - 22:12:09 - INFO: ROE (ttm) (Yahoo Finance) (Ticker: K): 38.15 %
2025-07-09 - 22:12:09 - INFO: CFOA (annual) (Ticker: WEC): 6.78 %
2025-07-09 - 22:12:09 - INFO: EBIT/TEV (Ticker: ALL): 9.63 %
2025-07-09 - 22:12:09 - INFO: P/B (Ticker: ALL): 2.57
2025-07-09 - 22:12:09 - INFO: EBIT/TEV (Ticker: CNP): 4.62 %
2025-07-09 - 22:12:09 - INFO: P/B (Ticker: CNP): 2.15
2025-07-09 - 22:12:09 - INFO: CFOA (ttm) (Ticker: ORA): 6.79 %
2025-07-09 - 22:12:09 - INFO: GPOA (Ticker: ORA): 4.81 %
2025-07-09 - 22:12:09 - INFO: GPMAR (Ticker: ORA): 30.99 %
2025-07-09 - 22:12:09 - INFO: Profit Margin (Ticker: ORA): 14.18 %
2025-07-09 - 22:12:09 - INFO: Sector: Utilities
2025-07-09 - 22:12:09 - INFO: Industry: Utilities - Renewable
2025-07-09 - 22:12:09 - INFO: ROE - Calc (Ticker: CHTR): 36.94 %
2025-07-09 - 22:12:10 - INFO: ROE - Calc (Ticker: ALNY): N/A
2025-07-09 - 22:12:10 - INFO: ROE - MSCI (Ticker: CHTR): 41.63 %
2025-07-09 - 22:12:10 - INFO: ROE - MSCI (Ticker: ALNY): -221.39 %
2025-07-09 - 22:12:10 - INFO: ROA (ttm) (Yahoo Finance) (Ticker: CHTR): 5.64 %
2025-07-09 - 22:12:10 - INFO: ROA (ttm) (Yahoo Finance) (Ticker: ALNY): -1.79 %
2025-07-09 - 22:12:10 - INFO: ROA - Calc (Ticker: CHTR): 3.39 %
2025-07-09 - 22:12:10 - INFO: ROA - Calc (Ticker: ALNY): -6.56 %
2025-07-09 - 22:12:10 - INFO: ROE - Calc (Ticker: K): 39.05 %
2025-07-09 - 22:12:10 - INFO: ROE - MSCI (Ticker: K): 36.65 %
2025-07-09 - 22:12:10 - INFO: ROA (ttm) (Yahoo Finance) (Ticker: K): 8.12 %
2025-07-09 - 22:12:10 - INFO: ROA - Calc (Ticker: K): 8.59 %
2025-07-09 - 22:12:10 - INFO: Fetched Earnings data (EPS) for 4 years period (Ticker: CNP).
2025-07-09 - 22:12:10 - INFO: EPS (latest) (Ticker: CNP): 1.58
2025-07-09 - 22:12:10 - INFO: Fetched Earnings data (Net Income) for 4 years period (Ticker: CNP).
2025-07-09 - 22:12:10 - INFO: Fetched Earnings data (EPS) for 4 years period (Ticker: ALL).
2025-07-09 - 22:12:10 - INFO: Calculating Earnings Variability (EVAR) using EPS over 3 year period (Ticker: CNP).
2025-07-09 - 22:12:10 - INFO: EPS (latest) (Ticker: ALL): 17.22
2025-07-09 - 22:12:10 - INFO: CFOA (ttm) (Ticker: WEC): 7.58 %
2025-07-09 - 22:12:10 - INFO: EVAR 4Y (EPS) (Ticker: CNP): 23.88%
2025-07-09 - 22:12:10 - INFO: Fetched Earnings data (Net Income) for 4 years period (Ticker: ALL).
2025-07-09 - 22:12:10 - INFO: GPOA (Ticker: WEC): 7.99 %
2025-07-09 - 22:12:10 - INFO: Calculating Earnings Variability (EVAR) using Net Income over 3 year period (Ticker: CNP).
2025-07-09 - 22:12:10 - INFO: Calculating Earnings Variability (EVAR) using EPS over 3 year period (Ticker: ALL).
2025-07-09 - 22:12:10 - INFO: GPMAR (Ticker: WEC): 44.02 %
2025-07-09 - 22:12:10 - INFO: EVAR 4Y (Net Income) (Ticker: CNP): 20.16%
2025-07-09 - 22:12:10 - INFO: EVAR 4Y (EPS) (Ticker: ALL): 933.37%
2025-07-09 - 22:12:10 - INFO: Profit Margin (Ticker: WEC): 17.96 %
2025-07-09 - 22:12:10 - INFO: CAGR 4Y (EPS) (Ticker: CNP): -12.39 %
2025-07-09 - 22:12:10 - INFO: Calculating Earnings Variability (EVAR) using Net Income over 3 year period (Ticker: ALL).
2025-07-09 - 22:12:10 - INFO: Sector: Utilities
2025-07-09 - 22:12:10 - INFO: CAGR 4Y (Net Income) (Ticker: CNP): -11.82 %
2025-07-09 - 22:12:10 - INFO: EVAR 4Y (Net Income) (Ticker: ALL): 1524.02%
2025-07-09 - 22:12:10 - INFO: Industry: Utilities - Regulated Electric
2025-07-09 - 22:12:10 - INFO: Dividend Yield (Ticker: CNP): 2.4 %
2025-07-09 - 22:12:10 - INFO: CAGR 4Y (EPS) (Ticker: ALL): 50.61 %
2025-07-09 - 22:12:10 - INFO: ROE (ttm) (Yahoo Finance) (Ticker: CNP): 9.22 %
2025-07-09 - 22:12:10 - INFO: CAGR 4Y (Net Income) (Ticker: ALL): 42.47 %
2025-07-09 - 22:12:10 - INFO: Dividend Yield (Ticker: ALL): 1.99 %
2025-07-09 - 22:12:10 - INFO: ROE (ttm) (Yahoo Finance) (Ticker: ALL): 19.72 %
2025-07-09 - 22:12:10 - INFO: CFOA (annual) (Ticker: CHTR): 9.62 %
2025-07-09 - 22:12:10 - INFO: CFOA (annual) (Ticker: K): 11.26 %
2025-07-09 - 22:12:10 - INFO: CFOA (annual) (Ticker: ALNY): -0.2 %
2025-07-09 - 22:12:10 - INFO: ROE - Calc (Ticker: ALL): 19.88 %
2025-07-09 - 22:12:10 - INFO: ROE - MSCI (Ticker: ALL): 20.65 %
2025-07-09 - 22:12:10 - INFO: ROA (ttm) (Yahoo Finance) (Ticker: ALL): 3.11 %
2025-07-09 - 22:12:10 - INFO: ROA - Calc (Ticker: ALL): 4.18 %
2025-07-09 - 22:12:10 - INFO: ROE - Calc (Ticker: CNP): 9.22 %
2025-07-09 - 22:12:10 - INFO: ROE - MSCI (Ticker: CNP): 9.89 %
2025-07-09 - 22:12:10 - INFO: ROA (ttm) (Yahoo Finance) (Ticker: CNP): 2.97 %
2025-07-09 - 22:12:10 - INFO: ROA - Calc (Ticker: CNP): 2.33 %
2025-07-09 - 22:12:10 - INFO: CFOA (ttm) (Ticker: CHTR): 10.32 %
2025-07-09 - 22:12:10 - INFO: GPOA (Ticker: CHTR): 20.52 %
2025-07-09 - 22:12:10 - INFO: GPMAR (Ticker: CHTR): 55.87 %
2025-07-09 - 22:12:10 - INFO: Profit Margin (Ticker: CHTR): 9.42 %
2025-07-09 - 22:12:10 - INFO: Sector: Communication Services
2025-07-09 - 22:12:10 - INFO: Industry: Telecom Services
2025-07-09 - 22:12:10 - INFO: CFOA (ttm) (Ticker: K): 9.73 %
2025-07-09 - 22:12:10 - INFO: GPOA (Ticker: K): 29.08 %
2025-07-09 - 22:12:10 - INFO: GPMAR (Ticker: K): 35.65 %
2025-07-09 - 22:12:10 - INFO: Profit Margin (Ticker: K): 10.93 %
2025-07-09 - 22:12:10 - INFO: Sector: Consumer Defensive
2025-07-09 - 22:12:10 - INFO: Industry: Packaged Foods
2025-07-09 - 22:12:10 - INFO: CFOA (ttm) (Ticker: ALNY): -1.08 %
2025-07-09 - 22:12:10 - INFO: GPOA (Ticker: ALNY): 45.4 %
2025-07-09 - 22:12:10 - INFO: GPMAR (Ticker: ALNY): 85.62 %
2025-07-09 - 22:12:10 - INFO: Profit Margin (Ticker: ALNY): -11.49 %
2025-07-09 - 22:12:10 - INFO: Sector: Healthcare
2025-07-09 - 22:12:10 - INFO: Industry: Biotechnology
2025-07-09 - 22:12:11 - INFO: CFOA (annual) (Ticker: CNP): 4.89 %
2025-07-09 - 22:12:11 - INFO: CFOA (annual) (Ticker: ALL): 8.0 %
2025-07-09 - 22:12:11 - INFO: CFOA (ttm) (Ticker: CNP): 4.67 %
2025-07-09 - 22:12:11 - INFO: GPOA (Ticker: CNP): 9.08 %
2025-07-09 - 22:12:11 - INFO: GPMAR (Ticker: CNP): 46.0 %
2025-07-09 - 22:12:11 - INFO: Profit Margin (Ticker: CNP): 10.8 %
2025-07-09 - 22:12:11 - INFO: Sector: Utilities
2025-07-09 - 22:12:11 - INFO: Industry: Utilities - Regulated Electric
2025-07-09 - 22:12:11 - ERROR: Invalid Stock Ticker Symbol: DSV
2025-07-09 - 22:12:11 - ERROR: Skipping Stock Analysis for DSV.
2025-07-09 - 22:12:11 - INFO: CFOA (ttm) (Ticker: ALL): 8.22 %
2025-07-09 - 22:12:12 - ERROR: Invalid Stock Ticker Symbol: HOLN
2025-07-09 - 22:12:12 - ERROR: Skipping Stock Analysis for HOLN.
2025-07-09 - 22:12:12 - INFO: ---------------------- HIG ----------------------
2025-07-09 - 22:12:12 - INFO: P/E (Forward) (Ticker: HIG): 10.5
2025-07-09 - 22:12:12 - INFO: P/E (Trailing) (Ticker: HIG): 12.15
2025-07-09 - 22:12:12 - INFO: ---------------------- ALL ----------------------
2025-07-09 - 22:12:12 - INFO: P/E (Forward) (Ticker: ALL): 10.2
2025-07-09 - 22:12:12 - INFO: P/E (Trailing) (Ticker: ALL): 13.26
2025-07-09 - 22:12:12 - INFO: ---------------------- NRG ----------------------
2025-07-09 - 22:12:12 - INFO: EBIT/TEV (Ticker: ALL): 9.63 %
2025-07-09 - 22:12:12 - INFO: P/E (Forward) (Ticker: NRG): 21.77
2025-07-09 - 22:12:12 - INFO: GPOA (Ticker: ALL): None %
2025-07-09 - 22:12:12 - INFO: P/B (Ticker: ALL): 2.57
2025-07-09 - 22:12:12 - INFO: P/E (Trailing) (Ticker: NRG): 23.88
2025-07-09 - 22:12:12 - INFO: GPMAR (Ticker: ALL): None %
2025-07-09 - 22:12:12 - INFO: Fetched Earnings data (EPS) for 4 years period (Ticker: ALL).
2025-07-09 - 22:12:12 - ERROR: Error calculating GPOA and GPMAR TTM (Ticker: ALL): Cannot calculate GPOA (Ticker: ALL): 'Gross Profit' data is missing in the Income Statement.
2025-07-09 - 22:12:12 - INFO: EPS (latest) (Ticker: ALL): 17.22
2025-07-09 - 22:12:12 - INFO: Profit Margin (Ticker: ALL): 6.19 %
2025-07-09 - 22:12:12 - INFO: Fetched Earnings data (Net Income) for 4 years period (Ticker: ALL).
2025-07-09 - 22:12:12 - INFO: Sector: Financial Services
2025-07-09 - 22:12:12 - INFO: Calculating Earnings Variability (EVAR) using EPS over 3 year period (Ticker: ALL).
2025-07-09 - 22:12:12 - INFO: Industry: Insurance - Property & Casualty
2025-07-09 - 22:12:12 - INFO: EVAR 4Y (EPS) (Ticker: ALL): 933.37%
2025-07-09 - 22:12:12 - INFO: Calculating Earnings Variability (EVAR) using Net Income over 3 year period (Ticker: ALL).
2025-07-09 - 22:12:12 - ERROR: Error calculating profitability growth metrics for ALL: Cannot calculate CAGR. No Earnings Growth data available (Ticker: ALL).
2025-07-09 - 22:12:12 - INFO: EVAR 4Y (Net Income) (Ticker: ALL): 1524.02%
2025-07-09 - 22:12:12 - ERROR: Cannot calculate CAGR. No Earnings Growth data available (Ticker: ALL).
Traceback (most recent call last):
  File "StockFactorScreener.py", line 249, in calc_profitability_growth
  File "ProfitabilityCalculator.py", line 1004, in calc_cagr
ProfitabilityCalculator.CAGRCalcError: Cannot calculate CAGR. No Earnings Growth data available (Ticker: ALL).
2025-07-09 - 22:12:12 - INFO: CAGR 4Y (EPS) (Ticker: ALL): 50.61 %
2025-07-09 - 22:12:12 - INFO: CAGR 4Y (Net Income) (Ticker: ALL): 42.47 %
2025-07-09 - 22:12:12 - INFO: Dividend Yield (Ticker: ALL): 1.99 %
2025-07-09 - 22:12:12 - INFO: ROE (ttm) (Yahoo Finance) (Ticker: ALL): 19.72 %
2025-07-09 - 22:12:12 - INFO: ROE - Calc (Ticker: ALL): 19.88 %
2025-07-09 - 22:12:12 - INFO: ROE - MSCI (Ticker: ALL): 20.65 %
2025-07-09 - 22:12:12 - INFO: ROA (ttm) (Yahoo Finance) (Ticker: ALL): 3.11 %
2025-07-09 - 22:12:12 - ERROR: Invalid Stock Ticker Symbol: MRU
2025-07-09 - 22:12:12 - INFO: ROA - Calc (Ticker: ALL): 4.18 %
2025-07-09 - 22:12:12 - ERROR: Skipping Stock Analysis for MRU.
2025-07-09 - 22:12:12 - INFO: CFOA (annual) (Ticker: ALL): 8.0 %
2025-07-09 - 22:12:12 - INFO: CFOA (ttm) (Ticker: ALL): 8.22 %
2025-07-09 - 22:12:12 - INFO: EBIT/TEV (Ticker: HIG): 20.79 %
2025-07-09 - 22:12:12 - INFO: P/B (Ticker: HIG): 2.1
2025-07-09 - 22:12:13 - INFO: ---------------------- TRGP ----------------------
2025-07-09 - 22:12:13 - INFO: P/E (Forward) (Ticker: TRGP): 20.66
2025-07-09 - 22:12:13 - INFO: P/E (Trailing) (Ticker: TRGP): 31.49
2025-07-09 - 22:12:13 - INFO: GPOA (Ticker: ALL): None %
2025-07-09 - 22:12:13 - INFO: GPMAR (Ticker: ALL): None %
2025-07-09 - 22:12:13 - ERROR: Error calculating GPOA and GPMAR TTM (Ticker: ALL): Cannot calculate GPOA (Ticker: ALL): 'Gross Profit' data is missing in the Income Statement.
2025-07-09 - 22:12:13 - INFO: Profit Margin (Ticker: ALL): 6.19 %
2025-07-09 - 22:12:13 - INFO: Sector: Financial Services
2025-07-09 - 22:12:13 - INFO: Industry: Insurance - Property & Casualty
2025-07-09 - 22:12:13 - ERROR: Error calculating profitability growth metrics for ALL: Cannot calculate CAGR. No Earnings Growth data available (Ticker: ALL).
2025-07-09 - 22:12:13 - ERROR: Cannot calculate CAGR. No Earnings Growth data available (Ticker: ALL).
Traceback (most recent call last):
  File "StockFactorScreener.py", line 249, in calc_profitability_growth
  File "ProfitabilityCalculator.py", line 1004, in calc_cagr
ProfitabilityCalculator.CAGRCalcError: Cannot calculate CAGR. No Earnings Growth data available (Ticker: ALL).
2025-07-09 - 22:12:13 - INFO: Fetched Earnings data (EPS) for 4 years period (Ticker: HIG).
2025-07-09 - 22:12:13 - INFO: EPS (latest) (Ticker: HIG): 8.09
2025-07-09 - 22:12:13 - INFO: Fetched Earnings data (Net Income) for 4 years period (Ticker: HIG).
2025-07-09 - 22:12:13 - INFO: Calculating Earnings Variability (EVAR) using EPS over 3 year period (Ticker: HIG).
2025-07-09 - 22:12:13 - INFO: EVAR 4Y (EPS) (Ticker: HIG): 36.29%
2025-07-09 - 22:12:13 - INFO: Calculating Earnings Variability (EVAR) using Net Income over 3 year period (Ticker: HIG).
2025-07-09 - 22:12:13 - INFO: EVAR 4Y (Net Income) (Ticker: HIG): 32.02%
2025-07-09 - 22:12:13 - INFO: CAGR 4Y (EPS) (Ticker: HIG): 19.09 %
2025-07-09 - 22:12:13 - INFO: CAGR 4Y (Net Income) (Ticker: HIG): 9.48 %
2025-07-09 - 22:12:13 - INFO: Dividend Yield (Ticker: HIG): 1.64 %
2025-07-09 - 22:12:13 - INFO: ROE (ttm) (Yahoo Finance) (Ticker: HIG): 18.5 %
2025-07-09 - 22:12:13 - INFO: EBIT/TEV (Ticker: NRG): 6.42 %
2025-07-09 - 22:12:13 - INFO: P/B (Ticker: NRG): 13.87
2025-07-09 - 22:12:13 - INFO: ---------------------- TSCO ----------------------
2025-07-09 - 22:12:13 - INFO: P/E (Forward) (Ticker: TSCO): 5.14
2025-07-09 - 22:12:13 - INFO: P/E (Trailing) (Ticker: TSCO): 28.46
2025-07-09 - 22:12:13 - ERROR: Invalid Stock Ticker Symbol: ICSUAGD
2025-07-09 - 22:12:13 - ERROR: Skipping Stock Analysis for ICSUAGD.
2025-07-09 - 22:12:13 - INFO: ROE - Calc (Ticker: HIG): 18.49 %
2025-07-09 - 22:12:13 - INFO: ROE - MSCI (Ticker: HIG): 17.19 %
2025-07-09 - 22:12:13 - INFO: ROA (ttm) (Yahoo Finance) (Ticker: HIG): 3.08 %
2025-07-09 - 22:12:13 - INFO: ROA - Calc (Ticker: HIG): 3.84 %
2025-07-09 - 22:12:13 - INFO: Fetched Earnings data (EPS) for 4 years period (Ticker: NRG).
2025-07-09 - 22:12:13 - INFO: EPS (latest) (Ticker: NRG): 5.14
2025-07-09 - 22:12:13 - INFO: Fetched Earnings data (Net Income) for 4 years period (Ticker: NRG).
2025-07-09 - 22:12:13 - INFO: Calculating Earnings Variability (EVAR) using EPS over 3 year period (Ticker: NRG).
2025-07-09 - 22:12:13 - INFO: EVAR 4Y (EPS) (Ticker: NRG): 372.11%
2025-07-09 - 22:12:13 - INFO: Calculating Earnings Variability (EVAR) using Net Income over 3 year period (Ticker: NRG).
2025-07-09 - 22:12:13 - INFO: EVAR 4Y (Net Income) (Ticker: NRG): 427.21%
2025-07-09 - 22:12:13 - INFO: CAGR 4Y (EPS) (Ticker: NRG): -16.82 %
2025-07-09 - 22:12:13 - INFO: CAGR 4Y (Net Income) (Ticker: NRG): -19.88 %
2025-07-09 - 22:12:13 - INFO: Dividend Yield (Ticker: NRG): 1.1 %
2025-07-09 - 22:12:13 - INFO: ROE (ttm) (Yahoo Finance) (Ticker: NRG): 44.91 %
2025-07-09 - 22:12:13 - INFO: EBIT/TEV (Ticker: TRGP): 4.9 %
2025-07-09 - 22:12:13 - INFO: P/B (Ticker: TRGP): 15.14
2025-07-09 - 22:12:13 - INFO: CFOA (annual) (Ticker: HIG): 7.3 %
2025-07-09 - 22:12:13 - INFO: ---------------------- ARGX ----------------------
2025-07-09 - 22:12:13 - INFO: P/E (Forward) (Ticker: ARGX): 57.3
2025-07-09 - 22:12:13 - INFO: P/E (Trailing) (Ticker: ARGX): 33.92
2025-07-09 - 22:12:14 - INFO: Fetched Earnings data (EPS) for 4 years period (Ticker: TRGP).
2025-07-09 - 22:12:14 - INFO: EPS (latest) (Ticker: TRGP): 5.77
2025-07-09 - 22:12:14 - INFO: Fetched Earnings data (Net Income) for 4 years period (Ticker: TRGP).
2025-07-09 - 22:12:14 - INFO: Calculating Earnings Variability (EVAR) using EPS over 3 year period (Ticker: TRGP).
2025-07-09 - 22:12:14 - INFO: EVAR 4Y (EPS) (Ticker: TRGP): 3301.42%
2025-07-09 - 22:12:14 - INFO: Calculating Earnings Variability (EVAR) using Net Income over 3 year period (Ticker: TRGP).
2025-07-09 - 22:12:14 - INFO: EVAR 4Y (Net Income) (Ticker: TRGP): 908.81%
2025-07-09 - 22:12:14 - INFO: CAGR 4Y (EPS) (Ticker: TRGP): 338.7 %
2025-07-09 - 22:12:14 - INFO: CAGR 4Y (Net Income) (Ticker: TRGP): 164.13 %
2025-07-09 - 22:12:14 - INFO: Dividend Yield (Ticker: TRGP): 2.3 %
2025-07-09 - 22:12:14 - INFO: ROE (ttm) (Yahoo Finance) (Ticker: TRGP): 41.98 %
2025-07-09 - 22:12:14 - INFO: ROE - Calc (Ticker: NRG): 44.91 %
2025-07-09 - 22:12:14 - INFO: ROE - MSCI (Ticker: NRG): 40.41 %
2025-07-09 - 22:12:14 - INFO: ROA (ttm) (Yahoo Finance) (Ticker: NRG): 6.31 %
2025-07-09 - 22:12:14 - INFO: ROA - Calc (Ticker: NRG): 4.68 %
2025-07-09 - 22:12:14 - INFO: EBIT/TEV (Ticker: TSCO): 4.05 %
2025-07-09 - 22:12:14 - INFO: P/B (Ticker: TSCO): 13.58
2025-07-09 - 22:12:14 - INFO: CFOA (ttm) (Ticker: HIG): 7.17 %
2025-07-09 - 22:12:14 - ERROR: Invalid Stock Ticker Symbol: 7013
2025-07-09 - 22:12:14 - ERROR: Skipping Stock Analysis for 7013.
2025-07-09 - 22:12:14 - INFO: ROE - Calc (Ticker: TRGP): 50.72 %
2025-07-09 - 22:12:14 - INFO: ROE - MSCI (Ticker: TRGP): 51.07 %
2025-07-09 - 22:12:14 - INFO: ROA (ttm) (Yahoo Finance) (Ticker: TRGP): 7.44 %
2025-07-09 - 22:12:14 - INFO: ROA - Calc (Ticker: TRGP): 5.77 %
2025-07-09 - 22:12:14 - INFO: Fetched Earnings data (EPS) for 4 years period (Ticker: TSCO).
2025-07-09 - 22:12:14 - INFO: EPS (latest) (Ticker: TSCO): 2.05
2025-07-09 - 22:12:14 - INFO: Fetched Earnings data (Net Income) for 4 years period (Ticker: TSCO).
2025-07-09 - 22:12:14 - INFO: Calculating Earnings Variability (EVAR) using EPS over 3 year period (Ticker: TSCO).
2025-07-09 - 22:12:14 - INFO: EVAR 4Y (EPS) (Ticker: TSCO): 6.03%
2025-07-09 - 22:12:14 - INFO: ---------------------- EBAY ----------------------
2025-07-09 - 22:12:14 - INFO: Calculating Earnings Variability (EVAR) using Net Income over 3 year period (Ticker: TSCO).
2025-07-09 - 22:12:14 - INFO: P/E (Forward) (Ticker: EBAY): 14.62
2025-07-09 - 22:12:14 - INFO: EVAR 4Y (Net Income) (Ticker: TSCO): 5.09%
2025-07-09 - 22:12:14 - INFO: CFOA (annual) (Ticker: NRG): 9.6 %
2025-07-09 - 22:12:14 - INFO: P/E (Trailing) (Ticker: EBAY): 18.35
2025-07-09 - 22:12:14 - INFO: CAGR 4Y (EPS) (Ticker: TSCO): 5.66 %
2025-07-09 - 22:12:14 - INFO: CAGR 4Y (Net Income) (Ticker: TSCO): 3.37 %
2025-07-09 - 22:12:14 - INFO: Dividend Yield (Ticker: TSCO): 1.74 %
2025-07-09 - 22:12:14 - INFO: ROE (ttm) (Yahoo Finance) (Ticker: TSCO): 49.62 %
2025-07-09 - 22:12:14 - INFO: EBIT/TEV (Ticker: ARGX): 0.69 %
2025-07-09 - 22:12:14 - INFO: P/B (Ticker: ARGX): 6.14
2025-07-09 - 22:12:14 - INFO: GPOA (Ticker: HIG): None %
2025-07-09 - 22:12:14 - INFO: GPMAR (Ticker: HIG): None %
2025-07-09 - 22:12:14 - INFO: CFOA (annual) (Ticker: TRGP): 16.05 %
2025-07-09 - 22:12:14 - ERROR: Error calculating GPOA and GPMAR TTM (Ticker: HIG): Cannot calculate GPOA (Ticker: HIG): 'Gross Profit' data is missing in the Income Statement.
2025-07-09 - 22:12:14 - INFO: Profit Margin (Ticker: HIG): 11.09 %
2025-07-09 - 22:12:14 - INFO: Sector: Financial Services
2025-07-09 - 22:12:14 - INFO: Industry: Insurance - Property & Casualty
2025-07-09 - 22:12:14 - ERROR: Error calculating profitability growth metrics for HIG: Cannot calculate CAGR. No Earnings Growth data available (Ticker: HIG).
2025-07-09 - 22:12:14 - ERROR: Cannot calculate CAGR. No Earnings Growth data available (Ticker: HIG).
Traceback (most recent call last):
  File "StockFactorScreener.py", line 249, in calc_profitability_growth
  File "ProfitabilityCalculator.py", line 1004, in calc_cagr
ProfitabilityCalculator.CAGRCalcError: Cannot calculate CAGR. No Earnings Growth data available (Ticker: HIG).
2025-07-09 - 22:12:14 - INFO: CFOA (ttm) (Ticker: NRG): 11.75 %
2025-07-09 - 22:12:14 - INFO: GPOA (Ticker: NRG): 25.1 %
2025-07-09 - 22:12:14 - INFO: GPMAR (Ticker: NRG): 21.44 %
2025-07-09 - 22:12:14 - INFO: Profit Margin (Ticker: NRG): 4.66 %
2025-07-09 - 22:12:14 - INFO: Sector: Utilities
2025-07-09 - 22:12:14 - INFO: Industry: Utilities - Independent Power Producers
2025-07-09 - 22:12:14 - INFO: ROE - Calc (Ticker: TSCO): 49.62 %
2025-07-09 - 22:12:14 - INFO: ROE - MSCI (Ticker: TSCO): 47.84 %
2025-07-09 - 22:12:14 - INFO: ROA (ttm) (Yahoo Finance) (Ticker: TSCO): 9.11 %
2025-07-09 - 22:12:14 - INFO: ROA - Calc (Ticker: TSCO): 11.23 %
2025-07-09 - 22:12:14 - INFO: CFOA (ttm) (Ticker: TRGP): 16.81 %
2025-07-09 - 22:12:14 - INFO: GPOA (Ticker: TRGP): 18.72 %
2025-07-09 - 22:12:14 - INFO: GPMAR (Ticker: TRGP): 25.98 %
2025-07-09 - 22:12:14 - INFO: Profit Margin (Ticker: TRGP): 7.98 %
2025-07-09 - 22:12:14 - INFO: Sector: Energy
2025-07-09 - 22:12:14 - INFO: Industry: Oil & Gas Midstream
2025-07-09 - 22:12:14 - INFO: Fetched Earnings data (EPS) for 4 years period (Ticker: ARGX).
2025-07-09 - 22:12:14 - INFO: EPS (latest) (Ticker: ARGX): 13.92
2025-07-09 - 22:12:14 - INFO: Fetched Earnings data (Net Income) for 4 years period (Ticker: ARGX).
2025-07-09 - 22:12:14 - INFO: Calculating Earnings Variability (EVAR) using EPS over 3 year period (Ticker: ARGX).
2025-07-09 - 22:12:14 - INFO: EVAR 4Y (EPS) (Ticker: ARGX): 223.07%
2025-07-09 - 22:12:14 - INFO: Calculating Earnings Variability (EVAR) using Net Income over 3 year period (Ticker: ARGX).
2025-07-09 - 22:12:14 - INFO: EVAR 4Y (Net Income) (Ticker: ARGX): 234.69%
2025-07-09 - 22:12:14 - INFO: CAGR 4Y (EPS) (Ticker: ARGX): 55.25 %
2025-07-09 - 22:12:14 - INFO: CAGR 4Y (Net Income) (Ticker: ARGX): 59.27 %
2025-07-09 - 22:12:14 - INFO: Dividend Yield (Ticker: ARGX): N/A
2025-07-09 - 22:12:14 - INFO: ROE (ttm) (Yahoo Finance) (Ticker: ARGX): N/A
2025-07-09 - 22:12:14 - INFO: EBIT/TEV (Ticker: EBAY): 6.13 %
2025-07-09 - 22:12:14 - INFO: P/B (Ticker: EBAY): 7.14
2025-07-09 - 22:12:15 - INFO: CFOA (annual) (Ticker: TSCO): 14.49 %
2025-07-09 - 22:12:15 - INFO: ---------------------- TRI ----------------------
2025-07-09 - 22:12:15 - INFO: P/E (Forward) (Ticker: TRI): 49.75
2025-07-09 - 22:12:15 - INFO: P/E (Trailing) (Ticker: TRI): 41.93
2025-07-09 - 22:12:15 - ERROR: Error calculating ROE (ttm) (Ticker: ARGX): Cannot calculate ROE (Ticker: ARGX): An error occurred: Cannot calculate ROE TTM (Ticker: ARGX): Not enough Stockholders' Equity quarterly data is available. 
 Data for at least 5 quarters is required.
2025-07-09 - 22:12:15 - ERROR: Unhandled error analyzing stock (Ticker: ARGX)
2025-07-09 - 22:12:15 - ERROR: Cannot calculate Trailing EPS! Not enough EPS data for the last 4 quarters (Ticker: ARGX).
Traceback (most recent call last):
  File "StockFactorScreener.py", line 605, in analyze_stock
  File "ProfitabilityCalculator.py", line 304, in calc_roe_msci
  File "EarningsEngine.py", line 351, in calc_eps_ttm
EarningsEngine.EPSCalcError: Cannot calculate Trailing EPS! Not enough EPS data for the last 4 quarters (Ticker: ARGX).
2025-07-09 - 22:12:15 - INFO: Fetched Earnings data (EPS) for 4 years period (Ticker: EBAY).
2025-07-09 - 22:12:15 - INFO: EPS (latest) (Ticker: EBAY): 3.99
2025-07-09 - 22:12:15 - INFO: Fetched Earnings data (Net Income) for 4 years period (Ticker: EBAY).
2025-07-09 - 22:12:15 - INFO: Calculating Earnings Variability (EVAR) using EPS over 3 year period (Ticker: EBAY).
2025-07-09 - 22:12:15 - INFO: EVAR 4Y (EPS) (Ticker: EBAY): 233.43%
2025-07-09 - 22:12:15 - INFO: Calculating Earnings Variability (EVAR) using Net Income over 3 year period (Ticker: EBAY).
2025-07-09 - 22:12:15 - INFO: EVAR 4Y (Net Income) (Ticker: EBAY): 227.06%
2025-07-09 - 22:12:15 - INFO: CAGR 4Y (EPS) (Ticker: EBAY): -42.39 %
2025-07-09 - 22:12:15 - INFO: CAGR 4Y (Net Income) (Ticker: EBAY): -47.45 %
2025-07-09 - 22:12:15 - INFO: Dividend Yield (Ticker: EBAY): 1.56 %
2025-07-09 - 22:12:15 - INFO: ROE (ttm) (Yahoo Finance) (Ticker: EBAY): 36.48 %
2025-07-09 - 22:12:15 - ERROR: Invalid Stock Ticker Symbol: KOG
2025-07-09 - 22:12:15 - ERROR: Skipping Stock Analysis for KOG.
2025-07-09 - 22:12:15 - INFO: CFOA (ttm) (Ticker: TSCO): 13.89 %
2025-07-09 - 22:12:15 - INFO: GPOA (Ticker: TSCO): 55.04 %
2025-07-09 - 22:12:15 - INFO: GPMAR (Ticker: TSCO): 36.26 %
2025-07-09 - 22:12:15 - INFO: Profit Margin (Ticker: TSCO): 7.24 %
2025-07-09 - 22:12:15 - INFO: Sector: Consumer Cyclical
2025-07-09 - 22:12:15 - INFO: Industry: Specialty Retail
2025-07-09 - 22:12:15 - INFO: ROE - Calc (Ticker: EBAY): 36.35 %
2025-07-09 - 22:12:15 - INFO: ROE - MSCI (Ticker: EBAY): 39.75 %
2025-07-09 - 22:12:15 - INFO: ROA (ttm) (Yahoo Finance) (Ticker: EBAY): 6.96 %
2025-07-09 - 22:12:15 - INFO: ROA - Calc (Ticker: EBAY): 10.20 %
2025-07-09 - 22:12:15 - INFO: ---------------------- EQT ----------------------
2025-07-09 - 22:12:15 - INFO: P/E (Forward) (Ticker: EQT): 21.77
2025-07-09 - 22:12:15 - INFO: P/E (Trailing) (Ticker: EQT): 89.95
2025-07-09 - 22:12:15 - INFO: CFOA (annual) (Ticker: EBAY): 12.47 %
2025-07-09 - 22:12:15 - INFO: EBIT/TEV (Ticker: TRI): 2.08 %
2025-07-09 - 22:12:15 - INFO: P/B (Ticker: TRI): 7.33
2025-07-09 - 22:12:15 - INFO: ---------------------- VTR ----------------------
2025-07-09 - 22:12:15 - INFO: P/E (Forward) (Ticker: VTR): 392.25
2025-07-09 - 22:12:15 - INFO: P/E (Trailing) (Ticker: VTR): 190.18
2025-07-09 - 22:12:15 - ERROR: Invalid Stock Ticker Symbol: 9766
2025-07-09 - 22:12:15 - ERROR: Skipping Stock Analysis for 9766.
2025-07-09 - 22:12:15 - INFO: CFOA (ttm) (Ticker: EBAY): 13.16 %
2025-07-09 - 22:12:15 - INFO: GPOA (Ticker: EBAY): 38.23 %
2025-07-09 - 22:12:15 - INFO: GPMAR (Ticker: EBAY): 71.99 %
2025-07-09 - 22:12:15 - INFO: Profit Margin (Ticker: EBAY): 19.78 %
2025-07-09 - 22:12:15 - INFO: Sector: Consumer Cyclical
2025-07-09 - 22:12:15 - INFO: Industry: Internet Retail
2025-07-09 - 22:12:16 - INFO: Fetched Earnings data (EPS) for 4 years period (Ticker: TRI).
2025-07-09 - 22:12:16 - INFO: EPS (latest) (Ticker: TRI): 4.89
2025-07-09 - 22:12:16 - INFO: Fetched Earnings data (Net Income) for 4 years period (Ticker: TRI).
2025-07-09 - 22:12:16 - INFO: Calculating Earnings Variability (EVAR) using EPS over 3 year period (Ticker: TRI).
2025-07-09 - 22:12:16 - INFO: EVAR 4Y (EPS) (Ticker: TRI): 85.62%
2025-07-09 - 22:12:16 - INFO: Calculating Earnings Variability (EVAR) using Net Income over 3 year period (Ticker: TRI).
2025-07-09 - 22:12:16 - INFO: EVAR 4Y (Net Income) (Ticker: TRI): 90.67%
2025-07-09 - 22:12:16 - INFO: CAGR 4Y (EPS) (Ticker: TRI): -25.78 %
2025-07-09 - 22:12:16 - INFO: CAGR 4Y (Net Income) (Ticker: TRI): -27.03 %
2025-07-09 - 22:12:16 - INFO: Dividend Yield (Ticker: TRI): 1.18 %
2025-07-09 - 22:12:16 - INFO: ROE (ttm) (Yahoo Finance) (Ticker: TRI): 18.46 %
2025-07-09 - 22:12:16 - INFO: EBIT/TEV (Ticker: EQT): 3.34 %
2025-07-09 - 22:12:16 - INFO: P/B (Ticker: EQT): 1.59
2025-07-09 - 22:12:16 - INFO: ---------------------- FTS ----------------------
2025-07-09 - 22:12:16 - INFO: P/E (Forward) (Ticker: FTS): 19.2
2025-07-09 - 22:12:16 - INFO: P/E (Trailing) (Ticker: FTS): 19.2
2025-07-09 - 22:12:16 - INFO: EBIT/TEV (Ticker: VTR): 1.75 %
2025-07-09 - 22:12:16 - INFO: P/B (Ticker: VTR): 2.47
2025-07-09 - 22:12:16 - INFO: ---------------------- NDAQ ----------------------
2025-07-09 - 22:12:16 - INFO: P/E (Forward) (Ticker: NDAQ): 28.61
2025-07-09 - 22:12:16 - INFO: P/E (Trailing) (Ticker: NDAQ): 40.65
2025-07-09 - 22:12:16 - INFO: Fetched Earnings data (EPS) for 4 years period (Ticker: EQT).
2025-07-09 - 22:12:16 - INFO: EPS (latest) (Ticker: EQT): 0.45
2025-07-09 - 22:12:16 - INFO: Fetched Earnings data (Net Income) for 4 years period (Ticker: EQT).
2025-07-09 - 22:12:16 - INFO: Calculating Earnings Variability (EVAR) using EPS over 3 year period (Ticker: EQT).
2025-07-09 - 22:12:16 - INFO: EVAR 4Y (EPS) (Ticker: EQT): 167.9%
2025-07-09 - 22:12:16 - INFO: Calculating Earnings Variability (EVAR) using Net Income over 3 year period (Ticker: EQT).
2025-07-09 - 22:12:16 - INFO: EVAR 4Y (Net Income) (Ticker: EQT): 177.94%
2025-07-09 - 22:12:16 - INFO: CAGR 4Y (EPS) (Ticker: EQT): 28.58 %
2025-07-09 - 22:12:16 - INFO: CAGR 4Y (Net Income) (Ticker: EQT): 30.09 %
2025-07-09 - 22:12:16 - INFO: Dividend Yield (Ticker: EQT): 1.08 %
2025-07-09 - 22:12:16 - INFO: ROE (ttm) (Yahoo Finance) (Ticker: EQT): 2.3 %
2025-07-09 - 22:12:16 - INFO: ROE - Calc (Ticker: TRI): 18.54 %
2025-07-09 - 22:12:16 - INFO: ROE - MSCI (Ticker: TRI): 17.55 %
2025-07-09 - 22:12:16 - INFO: ROA (ttm) (Yahoo Finance) (Ticker: TRI): 6.35 %
2025-07-09 - 22:12:16 - INFO: Fetched Earnings data (EPS) for 4 years period (Ticker: VTR).
2025-07-09 - 22:12:16 - INFO: ROA - Calc (Ticker: TRI): 11.99 %
2025-07-09 - 22:12:16 - INFO: EPS (latest) (Ticker: VTR): 0.2
2025-07-09 - 22:12:16 - INFO: Fetched Earnings data (Net Income) for 4 years period (Ticker: VTR).
2025-07-09 - 22:12:16 - INFO: Calculating Earnings Variability (EVAR) using EPS over 3 year period (Ticker: VTR).
2025-07-09 - 22:12:16 - INFO: EVAR 4Y (EPS) (Ticker: VTR): 247.09%
2025-07-09 - 22:12:16 - INFO: Calculating Earnings Variability (EVAR) using Net Income over 3 year period (Ticker: VTR).
2025-07-09 - 22:12:16 - INFO: EVAR 4Y (Net Income) (Ticker: VTR): 248.36%
2025-07-09 - 22:12:16 - INFO: CAGR 4Y (EPS) (Ticker: VTR): 15.44 %
2025-07-09 - 22:12:16 - INFO: CAGR 4Y (Net Income) (Ticker: VTR): 18.31 %
2025-07-09 - 22:12:16 - INFO: Dividend Yield (Ticker: VTR): 3.04 %
2025-07-09 - 22:12:16 - INFO: ROE (ttm) (Yahoo Finance) (Ticker: VTR): 1.38 %
2025-07-09 - 22:12:16 - INFO: ROE - Calc (Ticker: EQT): 2.06 %
2025-07-09 - 22:12:16 - INFO: ROE - MSCI (Ticker: EQT): 2.04 %
2025-07-09 - 22:12:16 - INFO: ROA (ttm) (Yahoo Finance) (Ticker: EQT): 1.25 %
2025-07-09 - 22:12:16 - INFO: ROA - Calc (Ticker: EQT): 0.58 %
2025-07-09 - 22:12:16 - INFO: ---------------------- FER ----------------------
2025-07-09 - 22:12:16 - INFO: P/E (Forward) (Ticker: FER): 59.71
2025-07-09 - 22:12:16 - INFO: P/E (Trailing) (Ticker: FER): 10.08
2025-07-09 - 22:12:16 - INFO: EBIT/TEV (Ticker: FTS): 5.87 %
2025-07-09 - 22:12:16 - INFO: P/B (Ticker: FTS): 1.04
2025-07-09 - 22:12:16 - INFO: ---------------------- WRB ----------------------
2025-07-09 - 22:12:16 - INFO: P/E (Forward) (Ticker: WRB): 16.03
2025-07-09 - 22:12:16 - INFO: P/E (Trailing) (Ticker: WRB): 16.18
2025-07-09 - 22:12:16 - INFO: CFOA (annual) (Ticker: TRI): 13.33 %
2025-07-09 - 22:12:16 - INFO: EBIT/TEV (Ticker: NDAQ): 3.54 %
2025-07-09 - 22:12:16 - INFO: P/B (Ticker: NDAQ): 4.47
2025-07-09 - 22:12:16 - INFO: ROE - Calc (Ticker: VTR): 1.36 %
2025-07-09 - 22:12:16 - INFO: ROE - MSCI (Ticker: VTR): 1.34 %
2025-07-09 - 22:12:16 - INFO: ROA (ttm) (Yahoo Finance) (Ticker: VTR): 1.92 %
2025-07-09 - 22:12:16 - INFO: ROA - Calc (Ticker: VTR): 0.31 %
2025-07-09 - 22:12:16 - INFO: CFOA (annual) (Ticker: EQT): 7.1 %
2025-07-09 - 22:12:17 - INFO: Fetched Earnings data (EPS) for 4 years period (Ticker: FTS).
2025-07-09 - 22:12:17 - INFO: EPS (latest) (Ticker: FTS): 3.24
2025-07-09 - 22:12:17 - INFO: Fetched Earnings data (Net Income) for 4 years period (Ticker: FTS).
2025-07-09 - 22:12:17 - INFO: Calculating Earnings Variability (EVAR) using EPS over 3 year period (Ticker: FTS).
2025-07-09 - 22:12:17 - INFO: EVAR 4Y (EPS) (Ticker: FTS): 3.6%
2025-07-09 - 22:12:17 - INFO: Calculating Earnings Variability (EVAR) using Net Income over 3 year period (Ticker: FTS).
2025-07-09 - 22:12:17 - INFO: EVAR 4Y (Net Income) (Ticker: FTS): 3.25%
2025-07-09 - 22:12:17 - INFO: CAGR 4Y (EPS) (Ticker: FTS): 7.47 %
2025-07-09 - 22:12:17 - INFO: CAGR 4Y (Net Income) (Ticker: FTS): 9.09 %
2025-07-09 - 22:12:17 - INFO: Dividend Yield (Ticker: FTS): 3.75 %
2025-07-09 - 22:12:17 - INFO: ROE (ttm) (Yahoo Finance) (Ticker: FTS): 7.47 %
2025-07-09 - 22:12:17 - INFO: CFOA (ttm) (Ticker: TRI): 13.4 %
2025-07-09 - 22:12:17 - INFO: GPOA (Ticker: TRI): 31.22 %
2025-07-09 - 22:12:17 - INFO: GPMAR (Ticker: TRI): 79.31 %
2025-07-09 - 22:12:17 - INFO: Profit Margin (Ticker: TRI): 29.74 %
2025-07-09 - 22:12:17 - INFO: Sector: Industrials
2025-07-09 - 22:12:17 - INFO: Industry: Specialty Business Services
2025-07-09 - 22:12:17 - INFO: CFOA (annual) (Ticker: VTR): 5.08 %
2025-07-09 - 22:12:17 - INFO: EBIT/TEV (Ticker: FER): 0.59 %
2025-07-09 - 22:12:17 - INFO: P/B (Ticker: FER): 6.28
2025-07-09 - 22:12:17 - INFO: Fetched Earnings data (EPS) for 4 years period (Ticker: NDAQ).
2025-07-09 - 22:12:17 - INFO: CFOA (ttm) (Ticker: EQT): 9.47 %
2025-07-09 - 22:12:17 - INFO: EPS (latest) (Ticker: NDAQ): 1.94
2025-07-09 - 22:12:17 - INFO: GPOA (Ticker: EQT): 6.74 %
2025-07-09 - 22:12:17 - INFO: Fetched Earnings data (Net Income) for 4 years period (Ticker: NDAQ).
2025-07-09 - 22:12:17 - INFO: GPMAR (Ticker: EQT): 51.37 %
2025-07-09 - 22:12:17 - INFO: Calculating Earnings Variability (EVAR) using EPS over 3 year period (Ticker: NDAQ).
2025-07-09 - 22:12:17 - INFO: Profit Margin (Ticker: EQT): 6.0 %
2025-07-09 - 22:12:17 - INFO: EVAR 4Y (EPS) (Ticker: NDAQ): 1.98%
2025-07-09 - 22:12:17 - INFO: Sector: Energy
2025-07-09 - 22:12:17 - INFO: Calculating Earnings Variability (EVAR) using Net Income over 3 year period (Ticker: NDAQ).
2025-07-09 - 22:12:17 - INFO: Industry: Oil & Gas E&P
2025-07-09 - 22:12:17 - INFO: EVAR 4Y (Net Income) (Ticker: NDAQ): 6.37%
2025-07-09 - 22:12:17 - INFO: CAGR 4Y (EPS) (Ticker: NDAQ): -6.63 %
2025-07-09 - 22:12:17 - INFO: CAGR 4Y (Net Income) (Ticker: NDAQ): -2.01 %
2025-07-09 - 22:12:17 - INFO: Dividend Yield (Ticker: NDAQ): 1.21 %
2025-07-09 - 22:12:17 - INFO: ROE (ttm) (Yahoo Finance) (Ticker: NDAQ): 11.42 %
2025-07-09 - 22:12:17 - INFO: EBIT/TEV (Ticker: WRB): 55.71 %
2025-07-09 - 22:12:17 - INFO: P/B (Ticker: WRB): 2.97
2025-07-09 - 22:12:17 - INFO: ROE - Calc (Ticker: FTS): 7.45 %
2025-07-09 - 22:12:17 - INFO: ROE - MSCI (Ticker: FTS): 7.84 %
2025-07-09 - 22:12:17 - INFO: ROA (ttm) (Yahoo Finance) (Ticker: FTS): 3.02 %
2025-07-09 - 22:12:17 - INFO: ROA - Calc (Ticker: FTS): 2.29 %
2025-07-09 - 22:12:17 - INFO: CFOA (ttm) (Ticker: VTR): 5.42 %
2025-07-09 - 22:12:17 - INFO: GPOA (Ticker: VTR): 8.01 %
2025-07-09 - 22:12:17 - INFO: GPMAR (Ticker: VTR): 42.59 %
2025-07-09 - 22:12:17 - INFO: Profit Margin (Ticker: VTR): 2.81 %
2025-07-09 - 22:12:17 - INFO: Sector: Real Estate
2025-07-09 - 22:12:17 - INFO: Industry: REIT - Healthcare Facilities
2025-07-09 - 22:12:17 - INFO: Fetched Earnings data (EPS) for 4 years period (Ticker: FER).
2025-07-09 - 22:12:17 - INFO: EPS (latest) (Ticker: FER): 0.46
2025-07-09 - 22:12:17 - INFO: Fetched Earnings data (Net Income) for 4 years period (Ticker: FER).
2025-07-09 - 22:12:17 - INFO: ROE - Calc (Ticker: NDAQ): 11.43 %
2025-07-09 - 22:12:17 - INFO: Calculating Earnings Variability (EVAR) using EPS over 3 year period (Ticker: FER).
2025-07-09 - 22:12:17 - INFO: ROE - MSCI (Ticker: NDAQ): 11.1 %
2025-07-09 - 22:12:17 - INFO: EVAR 4Y (EPS) (Ticker: FER): 236.18%
2025-07-09 - 22:12:17 - INFO: ROA (ttm) (Yahoo Finance) (Ticker: NDAQ): 4.35 %
2025-07-09 - 22:12:17 - INFO: Calculating Earnings Variability (EVAR) using Net Income over 3 year period (Ticker: FER).
2025-07-09 - 22:12:17 - INFO: Fetched Earnings data (EPS) for 4 years period (Ticker: WRB).
2025-07-09 - 22:12:17 - INFO: ROA - Calc (Ticker: NDAQ): 3.67 %
2025-07-09 - 22:12:17 - INFO: EVAR 4Y (Net Income) (Ticker: FER): 498.44%
2025-07-09 - 22:12:17 - INFO: EPS (latest) (Ticker: WRB): 4.39
2025-07-09 - 22:12:17 - INFO: CAGR 4Y (EPS) (Ticker: FER): 40.87 %
2025-07-09 - 22:12:17 - INFO: Fetched Earnings data (Net Income) for 4 years period (Ticker: WRB).
2025-07-09 - 22:12:17 - INFO: CAGR 4Y (Net Income) (Ticker: FER): 39.31 %
2025-07-09 - 22:12:17 - INFO: Calculating Earnings Variability (EVAR) using EPS over 3 year period (Ticker: WRB).
2025-07-09 - 22:12:17 - INFO: Dividend Yield (Ticker: FER): 1.66 %
2025-07-09 - 22:12:17 - INFO: EVAR 4Y (EPS) (Ticker: WRB): 17.62%
2025-07-09 - 22:12:17 - INFO: ROE (ttm) (Yahoo Finance) (Ticker: FER): 49.66 %
2025-07-09 - 22:12:17 - INFO: Calculating Earnings Variability (EVAR) using Net Income over 3 year period (Ticker: WRB).
2025-07-09 - 22:12:17 - INFO: EVAR 4Y (Net Income) (Ticker: WRB): 18.38%
2025-07-09 - 22:12:17 - INFO: CAGR 4Y (EPS) (Ticker: WRB): 21.33 %
2025-07-09 - 22:12:17 - INFO: CAGR 4Y (Net Income) (Ticker: WRB): 19.76 %
2025-07-09 - 22:12:17 - INFO: Dividend Yield (Ticker: WRB): 0.49 %
2025-07-09 - 22:12:17 - INFO: ROE (ttm) (Yahoo Finance) (Ticker: WRB): 20.69 %
2025-07-09 - 22:12:17 - INFO: CFOA (annual) (Ticker: FTS): 5.28 %
2025-07-09 - 22:12:17 - ERROR: Error calculating ROE (ttm) (Ticker: FER): Cannot calculate ROE (Ticker: FER): An error occurred: Cannot calculate Net Income TTM! Not enough Net Income Quarterly data is available (Ticker: FER). 
 Data for at least 4 quarters is required .
2025-07-09 - 22:12:17 - ERROR: Unhandled error analyzing stock (Ticker: FER)
2025-07-09 - 22:12:17 - INFO: ROE - Calc (Ticker: WRB): 20.73 %
2025-07-09 - 22:12:17 - ERROR: Cannot calculate Trailing EPS! EPS data is missing (Ticker: FER).
Traceback (most recent call last):
  File "StockFactorScreener.py", line 605, in analyze_stock
  File "ProfitabilityCalculator.py", line 304, in calc_roe_msci
  File "EarningsEngine.py", line 343, in calc_eps_ttm
EarningsEngine.EPSCalcError: Cannot calculate Trailing EPS! EPS data is missing (Ticker: FER).
2025-07-09 - 22:12:17 - INFO: ROE - MSCI (Ticker: WRB): 18.54 %
2025-07-09 - 22:12:17 - INFO: CFOA (ttm) (Ticker: FTS): 6.04 %
2025-07-09 - 22:12:17 - INFO: ROA (ttm) (Yahoo Finance) (Ticker: WRB): 3.69 %
2025-07-09 - 22:12:17 - INFO: GPOA (Ticker: FTS): 11.24 %
2025-07-09 - 22:12:17 - INFO: ROA - Calc (Ticker: WRB): 4.33 %
2025-07-09 - 22:12:17 - INFO: GPMAR (Ticker: FTS): 71.77 %
2025-07-09 - 22:12:17 - INFO: Profit Margin (Ticker: FTS): 14.69 %
2025-07-09 - 22:12:17 - INFO: Sector: Utilities
2025-07-09 - 22:12:17 - INFO: Industry: Utilities - Regulated Electric
2025-07-09 - 22:12:17 - INFO: CFOA (annual) (Ticker: NDAQ): 6.38 %
2025-07-09 - 22:12:18 - INFO: CFOA (annual) (Ticker: WRB): 9.07 %
2025-07-09 - 22:12:18 - INFO: ---------------------- ENX ----------------------
2025-07-09 - 22:12:18 - INFO: P/E (Forward) (Ticker: ENX): N/A
2025-07-09 - 22:12:18 - INFO: P/E (Trailing) (Ticker: ENX): N/A
2025-07-09 - 22:12:18 - INFO: CFOA (ttm) (Ticker: NDAQ): 6.8 %
2025-07-09 - 22:12:18 - INFO: GPOA (Ticker: NDAQ): 9.83 %
2025-07-09 - 22:12:18 - INFO: GPMAR (Ticker: NDAQ): 40.39 %
2025-07-09 - 22:12:18 - INFO: Profit Margin (Ticker: NDAQ): 16.35 %
2025-07-09 - 22:12:18 - INFO: Sector: Financial Services
2025-07-09 - 22:12:18 - INFO: Industry: Financial Data & Stock Exchanges
2025-07-09 - 22:12:18 - INFO: ---------------------- DRI ----------------------
2025-07-09 - 22:12:18 - INFO: P/E (Forward) (Ticker: DRI): 20.44
2025-07-09 - 22:12:18 - INFO: P/E (Trailing) (Ticker: DRI): 24.3
2025-07-09 - 22:12:18 - INFO: CFOA (ttm) (Ticker: WRB): 9.12 %
2025-07-09 - 22:12:18 - INFO: EBIT/TEV (Ticker: DRI): 4.43 %
2025-07-09 - 22:12:18 - INFO: P/B (Ticker: DRI): 10.93
2025-07-09 - 22:12:18 - INFO: ---------------------- ATO ----------------------
2025-07-09 - 22:12:18 - INFO: P/E (Forward) (Ticker: ATO): 21.45
2025-07-09 - 22:12:18 - INFO: P/E (Trailing) (Ticker: ATO): 21.39
2025-07-09 - 22:12:19 - ERROR: Invalid Stock Ticker Symbol: POW
2025-07-09 - 22:12:19 - ERROR: Skipping Stock Analysis for POW.
2025-07-09 - 22:12:19 - INFO: ---------------------- DNB ----------------------
2025-07-09 - 22:12:19 - INFO: P/E (Forward) (Ticker: DNB): 8.22
2025-07-09 - 22:12:19 - INFO: P/E (Trailing) (Ticker: DNB): N/A
2025-07-09 - 22:12:19 - INFO: Fetched Earnings data (EPS) for 4 years period (Ticker: DRI).
2025-07-09 - 22:12:19 - INFO: EPS (latest) (Ticker: DRI): 8.57
2025-07-09 - 22:12:19 - INFO: Fetched Earnings data (Net Income) for 4 years period (Ticker: DRI).
2025-07-09 - 22:12:19 - INFO: Calculating Earnings Variability (EVAR) using EPS over 3 year period (Ticker: DRI).
2025-07-09 - 22:12:19 - INFO: EVAR 4Y (EPS) (Ticker: DRI): 27.3%
2025-07-09 - 22:12:19 - INFO: Calculating Earnings Variability (EVAR) using Net Income over 3 year period (Ticker: DRI).
2025-07-09 - 22:12:19 - INFO: EVAR 4Y (Net Income) (Ticker: DRI): 27.47%
2025-07-09 - 22:12:19 - INFO: CAGR 4Y (EPS) (Ticker: DRI): 21.06 %
2025-07-09 - 22:12:19 - INFO: CAGR 4Y (Net Income) (Ticker: DRI): 17.76 %
2025-07-09 - 22:12:19 - INFO: Dividend Yield (Ticker: DRI): 2.75 %
2025-07-09 - 22:12:19 - INFO: ROE (ttm) (Yahoo Finance) (Ticker: DRI): 46.16 %
2025-07-09 - 22:12:19 - ERROR: Invalid Stock Ticker Symbol: FRE
2025-07-09 - 22:12:19 - ERROR: Skipping Stock Analysis for FRE.
2025-07-09 - 22:12:19 - INFO: ROE - Calc (Ticker: DRI): 48.08 %
2025-07-09 - 22:12:19 - INFO: ROE - MSCI (Ticker: DRI): 47.38 %
2025-07-09 - 22:12:19 - INFO: ROA (ttm) (Yahoo Finance) (Ticker: DRI): 7.38 %
2025-07-09 - 22:12:19 - INFO: ROA - Calc (Ticker: DRI): 9.08 %
2025-07-09 - 22:12:19 - INFO: EBIT/TEV (Ticker: ENX): 11.18 %
2025-07-09 - 22:12:19 - INFO: P/B (Ticker: ENX): 0.92
2025-07-09 - 22:12:19 - INFO: Fetched Earnings data (EPS) for 4 years period (Ticker: ENX).
2025-07-09 - 22:12:19 - INFO: GPOA (Ticker: WRB): None %
2025-07-09 - 22:12:19 - INFO: EPS (latest) (Ticker: ENX): 0.16
2025-07-09 - 22:12:19 - INFO: GPMAR (Ticker: WRB): None %
2025-07-09 - 22:12:19 - INFO: Fetched Earnings data (Net Income) for 4 years period (Ticker: ENX).
2025-07-09 - 22:12:19 - ERROR: Error calculating GPOA and GPMAR TTM (Ticker: WRB): Cannot calculate GPOA (Ticker: WRB): 'Gross Profit' data is missing in the Income Statement.
2025-07-09 - 22:12:19 - INFO: Calculating Earnings Variability (EVAR) using EPS over 3 year period (Ticker: ENX).
2025-07-09 - 22:12:19 - INFO: Profit Margin (Ticker: WRB): 12.43 %
2025-07-09 - 22:12:19 - INFO: EVAR 4Y (EPS) (Ticker: ENX): 441.67%
2025-07-09 - 22:12:19 - INFO: Sector: Financial Services
2025-07-09 - 22:12:19 - INFO: Calculating Earnings Variability (EVAR) using Net Income over 3 year period (Ticker: ENX).
2025-07-09 - 22:12:19 - INFO: Industry: Insurance - Property & Casualty
2025-07-09 - 22:12:19 - INFO: EVAR 4Y (Net Income) (Ticker: ENX): 811.1%
2025-07-09 - 22:12:19 - INFO: CAGR 4Y (EPS) (Ticker: ENX): -15.0 %
2025-07-09 - 22:12:19 - ERROR: Error calculating profitability growth metrics for WRB: Cannot calculate CAGR. No Earnings Growth data available (Ticker: WRB).
2025-07-09 - 22:12:19 - INFO: CAGR 4Y (Net Income) (Ticker: ENX): 45.24 %
2025-07-09 - 22:12:19 - ERROR: Cannot calculate CAGR. No Earnings Growth data available (Ticker: WRB).
Traceback (most recent call last):
  File "StockFactorScreener.py", line 249, in calc_profitability_growth
  File "ProfitabilityCalculator.py", line 1004, in calc_cagr
ProfitabilityCalculator.CAGRCalcError: Cannot calculate CAGR. No Earnings Growth data available (Ticker: WRB).
2025-07-09 - 22:12:19 - INFO: Dividend Yield (Ticker: ENX): 5.39 %
2025-07-09 - 22:12:19 - INFO: ROE (ttm) (Yahoo Finance) (Ticker: ENX): 2.9 %
2025-07-09 - 22:12:19 - ERROR: Error calculating ROE (ttm) (Ticker: ENX): Cannot calculate ROE (Ticker: ENX): An error occurred: Cannot calculate Net Income TTM! Net Income data is missing in the Quarterly Income Statement (Ticker: ENX).
2025-07-09 - 22:12:19 - ERROR: Unhandled error analyzing stock (Ticker: ENX)
2025-07-09 - 22:12:19 - ERROR: Cannot calculate Trailing EPS! EPS data is missing (Ticker: ENX).
Traceback (most recent call last):
  File "StockFactorScreener.py", line 605, in analyze_stock
  File "ProfitabilityCalculator.py", line 304, in calc_roe_msci
  File "EarningsEngine.py", line 343, in calc_eps_ttm
EarningsEngine.EPSCalcError: Cannot calculate Trailing EPS! EPS data is missing (Ticker: ENX).
2025-07-09 - 22:12:19 - INFO: EBIT/TEV (Ticker: ATO): 4.63 %
2025-07-09 - 22:12:19 - INFO: P/B (Ticker: ATO): 1.85
2025-07-09 - 22:12:19 - INFO: EBIT/TEV (Ticker: DNB): 3.11 %
2025-07-09 - 22:12:19 - INFO: P/B (Ticker: DNB): 1.24
2025-07-09 - 22:12:19 - INFO: Fetched Earnings data (EPS) for 4 years period (Ticker: ATO).
2025-07-09 - 22:12:19 - INFO: EPS (latest) (Ticker: ATO): 6.83
2025-07-09 - 22:12:19 - INFO: Fetched Earnings data (Net Income) for 4 years period (Ticker: ATO).
2025-07-09 - 22:12:19 - INFO: Calculating Earnings Variability (EVAR) using EPS over 3 year period (Ticker: ATO).
2025-07-09 - 22:12:19 - INFO: EVAR 4Y (EPS) (Ticker: ATO): 1.68%
2025-07-09 - 22:12:19 - INFO: Calculating Earnings Variability (EVAR) using Net Income over 3 year period (Ticker: ATO).
2025-07-09 - 22:12:19 - INFO: EVAR 4Y (Net Income) (Ticker: ATO): 1.67%
2025-07-09 - 22:12:19 - INFO: CAGR 4Y (EPS) (Ticker: ATO): 10.08 %
2025-07-09 - 22:12:19 - INFO: CAGR 4Y (Net Income) (Ticker: ATO): 16.15 %
2025-07-09 - 22:12:19 - INFO: Dividend Yield (Ticker: ATO): 2.26 %
2025-07-09 - 22:12:19 - INFO: ROE (ttm) (Yahoo Finance) (Ticker: ATO): 9.19 %
2025-07-09 - 22:12:19 - INFO: CFOA (annual) (Ticker: DRI): 14.24 %
2025-07-09 - 22:12:19 - INFO: Fetched Earnings data (EPS) for 4 years period (Ticker: DNB).
2025-07-09 - 22:12:19 - INFO: EPS (latest) (Ticker: DNB): -0.07
2025-07-09 - 22:12:19 - INFO: Fetched Earnings data (Net Income) for 4 years period (Ticker: DNB).
2025-07-09 - 22:12:19 - INFO: Calculating Earnings Variability (EVAR) using EPS over 3 year period (Ticker: DNB).
2025-07-09 - 22:12:19 - INFO: ---------------------- CBRE ----------------------
2025-07-09 - 22:12:19 - INFO: EVAR 4Y (EPS) (Ticker: DNB): 615.69%
2025-07-09 - 22:12:19 - INFO: P/E (Forward) (Ticker: CBRE): 23.3
2025-07-09 - 22:12:19 - INFO: Calculating Earnings Variability (EVAR) using Net Income over 3 year period (Ticker: DNB).
2025-07-09 - 22:12:19 - INFO: P/E (Trailing) (Ticker: CBRE): 42.75
2025-07-09 - 22:12:19 - INFO: EVAR 4Y (Net Income) (Ticker: DNB): 1161.67%
2025-07-09 - 22:12:19 - INFO: CAGR 4Y (EPS) (Ticker: DNB): 16.67 %
2025-07-09 - 22:12:19 - INFO: CAGR 4Y (Net Income) (Ticker: DNB): 16.99 %
2025-07-09 - 22:12:19 - INFO: Dividend Yield (Ticker: DNB): 2.2 %
2025-07-09 - 22:12:19 - INFO: ROE (ttm) (Yahoo Finance) (Ticker: DNB): -0.52 %
2025-07-09 - 22:12:19 - INFO: ROE - Calc (Ticker: ATO): 9.19 %
2025-07-09 - 22:12:19 - INFO: CFOA (ttm) (Ticker: DRI): 13.97 %
2025-07-09 - 22:12:19 - INFO: ROE - MSCI (Ticker: ATO): 11.16 %
2025-07-09 - 22:12:19 - INFO: GPOA (Ticker: DRI): 21.29 %
2025-07-09 - 22:12:19 - INFO: ROA (ttm) (Yahoo Finance) (Ticker: ATO): 3.64 %
2025-07-09 - 22:12:19 - INFO: GPMAR (Ticker: DRI): 21.16 %
2025-07-09 - 22:12:19 - INFO: ---------------------- CHKP ----------------------
2025-07-09 - 22:12:20 - INFO: ROA - Calc (Ticker: ATO): 4.14 %
2025-07-09 - 22:12:20 - INFO: Profit Margin (Ticker: DRI): 8.69 %
2025-07-09 - 22:12:20 - INFO: P/E (Forward) (Ticker: CHKP): 23.26
2025-07-09 - 22:12:20 - INFO: Sector: Consumer Cyclical
2025-07-09 - 22:12:20 - INFO: P/E (Trailing) (Ticker: CHKP): 30.51
2025-07-09 - 22:12:20 - INFO: Industry: Restaurants
2025-07-09 - 22:12:20 - INFO: ---------------------- EBS ----------------------
2025-07-09 - 22:12:20 - INFO: P/E (Forward) (Ticker: EBS): 2.45
2025-07-09 - 22:12:20 - INFO: P/E (Trailing) (Ticker: EBS): N/A
2025-07-09 - 22:12:20 - INFO: ROE - Calc (Ticker: DNB): -0.64 %
2025-07-09 - 22:12:20 - INFO: ROE - MSCI (Ticker: DNB): -0.68 %
2025-07-09 - 22:12:20 - INFO: ROA (ttm) (Yahoo Finance) (Ticker: DNB): 1.77 %
2025-07-09 - 22:12:20 - INFO: ROA - Calc (Ticker: DNB): -0.33 %
2025-07-09 - 22:12:20 - INFO: ---------------------- AEE ----------------------
2025-07-09 - 22:12:20 - INFO: P/E (Forward) (Ticker: AEE): 19.35
2025-07-09 - 22:12:20 - INFO: P/E (Trailing) (Ticker: AEE): 21.11
2025-07-09 - 22:12:20 - INFO: CFOA (annual) (Ticker: ATO): 6.88 %
2025-07-09 - 22:12:20 - INFO: EBIT/TEV (Ticker: CBRE): 2.76 %
2025-07-09 - 22:12:20 - INFO: P/B (Ticker: CBRE): 4.98
2025-07-09 - 22:12:20 - INFO: CFOA (ttm) (Ticker: ATO): 7.52 %
2025-07-09 - 22:12:20 - INFO: GPOA (Ticker: ATO): 9.57 %
2025-07-09 - 22:12:20 - INFO: GPMAR (Ticker: ATO): 57.92 %
2025-07-09 - 22:12:20 - INFO: CFOA (annual) (Ticker: DNB): 4.99 %
2025-07-09 - 22:12:20 - INFO: Profit Margin (Ticker: ATO): 25.35 %
2025-07-09 - 22:12:20 - INFO: Sector: Utilities
2025-07-09 - 22:12:20 - INFO: Industry: Utilities - Regulated Gas
2025-07-09 - 22:12:20 - INFO: EBIT/TEV (Ticker: CHKP): 3.72 %
2025-07-09 - 22:12:20 - INFO: P/B (Ticker: CHKP): 9.08
2025-07-09 - 22:12:20 - INFO: EBIT/TEV (Ticker: EBS): -7.81 %
2025-07-09 - 22:12:20 - INFO: P/B (Ticker: EBS): 0.72
2025-07-09 - 22:12:20 - INFO: Fetched Earnings data (EPS) for 4 years period (Ticker: CBRE).
2025-07-09 - 22:12:20 - INFO: EPS (latest) (Ticker: CBRE): 3.16
2025-07-09 - 22:12:20 - INFO: Fetched Earnings data (Net Income) for 4 years period (Ticker: CBRE).
2025-07-09 - 22:12:20 - INFO: Calculating Earnings Variability (EVAR) using EPS over 3 year period (Ticker: CBRE).
2025-07-09 - 22:12:20 - INFO: EVAR 4Y (EPS) (Ticker: CBRE): 13.22%
2025-07-09 - 22:12:20 - INFO: Calculating Earnings Variability (EVAR) using Net Income over 3 year period (Ticker: CBRE).
2025-07-09 - 22:12:20 - INFO: EVAR 4Y (Net Income) (Ticker: CBRE): 14.71%
2025-07-09 - 22:12:20 - INFO: CAGR 4Y (EPS) (Ticker: CBRE): -16.77 %
2025-07-09 - 22:12:20 - INFO: CAGR 4Y (Net Income) (Ticker: CBRE): -19.23 %
2025-07-09 - 22:12:20 - INFO: Dividend Yield (Ticker: CBRE): N/A
2025-07-09 - 22:12:20 - INFO: ROE (ttm) (Yahoo Finance) (Ticker: CBRE): 11.92 %
2025-07-09 - 22:12:20 - INFO: EBIT/TEV (Ticker: AEE): 3.47 %
2025-07-09 - 22:12:20 - INFO: P/B (Ticker: AEE): 2.11
2025-07-09 - 22:12:20 - INFO: Fetched Earnings data (EPS) for 4 years period (Ticker: CHKP).
2025-07-09 - 22:12:20 - INFO: EPS (latest) (Ticker: CHKP): 7.65
2025-07-09 - 22:12:20 - INFO: Fetched Earnings data (Net Income) for 4 years period (Ticker: CHKP).
2025-07-09 - 22:12:20 - INFO: Calculating Earnings Variability (EVAR) using EPS over 3 year period (Ticker: CHKP).
2025-07-09 - 22:12:20 - INFO: CFOA (ttm) (Ticker: DNB): 4.68 %
2025-07-09 - 22:12:20 - INFO: EVAR 4Y (EPS) (Ticker: CHKP): 4.62%
2025-07-09 - 22:12:20 - INFO: GPOA (Ticker: DNB): 16.93 %
2025-07-09 - 22:12:20 - INFO: Calculating Earnings Variability (EVAR) using Net Income over 3 year period (Ticker: CHKP).
2025-07-09 - 22:12:20 - INFO: GPMAR (Ticker: DNB): 62.22 %
2025-07-09 - 22:12:20 - INFO: EVAR 4Y (Net Income) (Ticker: CHKP): 3.91%
2025-07-09 - 22:12:20 - INFO: ---------------------- GDDY ----------------------
2025-07-09 - 22:12:20 - INFO: Profit Margin (Ticker: DNB): -0.88 %
2025-07-09 - 22:12:20 - INFO: CAGR 4Y (EPS) (Ticker: CHKP): 7.66 %
2025-07-09 - 22:12:20 - INFO: P/E (Forward) (Ticker: GDDY): 26.08
2025-07-09 - 22:12:20 - INFO: Sector: Financial Services
2025-07-09 - 22:12:20 - INFO: CAGR 4Y (Net Income) (Ticker: CHKP): 1.22 %
2025-07-09 - 22:12:20 - INFO: Dividend Yield (Ticker: CHKP): N/A
2025-07-09 - 22:12:20 - INFO: Industry: Financial Data & Stock Exchanges
2025-07-09 - 22:12:20 - INFO: P/E (Trailing) (Ticker: GDDY): 33.65
2025-07-09 - 22:12:20 - INFO: ROE (ttm) (Yahoo Finance) (Ticker: CHKP): 30.92 %
2025-07-09 - 22:12:20 - INFO: ROE - Calc (Ticker: CBRE): 12.15 %
2025-07-09 - 22:12:20 - INFO: ROE - MSCI (Ticker: CBRE): 12.37 %
2025-07-09 - 22:12:20 - INFO: ROA (ttm) (Yahoo Finance) (Ticker: CBRE): 3.89 %
2025-07-09 - 22:12:20 - INFO: ROA - Calc (Ticker: CBRE): 3.97 %
2025-07-09 - 22:12:21 - INFO: Fetched Earnings data (EPS) for 4 years period (Ticker: EBS).
2025-07-09 - 22:12:21 - INFO: EPS (latest) (Ticker: EBS): -3.6
2025-07-09 - 22:12:21 - INFO: Fetched Earnings data (Net Income) for 4 years period (Ticker: EBS).
2025-07-09 - 22:12:21 - INFO: Calculating Earnings Variability (EVAR) using EPS over 3 year period (Ticker: EBS).
2025-07-09 - 22:12:21 - INFO: EVAR 4Y (EPS) (Ticker: EBS): 170.12%
2025-07-09 - 22:12:21 - INFO: Calculating Earnings Variability (EVAR) using Net Income over 3 year period (Ticker: EBS).
2025-07-09 - 22:12:21 - INFO: EVAR 4Y (Net Income) (Ticker: EBS): 177.66%
2025-07-09 - 22:12:21 - INFO: CAGR 4Y (EPS) (Ticker: EBS): -100 %
2025-07-09 - 22:12:21 - INFO: CAGR 4Y (Net Income) (Ticker: EBS): -100 %
2025-07-09 - 22:12:21 - INFO: Dividend Yield (Ticker: EBS): N/A
2025-07-09 - 22:12:21 - INFO: ROE (ttm) (Yahoo Finance) (Ticker: EBS): -21.63 %
2025-07-09 - 22:12:21 - INFO: ROE - Calc (Ticker: CHKP): 30.92 %
2025-07-09 - 22:12:21 - INFO: ROE - MSCI (Ticker: CHKP): 30.68 %
2025-07-09 - 22:12:21 - INFO: ROA (ttm) (Yahoo Finance) (Ticker: CHKP): 9.92 %
2025-07-09 - 22:12:21 - INFO: ROA - Calc (Ticker: CHKP): 14.70 %
2025-07-09 - 22:12:21 - INFO: Fetched Earnings data (EPS) for 4 years period (Ticker: AEE).
2025-07-09 - 22:12:21 - INFO: EPS (latest) (Ticker: AEE): 4.43
2025-07-09 - 22:12:21 - INFO: Fetched Earnings data (Net Income) for 4 years period (Ticker: AEE).
2025-07-09 - 22:12:21 - INFO: Calculating Earnings Variability (EVAR) using EPS over 3 year period (Ticker: AEE).
2025-07-09 - 22:12:21 - INFO: EVAR 4Y (EPS) (Ticker: AEE): 3.5%
2025-07-09 - 22:12:21 - INFO: Calculating Earnings Variability (EVAR) using Net Income over 3 year period (Ticker: AEE).
2025-07-09 - 22:12:21 - INFO: EVAR 4Y (Net Income) (Ticker: AEE): 3.1%
2025-07-09 - 22:12:21 - INFO: CAGR 4Y (EPS) (Ticker: AEE): 4.7 %
2025-07-09 - 22:12:21 - INFO: CAGR 4Y (Net Income) (Ticker: AEE): 6.09 %
2025-07-09 - 22:12:21 - INFO: Dividend Yield (Ticker: AEE): 2.96 %
2025-07-09 - 22:12:21 - INFO: ROE (ttm) (Yahoo Finance) (Ticker: AEE): 10.16 %
2025-07-09 - 22:12:21 - INFO: CFOA (annual) (Ticker: CBRE): 7.0 %
2025-07-09 - 22:12:21 - ERROR: Invalid Stock Ticker Symbol: QBE
2025-07-09 - 22:12:21 - INFO: ROE - Calc (Ticker: EBS): -21.63 %
2025-07-09 - 22:12:21 - ERROR: Skipping Stock Analysis for QBE.
2025-07-09 - 22:12:21 - INFO: ROE - MSCI (Ticker: EBS): -25.04 %
2025-07-09 - 22:12:21 - INFO: ROA (ttm) (Yahoo Finance) (Ticker: EBS): -1.61 %
2025-07-09 - 22:12:21 - INFO: ROA - Calc (Ticker: EBS): -13.72 %
2025-07-09 - 22:12:21 - INFO: EBIT/TEV (Ticker: GDDY): 3.5 %
2025-07-09 - 22:12:21 - INFO: P/B (Ticker: GDDY): 124.8
2025-07-09 - 22:12:21 - INFO: CFOA (ttm) (Ticker: CBRE): 6.68 %
2025-07-09 - 22:12:21 - INFO: GPOA (Ticker: CBRE): 28.53 %
2025-07-09 - 22:12:21 - INFO: GPMAR (Ticker: CBRE): 19.45 %
2025-07-09 - 22:12:21 - INFO: Profit Margin (Ticker: CBRE): 2.73 %
2025-07-09 - 22:12:21 - INFO: Sector: Real Estate
2025-07-09 - 22:12:21 - INFO: Industry: Real Estate Services
2025-07-09 - 22:12:21 - INFO: CFOA (annual) (Ticker: CHKP): 18.29 %
2025-07-09 - 22:12:21 - INFO: ROE - Calc (Ticker: AEE): 10.23 %
2025-07-09 - 22:12:21 - INFO: ROE - MSCI (Ticker: AEE): 10.14 %
2025-07-09 - 22:12:21 - INFO: ROA (ttm) (Yahoo Finance) (Ticker: AEE): 2.69 %
2025-07-09 - 22:12:21 - INFO: ROA - Calc (Ticker: AEE): 2.65 %
2025-07-09 - 22:12:21 - INFO: CFOA (annual) (Ticker: EBS): 4.22 %
2025-07-09 - 22:12:21 - INFO: CFOA (ttm) (Ticker: CHKP): 19.86 %
2025-07-09 - 22:12:21 - INFO: GPOA (Ticker: CHKP): 39.03 %
2025-07-09 - 22:12:21 - INFO: GPMAR (Ticker: CHKP): 87.55 %
2025-07-09 - 22:12:21 - INFO: ---------------------- TPL ----------------------
2025-07-09 - 22:12:21 - INFO: Profit Margin (Ticker: CHKP): 32.75 %
2025-07-09 - 22:12:21 - INFO: P/E (Forward) (Ticker: TPL): 14.32
2025-07-09 - 22:12:21 - INFO: Sector: Technology
2025-07-09 - 22:12:21 - INFO: Fetched Earnings data (EPS) for 4 years period (Ticker: GDDY).
2025-07-09 - 22:12:21 - INFO: CFOA (annual) (Ticker: AEE): 6.2 %
2025-07-09 - 22:12:21 - INFO: P/E (Trailing) (Ticker: TPL): 52.38
2025-07-09 - 22:12:21 - INFO: Industry: Software - Infrastructure
2025-07-09 - 22:12:21 - INFO: EPS (latest) (Ticker: GDDY): 6.63
2025-07-09 - 22:12:21 - INFO: Fetched Earnings data (Net Income) for 4 years period (Ticker: GDDY).
2025-07-09 - 22:12:21 - INFO: Calculating Earnings Variability (EVAR) using EPS over 3 year period (Ticker: GDDY).
2025-07-09 - 22:12:21 - INFO: EVAR 4Y (EPS) (Ticker: GDDY): 184.12%
2025-07-09 - 22:12:21 - INFO: Calculating Earnings Variability (EVAR) using Net Income over 3 year period (Ticker: GDDY).
2025-07-09 - 22:12:21 - INFO: EVAR 4Y (Net Income) (Ticker: GDDY): 168.22%
2025-07-09 - 22:12:21 - INFO: CAGR 4Y (EPS) (Ticker: GDDY): 66.36 %
2025-07-09 - 22:12:21 - INFO: CAGR 4Y (Net Income) (Ticker: GDDY): 56.96 %
2025-07-09 - 22:12:21 - INFO: Dividend Yield (Ticker: GDDY): N/A
2025-07-09 - 22:12:21 - INFO: ROE (ttm) (Yahoo Finance) (Ticker: GDDY): 245.7 %
2025-07-09 - 22:12:21 - INFO: CFOA (ttm) (Ticker: EBS): 7.58 %
2025-07-09 - 22:12:21 - INFO: GPOA (Ticker: EBS): 23.91 %
2025-07-09 - 22:12:21 - INFO: GPMAR (Ticker: EBS): 32.78 %
2025-07-09 - 22:12:21 - INFO: Profit Margin (Ticker: EBS): -13.63 %
2025-07-09 - 22:12:21 - INFO: Sector: Healthcare
2025-07-09 - 22:12:21 - INFO: Industry: Drug Manufacturers - Specialty & Generic
2025-07-09 - 22:12:22 - INFO: ROE - Calc (Ticker: GDDY): 245.70 %
2025-07-09 - 22:12:22 - INFO: ROE - MSCI (Ticker: GDDY): 381.73 %
2025-07-09 - 22:12:22 - INFO: CFOA (ttm) (Ticker: AEE): 6.14 %
2025-07-09 - 22:12:22 - INFO: ROA (ttm) (Yahoo Finance) (Ticker: GDDY): 7.78 %
2025-07-09 - 22:12:22 - INFO: GPOA (Ticker: AEE): 8.19 %
2025-07-09 - 22:12:22 - INFO: ROA - Calc (Ticker: GDDY): 11.38 %
2025-07-09 - 22:12:22 - INFO: GPMAR (Ticker: AEE): 47.92 %
2025-07-09 - 22:12:22 - INFO: Profit Margin (Ticker: AEE): 15.93 %
2025-07-09 - 22:12:22 - INFO: Sector: Utilities
2025-07-09 - 22:12:22 - INFO: Industry: Utilities - Regulated Electric
2025-07-09 - 22:12:22 - INFO: ---------------------- BR ----------------------
2025-07-09 - 22:12:22 - INFO: P/E (Forward) (Ticker: BR): 25.53
2025-07-09 - 22:12:22 - INFO: P/E (Trailing) (Ticker: BR): 35.9
2025-07-09 - 22:12:22 - INFO: CFOA (annual) (Ticker: GDDY): 15.64 %
2025-07-09 - 22:12:22 - INFO: EBIT/TEV (Ticker: TPL): 2.34 %
2025-07-09 - 22:12:22 - INFO: P/B (Ticker: TPL): 19.95
2025-07-09 - 22:12:22 - ERROR: Invalid Stock Ticker Symbol: 6752
2025-07-09 - 22:12:22 - ERROR: Skipping Stock Analysis for 6752.
2025-07-09 - 22:12:22 - INFO: ---------------------- CCEP ----------------------
2025-07-09 - 22:12:22 - INFO: P/E (Forward) (Ticker: CCEP): 21.07
2025-07-09 - 22:12:22 - INFO: P/E (Trailing) (Ticker: CCEP): 26.41
2025-07-09 - 22:12:22 - INFO: CFOA (ttm) (Ticker: GDDY): 17.55 %
2025-07-09 - 22:12:22 - INFO: GPOA (Ticker: GDDY): 35.47 %
2025-07-09 - 22:12:22 - INFO: GPMAR (Ticker: GDDY): 63.88 %
2025-07-09 - 22:12:22 - INFO: Profit Margin (Ticker: GDDY): 16.2 %
2025-07-09 - 22:12:22 - INFO: Sector: Technology
2025-07-09 - 22:12:22 - INFO: Industry: Software - Infrastructure
2025-07-09 - 22:12:22 - INFO: Fetched Earnings data (EPS) for 4 years period (Ticker: TPL).
2025-07-09 - 22:12:22 - INFO: EPS (latest) (Ticker: TPL): 19.75
2025-07-09 - 22:12:22 - ERROR: Invalid Stock Ticker Symbol: COL
2025-07-09 - 22:12:22 - INFO: Fetched Earnings data (Net Income) for 4 years period (Ticker: TPL).
2025-07-09 - 22:12:22 - ERROR: Skipping Stock Analysis for COL.
2025-07-09 - 22:12:22 - INFO: Calculating Earnings Variability (EVAR) using EPS over 3 year period (Ticker: TPL).
2025-07-09 - 22:12:22 - INFO: EVAR 4Y (EPS) (Ticker: TPL): 38.48%
2025-07-09 - 22:12:22 - INFO: Calculating Earnings Variability (EVAR) using Net Income over 3 year period (Ticker: TPL).
2025-07-09 - 22:12:22 - INFO: EVAR 4Y (Net Income) (Ticker: TPL): 38.38%
2025-07-09 - 22:12:22 - INFO: CAGR 4Y (EPS) (Ticker: TPL): 19.37 %
2025-07-09 - 22:12:22 - INFO: CAGR 4Y (Net Income) (Ticker: TPL): 18.91 %
2025-07-09 - 22:12:22 - INFO: Dividend Yield (Ticker: TPL): 0.61 %
2025-07-09 - 22:12:22 - INFO: ROE (ttm) (Yahoo Finance) (Ticker: TPL): 39.52 %
2025-07-09 - 22:12:22 - INFO: EBIT/TEV (Ticker: BR): 3.61 %
2025-07-09 - 22:12:22 - INFO: P/B (Ticker: BR): 11.74
2025-07-09 - 22:12:22 - INFO: ROE - Calc (Ticker: TPL): 39.52 %
2025-07-09 - 22:12:22 - INFO: ROE - MSCI (Ticker: TPL): 38.17 %
2025-07-09 - 22:12:22 - INFO: ROA (ttm) (Yahoo Finance) (Ticker: TPL): 26.72 %
2025-07-09 - 22:12:22 - INFO: ROA - Calc (Ticker: TPL): 36.37 %
2025-07-09 - 22:12:22 - INFO: Fetched Earnings data (EPS) for 4 years period (Ticker: BR).
2025-07-09 - 22:12:22 - INFO: EPS (latest) (Ticker: BR): 5.93
2025-07-09 - 22:12:22 - INFO: Fetched Earnings data (Net Income) for 4 years period (Ticker: BR).
2025-07-09 - 22:12:22 - INFO: Calculating Earnings Variability (EVAR) using EPS over 3 year period (Ticker: BR).
2025-07-09 - 22:12:22 - INFO: EVAR 4Y (EPS) (Ticker: BR): 9.43%
2025-07-09 - 22:12:22 - INFO: Calculating Earnings Variability (EVAR) using Net Income over 3 year period (Ticker: BR).
2025-07-09 - 22:12:22 - INFO: EVAR 4Y (Net Income) (Ticker: BR): 9.41%
2025-07-09 - 22:12:22 - INFO: CAGR 4Y (EPS) (Ticker: BR): 7.83 %
2025-07-09 - 22:12:22 - INFO: ---------------------- PPL ----------------------
2025-07-09 - 22:12:22 - INFO: CAGR 4Y (Net Income) (Ticker: BR): 8.44 %
2025-07-09 - 22:12:22 - INFO: P/E (Forward) (Ticker: PPL): 18.45
2025-07-09 - 22:12:22 - INFO: Dividend Yield (Ticker: BR): 1.45 %
2025-07-09 - 22:12:22 - INFO: P/E (Trailing) (Ticker: PPL): 25.2
2025-07-09 - 22:12:22 - INFO: ROE (ttm) (Yahoo Finance) (Ticker: BR): 33.92 %
2025-07-09 - 22:12:23 - ERROR: Invalid Stock Ticker Symbol: CPU
2025-07-09 - 22:12:23 - ERROR: Skipping Stock Analysis for CPU.
2025-07-09 - 22:12:23 - INFO: CFOA (annual) (Ticker: TPL): 39.32 %
2025-07-09 - 22:12:23 - INFO: ROE - Calc (Ticker: BR): 33.92 %
2025-07-09 - 22:12:23 - INFO: ROE - MSCI (Ticker: BR): 33.13 %
2025-07-09 - 22:12:23 - INFO: ROA (ttm) (Yahoo Finance) (Ticker: BR): 9.02 %
2025-07-09 - 22:12:23 - INFO: ROA - Calc (Ticker: BR): 8.47 %
2025-07-09 - 22:12:23 - INFO: CFOA (ttm) (Ticker: TPL): 39.28 %
2025-07-09 - 22:12:23 - INFO: GPOA (Ticker: TPL): 50.84 %
2025-07-09 - 22:12:23 - INFO: GPMAR (Ticker: TPL): 89.9 %
2025-07-09 - 22:12:23 - INFO: Profit Margin (Ticker: TPL): 63.24 %
2025-07-09 - 22:12:23 - INFO: Sector: Energy
2025-07-09 - 22:12:23 - INFO: Industry: Oil & Gas E&P
2025-07-09 - 22:12:23 - INFO: CFOA (annual) (Ticker: BR): 12.81 %
2025-07-09 - 22:12:23 - INFO: EBIT/TEV (Ticker: PPL): 4.47 %
2025-07-09 - 22:12:23 - INFO: P/B (Ticker: PPL): 1.75
2025-07-09 - 22:12:23 - INFO: ---------------------- ESLT ----------------------
2025-07-09 - 22:12:23 - INFO: P/E (Forward) (Ticker: ESLT): 53.61
2025-07-09 - 22:12:23 - INFO: EBIT/TEV (Ticker: CCEP): 5.66 %
2025-07-09 - 22:12:23 - INFO: P/E (Trailing) (Ticker: ESLT): 57.98
2025-07-09 - 22:12:23 - INFO: P/B (Ticker: CCEP): 5.2
2025-07-09 - 22:12:23 - INFO: ---------------------- BRO ----------------------
2025-07-09 - 22:12:23 - INFO: Fetched Earnings data (EPS) for 4 years period (Ticker: CCEP).
2025-07-09 - 22:12:23 - INFO: P/E (Forward) (Ticker: BRO): 26.44
2025-07-09 - 22:12:23 - INFO: EPS (latest) (Ticker: CCEP): 3.08
2025-07-09 - 22:12:23 - INFO: P/E (Trailing) (Ticker: BRO): 30.12
2025-07-09 - 22:12:23 - INFO: Fetched Earnings data (Net Income) for 4 years period (Ticker: CCEP).
2025-07-09 - 22:12:23 - INFO: Calculating Earnings Variability (EVAR) using EPS over 3 year period (Ticker: CCEP).
2025-07-09 - 22:12:23 - INFO: EVAR 4Y (EPS) (Ticker: CCEP): 34.8%
2025-07-09 - 22:12:23 - INFO: Calculating Earnings Variability (EVAR) using Net Income over 3 year period (Ticker: CCEP).
2025-07-09 - 22:12:23 - INFO: EVAR 4Y (Net Income) (Ticker: CCEP): 34.66%
2025-07-09 - 22:12:23 - INFO: CAGR 4Y (EPS) (Ticker: CCEP): 12.73 %
2025-07-09 - 22:12:23 - INFO: CAGR 4Y (Net Income) (Ticker: CCEP): 13.03 %
2025-07-09 - 22:12:23 - INFO: Dividend Yield (Ticker: CCEP): 2.36 %
2025-07-09 - 22:12:23 - INFO: ROE (ttm) (Yahoo Finance) (Ticker: CCEP): 17.03 %
2025-07-09 - 22:12:23 - ERROR: Error calculating ROE (ttm) (Ticker: CCEP): Cannot calculate ROE (Ticker: CCEP): An error occurred: Cannot calculate Net Income TTM! Net Income data is missing in the Quarterly Income Statement (Ticker: CCEP).
2025-07-09 - 22:12:23 - ERROR: Unhandled error analyzing stock (Ticker: CCEP)
2025-07-09 - 22:12:23 - ERROR: Cannot calculate Trailing EPS! EPS data is missing (Ticker: CCEP).
Traceback (most recent call last):
  File "StockFactorScreener.py", line 605, in analyze_stock
  File "ProfitabilityCalculator.py", line 304, in calc_roe_msci
  File "EarningsEngine.py", line 343, in calc_eps_ttm
EarningsEngine.EPSCalcError: Cannot calculate Trailing EPS! EPS data is missing (Ticker: CCEP).
2025-07-09 - 22:12:23 - INFO: CFOA (ttm) (Ticker: BR): 14.55 %
2025-07-09 - 22:12:23 - INFO: GPOA (Ticker: BR): 23.46 %
2025-07-09 - 22:12:23 - INFO: GPMAR (Ticker: BR): 29.72 %
2025-07-09 - 22:12:23 - INFO: Profit Margin (Ticker: BR): 11.65 %
2025-07-09 - 22:12:23 - INFO: Sector: Technology
2025-07-09 - 22:12:23 - INFO: Industry: Information Technology Services
2025-07-09 - 22:12:23 - INFO: Fetched Earnings data (EPS) for 4 years period (Ticker: PPL).
2025-07-09 - 22:12:23 - INFO: EPS (latest) (Ticker: PPL): 1.2
2025-07-09 - 22:12:23 - INFO: Fetched Earnings data (Net Income) for 4 years period (Ticker: PPL).
2025-07-09 - 22:12:23 - INFO: Calculating Earnings Variability (EVAR) using EPS over 3 year period (Ticker: PPL).
2025-07-09 - 22:12:23 - INFO: EVAR 4Y (EPS) (Ticker: PPL): 83.76%
2025-07-09 - 22:12:23 - INFO: Calculating Earnings Variability (EVAR) using Net Income over 3 year period (Ticker: PPL).
2025-07-09 - 22:12:23 - INFO: EVAR 4Y (Net Income) (Ticker: PPL): 82.81%
2025-07-09 - 22:12:23 - INFO: CAGR 4Y (EPS) (Ticker: PPL): 37.89 %
2025-07-09 - 22:12:23 - INFO: CAGR 4Y (Net Income) (Ticker: PPL): 37.51 %
2025-07-09 - 22:12:23 - INFO: Dividend Yield (Ticker: PPL): 3.22 %
2025-07-09 - 22:12:23 - INFO: ROE (ttm) (Yahoo Finance) (Ticker: PPL): 7.02 %
2025-07-09 - 22:12:24 - ERROR: Invalid Stock Ticker Symbol: BXB
2025-07-09 - 22:12:24 - ERROR: Skipping Stock Analysis for BXB.
2025-07-09 - 22:12:24 - INFO: EBIT/TEV (Ticker: BRO): 3.56 %
2025-07-09 - 22:12:24 - INFO: P/B (Ticker: BRO): 4.55
2025-07-09 - 22:12:24 - INFO: EBIT/TEV (Ticker: ESLT): 2.51 %
2025-07-09 - 22:12:24 - INFO: ROE - Calc (Ticker: PPL): 7.02 %
2025-07-09 - 22:12:24 - INFO: P/B (Ticker: ESLT): 6.15
2025-07-09 - 22:12:24 - INFO: ROE - MSCI (Ticker: PPL): 6.26 %
2025-07-09 - 22:12:24 - INFO: ROA (ttm) (Yahoo Finance) (Ticker: PPL): 2.97 %
2025-07-09 - 22:12:24 - INFO: ROA - Calc (Ticker: PPL): 2.16 %
2025-07-09 - 22:12:24 - ERROR: Invalid Stock Ticker Symbol: SHB A
2025-07-09 - 22:12:24 - ERROR: Skipping Stock Analysis for SHB A.
2025-07-09 - 22:12:24 - INFO: Fetched Earnings data (EPS) for 4 years period (Ticker: BRO).
2025-07-09 - 22:12:24 - INFO: EPS (latest) (Ticker: BRO): 3.48
2025-07-09 - 22:12:24 - INFO: Fetched Earnings data (Net Income) for 4 years period (Ticker: BRO).
2025-07-09 - 22:12:24 - INFO: Calculating Earnings Variability (EVAR) using EPS over 3 year period (Ticker: BRO).
2025-07-09 - 22:12:24 - INFO: EVAR 4Y (EPS) (Ticker: BRO): 8.74%
2025-07-09 - 22:12:24 - INFO: Calculating Earnings Variability (EVAR) using Net Income over 3 year period (Ticker: BRO).
2025-07-09 - 22:12:24 - INFO: EVAR 4Y (Net Income) (Ticker: BRO): 8.88%
2025-07-09 - 22:12:24 - INFO: CAGR 4Y (EPS) (Ticker: BRO): 18.71 %
2025-07-09 - 22:12:24 - INFO: CAGR 4Y (Net Income) (Ticker: BRO): 19.15 %
2025-07-09 - 22:12:24 - INFO: Dividend Yield (Ticker: BRO): 0.54 %
2025-07-09 - 22:12:24 - INFO: ROE (ttm) (Yahoo Finance) (Ticker: BRO): 16.52 %
2025-07-09 - 22:12:24 - INFO: ---------------------- X ----------------------
2025-07-09 - 22:12:24 - INFO: P/E (Forward) (Ticker: X): 17.98
2025-07-09 - 22:12:24 - INFO: P/E (Trailing) (Ticker: X): 148.22
2025-07-09 - 22:12:24 - INFO: CFOA (annual) (Ticker: PPL): 5.7 %
2025-07-09 - 22:12:24 - INFO: Fetched Earnings data (EPS) for 4 years period (Ticker: ESLT).
2025-07-09 - 22:12:24 - INFO: EPS (latest) (Ticker: ESLT): 7.22
2025-07-09 - 22:12:24 - INFO: Fetched Earnings data (Net Income) for 4 years period (Ticker: ESLT).
2025-07-09 - 22:12:24 - INFO: Calculating Earnings Variability (EVAR) using EPS over 3 year period (Ticker: ESLT).
2025-07-09 - 22:12:24 - INFO: EVAR 4Y (EPS) (Ticker: ESLT): 36.23%
2025-07-09 - 22:12:24 - INFO: Calculating Earnings Variability (EVAR) using Net Income over 3 year period (Ticker: ESLT).
2025-07-09 - 22:12:24 - INFO: EVAR 4Y (Net Income) (Ticker: ESLT): 36.4%
2025-07-09 - 22:12:24 - INFO: CAGR 4Y (EPS) (Ticker: ESLT): 5.15 %
2025-07-09 - 22:12:24 - INFO: CAGR 4Y (Net Income) (Ticker: ESLT): 5.39 %
2025-07-09 - 22:12:24 - INFO: Dividend Yield (Ticker: ESLT): 0.53 %
2025-07-09 - 22:12:24 - INFO: ROE (ttm) (Yahoo Finance) (Ticker: ESLT): 11.25 %
2025-07-09 - 22:12:24 - INFO: ROE - Calc (Ticker: BRO): 16.38 %
2025-07-09 - 22:12:24 - INFO: ROE - MSCI (Ticker: BRO): 17.51 %
2025-07-09 - 22:12:24 - INFO: ROA (ttm) (Yahoo Finance) (Ticker: BRO): 5.68 %
2025-07-09 - 22:12:24 - INFO: ROA - Calc (Ticker: BRO): 5.64 %
2025-07-09 - 22:12:24 - INFO: CFOA (ttm) (Ticker: PPL): 6.3 %
2025-07-09 - 22:12:24 - INFO: GPOA (Ticker: PPL): 8.26 %
2025-07-09 - 22:12:24 - INFO: ---------------------- NXT ----------------------
2025-07-09 - 22:12:24 - INFO: GPMAR (Ticker: PPL): 40.1 %
2025-07-09 - 22:12:24 - INFO: P/E (Forward) (Ticker: NXT): 18.91
2025-07-09 - 22:12:24 - INFO: ---------------------- LYV ----------------------
2025-07-09 - 22:12:24 - INFO: Profit Margin (Ticker: PPL): 11.49 %
2025-07-09 - 22:12:24 - INFO: P/E (Trailing) (Ticker: NXT): 18.42
2025-07-09 - 22:12:24 - INFO: P/E (Forward) (Ticker: LYV): 59.35
2025-07-09 - 22:12:24 - INFO: Sector: Utilities
2025-07-09 - 22:12:24 - INFO: P/E (Trailing) (Ticker: LYV): 48.69
2025-07-09 - 22:12:24 - INFO: Industry: Utilities - Regulated Electric
2025-07-09 - 22:12:24 - INFO: CFOA (annual) (Ticker: BRO): 6.67 %
2025-07-09 - 22:12:24 - INFO: EBIT/TEV (Ticker: X): -0.77 %
2025-07-09 - 22:12:24 - INFO: P/B (Ticker: X): 1.1
2025-07-09 - 22:12:24 - INFO: ROE - Calc (Ticker: ESLT): 11.23 %
2025-07-09 - 22:12:24 - INFO: ROE - MSCI (Ticker: ESLT): 11.17 %
2025-07-09 - 22:12:24 - INFO: ROA (ttm) (Yahoo Finance) (Ticker: ESLT): 3.21 %
2025-07-09 - 22:12:24 - INFO: ROA - Calc (Ticker: ESLT): 2.93 %
2025-07-09 - 22:12:25 - INFO: ---------------------- MKL ----------------------
2025-07-09 - 22:12:25 - INFO: P/E (Forward) (Ticker: MKL): 20.32
2025-07-09 - 22:12:25 - INFO: P/E (Trailing) (Ticker: MKL): 14.71
2025-07-09 - 22:12:25 - INFO: CFOA (ttm) (Ticker: BRO): 8.1 %
2025-07-09 - 22:12:25 - INFO: GPOA (Ticker: BRO): 13.05 %
2025-07-09 - 22:12:25 - INFO: GPMAR (Ticker: BRO): 48.86 %
2025-07-09 - 22:12:25 - INFO: Profit Margin (Ticker: BRO): 21.21 %
2025-07-09 - 22:12:25 - INFO: Sector: Financial Services
2025-07-09 - 22:12:25 - INFO: Fetched Earnings data (EPS) for 4 years period (Ticker: X).
2025-07-09 - 22:12:25 - INFO: Industry: Insurance Brokers
2025-07-09 - 22:12:25 - INFO: EPS (latest) (Ticker: X): 3.98
2025-07-09 - 22:12:25 - INFO: Fetched Earnings data (Net Income) for 4 years period (Ticker: X).
2025-07-09 - 22:12:25 - INFO: Calculating Earnings Variability (EVAR) using EPS over 3 year period (Ticker: X).
2025-07-09 - 22:12:25 - INFO: EVAR 4Y (EPS) (Ticker: X): 239.67%
2025-07-09 - 22:12:25 - INFO: Calculating Earnings Variability (EVAR) using Net Income over 3 year period (Ticker: X).
2025-07-09 - 22:12:25 - INFO: EVAR 4Y (Net Income) (Ticker: X): 12.84%
2025-07-09 - 22:12:25 - INFO: CAGR 4Y (EPS) (Ticker: X): 38.77 %
2025-07-09 - 22:12:25 - INFO: CAGR 4Y (Net Income) (Ticker: X): -54.86 %
2025-07-09 - 22:12:25 - INFO: Dividend Yield (Ticker: X): 0.0 %
2025-07-09 - 22:12:25 - INFO: ROE (ttm) (Yahoo Finance) (Ticker: X): 0.86 %
2025-07-09 - 22:12:25 - INFO: CFOA (annual) (Ticker: ESLT): 4.87 %
2025-07-09 - 22:12:25 - INFO: EBIT/TEV (Ticker: NXT): 7.16 %
2025-07-09 - 22:12:25 - INFO: P/B (Ticker: NXT): 5.72
2025-07-09 - 22:12:25 - INFO: ROE - Calc (Ticker: X): 0.86 %
2025-07-09 - 22:12:25 - INFO: ROE - MSCI (Ticker: X): 3.49 %
2025-07-09 - 22:12:25 - INFO: ROA (ttm) (Yahoo Finance) (Ticker: X): -0.06 %
2025-07-09 - 22:12:25 - INFO: ROA - Calc (Ticker: X): 1.90 %
2025-07-09 - 22:12:25 - INFO: CFOA (ttm) (Ticker: ESLT): 6.63 %
2025-07-09 - 22:12:25 - ERROR: Invalid Stock Ticker Symbol: S63
2025-07-09 - 22:12:25 - INFO: GPOA (Ticker: ESLT): 14.96 %
2025-07-09 - 22:12:25 - INFO: EBIT/TEV (Ticker: LYV): 2.81 %
2025-07-09 - 22:12:25 - ERROR: Skipping Stock Analysis for S63.
2025-07-09 - 22:12:25 - INFO: P/B (Ticker: LYV): 308.88
2025-07-09 - 22:12:25 - INFO: GPMAR (Ticker: ESLT): 24.05 %
2025-07-09 - 22:12:25 - INFO: Profit Margin (Ticker: ESLT): 4.95 %
2025-07-09 - 22:12:25 - INFO: Sector: Industrials
2025-07-09 - 22:12:25 - INFO: Industry: Aerospace & Defense
2025-07-09 - 22:12:25 - INFO: Fetched Earnings data (EPS) for 4 years period (Ticker: NXT).
2025-07-09 - 22:12:25 - INFO: EPS (latest) (Ticker: NXT): 3.97
2025-07-09 - 22:12:25 - ERROR: Unhandled error analyzing stock (Ticker: NXT)
2025-07-09 - 22:12:25 - ERROR: Error calculating Earnings Growth for NXT: float division by zero
Traceback (most recent call last):
  File "EarningsEngine.py", line 488, in calc_earnings_growth
ZeroDivisionError: float division by zero

The above exception was the direct cause of the following exception:

Traceback (most recent call last):
  File "StockFactorScreener.py", line 452, in analyze_stock
  File "EarningsEngine.py", line 495, in calc_earnings_growth
EarningsEngine.EarningsGrowthCalcError: Error calculating Earnings Growth for NXT: float division by zero
2025-07-09 - 22:12:25 - INFO: EBIT/TEV (Ticker: MKL): 12.84 %
2025-07-09 - 22:12:25 - INFO: P/B (Ticker: MKL): 1.53
2025-07-09 - 22:12:25 - INFO: Fetched Earnings data (EPS) for 4 years period (Ticker: LYV).
2025-07-09 - 22:12:25 - INFO: EPS (latest) (Ticker: LYV): 2.77
2025-07-09 - 22:12:25 - INFO: CFOA (annual) (Ticker: X): 4.54 %
2025-07-09 - 22:12:25 - INFO: Fetched Earnings data (Net Income) for 4 years period (Ticker: LYV).
2025-07-09 - 22:12:25 - INFO: Calculating Earnings Variability (EVAR) using EPS over 3 year period (Ticker: LYV).
2025-07-09 - 22:12:25 - INFO: EVAR 4Y (EPS) (Ticker: LYV): 9.53%
2025-07-09 - 22:12:25 - INFO: Calculating Earnings Variability (EVAR) using Net Income over 3 year period (Ticker: LYV).
2025-07-09 - 22:12:25 - INFO: EVAR 4Y (Net Income) (Ticker: LYV): 40.27%
2025-07-09 - 22:12:25 - INFO: CAGR 4Y (EPS) (Ticker: LYV): 42.55 %
2025-07-09 - 22:12:25 - INFO: CAGR 4Y (Net Income) (Ticker: LYV): 50.03 %
2025-07-09 - 22:12:25 - INFO: Dividend Yield (Ticker: LYV): N/A
2025-07-09 - 22:12:25 - INFO: ROE (ttm) (Yahoo Finance) (Ticker: LYV): 68.51 %
2025-07-09 - 22:12:26 - ERROR: Invalid Stock Ticker Symbol: KPN
2025-07-09 - 22:12:26 - ERROR: Skipping Stock Analysis for KPN.
2025-07-09 - 22:12:26 - INFO: Fetched Earnings data (EPS) for 4 years period (Ticker: MKL).
2025-07-09 - 22:12:26 - INFO: EPS (latest) (Ticker: MKL): 199.69
2025-07-09 - 22:12:26 - INFO: Fetched Earnings data (Net Income) for 4 years period (Ticker: MKL).
2025-07-09 - 22:12:26 - INFO: Calculating Earnings Variability (EVAR) using EPS over 3 year period (Ticker: MKL).
2025-07-09 - 22:12:26 - INFO: EVAR 4Y (EPS) (Ticker: MKL): 447.29%
2025-07-09 - 22:12:26 - INFO: Calculating Earnings Variability (EVAR) using Net Income over 3 year period (Ticker: MKL).
2025-07-09 - 22:12:26 - INFO: EVAR 4Y (Net Income) (Ticker: MKL): 615.54%
2025-07-09 - 22:12:26 - INFO: CAGR 4Y (EPS) (Ticker: MKL): 4.12 %
2025-07-09 - 22:12:26 - INFO: CAGR 4Y (Net Income) (Ticker: MKL): 4.27 %
2025-07-09 - 22:12:26 - INFO: Dividend Yield (Ticker: MKL): N/A
2025-07-09 - 22:12:26 - INFO: ROE (ttm) (Yahoo Finance) (Ticker: MKL): 11.32 %
2025-07-09 - 22:12:26 - INFO: ROE - Calc (Ticker: LYV): -22042.89 %
2025-07-09 - 22:12:26 - INFO: ROE - MSCI (Ticker: LYV): -23.45 %
2025-07-09 - 22:12:26 - INFO: ROA (ttm) (Yahoo Finance) (Ticker: LYV): 4.18 %
2025-07-09 - 22:12:26 - INFO: ROA - Calc (Ticker: LYV): 4.56 %
2025-07-09 - 22:12:26 - INFO: CFOA (ttm) (Ticker: X): 2.82 %
2025-07-09 - 22:12:26 - INFO: GPOA (Ticker: X): 7.81 %
2025-07-09 - 22:12:26 - ERROR: Invalid Stock Ticker Symbol: 6201
2025-07-09 - 22:12:26 - INFO: GPMAR (Ticker: X): 10.1 %
2025-07-09 - 22:12:26 - ERROR: Skipping Stock Analysis for 6201.
2025-07-09 - 22:12:26 - INFO: Profit Margin (Ticker: X): 0.64 %
2025-07-09 - 22:12:26 - INFO: Sector: Basic Materials
2025-07-09 - 22:12:26 - INFO: Industry: Steel
2025-07-09 - 22:12:26 - INFO: ROE - Calc (Ticker: MKL): 11.21 %
2025-07-09 - 22:12:26 - INFO: ROE - MSCI (Ticker: MKL): 10.42 %
2025-07-09 - 22:12:26 - INFO: ROA (ttm) (Yahoo Finance) (Ticker: MKL): 2.73 %
2025-07-09 - 22:12:26 - INFO: ROA - Calc (Ticker: MKL): 4.44 %
2025-07-09 - 22:12:26 - INFO: CFOA (annual) (Ticker: LYV): 8.78 %
2025-07-09 - 22:12:26 - INFO: ---------------------- BAM ----------------------
2025-07-09 - 22:12:26 - INFO: P/E (Forward) (Ticker: BAM): 32.47
2025-07-09 - 22:12:26 - INFO: P/E (Trailing) (Ticker: BAM): 41.07
2025-07-09 - 22:12:27 - INFO: CFOA (annual) (Ticker: MKL): 4.19 %
2025-07-09 - 22:12:27 - INFO: ---------------------- AMRZ ----------------------
2025-07-09 - 22:12:27 - INFO: P/E (Forward) (Ticker: AMRZ): 17.11
2025-07-09 - 22:12:27 - INFO: CFOA (ttm) (Ticker: LYV): 10.08 %
2025-07-09 - 22:12:27 - INFO: P/E (Trailing) (Ticker: AMRZ): 20.12
2025-07-09 - 22:12:27 - INFO: GPOA (Ticker: LYV): 29.67 %
2025-07-09 - 22:12:27 - INFO: GPMAR (Ticker: LYV): 25.17 %
2025-07-09 - 22:12:27 - INFO: Profit Margin (Ticker: LYV): 4.28 %
2025-07-09 - 22:12:27 - INFO: Sector: Communication Services
2025-07-09 - 22:12:27 - INFO: Industry: Entertainment
2025-07-09 - 22:12:27 - ERROR: Invalid Stock Ticker Symbol: 8267
2025-07-09 - 22:12:27 - ERROR: Skipping Stock Analysis for 8267.
2025-07-09 - 22:12:27 - ERROR: Invalid Stock Ticker Symbol: AV.
2025-07-09 - 22:12:27 - ERROR: Skipping Stock Analysis for AV..
2025-07-09 - 22:12:27 - INFO: CFOA (ttm) (Ticker: MKL): 3.77 %
2025-07-09 - 22:12:27 - INFO: GPOA (Ticker: MKL): None %
2025-07-09 - 22:12:27 - INFO: GPMAR (Ticker: MKL): None %
2025-07-09 - 22:12:27 - ERROR: Error calculating GPOA and GPMAR TTM (Ticker: MKL): Cannot calculate GPOA (Ticker: MKL): 'Gross Profit' data is missing in the Income Statement.
2025-07-09 - 22:12:27 - INFO: Profit Margin (Ticker: MKL): 11.85 %
2025-07-09 - 22:12:27 - INFO: Sector: Financial Services
2025-07-09 - 22:12:27 - INFO: Industry: Insurance - Property & Casualty
2025-07-09 - 22:12:27 - ERROR: Error calculating profitability growth metrics for MKL: Cannot calculate CAGR. No Earnings Growth data available (Ticker: MKL).
2025-07-09 - 22:12:27 - ERROR: Cannot calculate CAGR. No Earnings Growth data available (Ticker: MKL).
Traceback (most recent call last):
  File "StockFactorScreener.py", line 249, in calc_profitability_growth
  File "ProfitabilityCalculator.py", line 1004, in calc_cagr
ProfitabilityCalculator.CAGRCalcError: Cannot calculate CAGR. No Earnings Growth data available (Ticker: MKL).
2025-07-09 - 22:12:27 - ERROR: Invalid Stock Ticker Symbol: SPSN
2025-07-09 - 22:12:27 - ERROR: Skipping Stock Analysis for SPSN.
2025-07-09 - 22:12:27 - INFO: EBIT/TEV (Ticker: BAM): 0.86 %
2025-07-09 - 22:12:27 - INFO: P/B (Ticker: BAM): 10.61
2025-07-09 - 22:12:27 - INFO: EBIT/TEV (Ticker: AMRZ): 2.73 %
2025-07-09 - 22:12:27 - ERROR: Invalid Stock Ticker Symbol: NOKIA
2025-07-09 - 22:12:27 - INFO: P/B (Ticker: AMRZ): 2.98
2025-07-09 - 22:12:27 - ERROR: Skipping Stock Analysis for NOKIA.
2025-07-09 - 22:12:28 - ERROR: Invalid Stock Ticker Symbol: KBC
2025-07-09 - 22:12:28 - ERROR: Skipping Stock Analysis for KBC.
2025-07-09 - 22:12:28 - INFO: ---------------------- K ----------------------
2025-07-09 - 22:12:28 - INFO: P/E (Forward) (Ticker: K): 65.99
2025-07-09 - 22:12:28 - INFO: P/E (Trailing) (Ticker: K): 19.95
2025-07-09 - 22:12:28 - INFO: Fetched Earnings data (EPS) for 4 years period (Ticker: AMRZ).
2025-07-09 - 22:12:28 - INFO: EPS (latest) (Ticker: AMRZ): 2.56
2025-07-09 - 22:12:28 - INFO: Fetched Earnings data (Net Income) for 4 years period (Ticker: AMRZ).
2025-07-09 - 22:12:28 - INFO: Calculating Earnings Variability (EVAR) using EPS over 3 year period (Ticker: AMRZ).
2025-07-09 - 22:12:28 - INFO: EVAR 4Y (EPS) (Ticker: AMRZ): 31.99%
2025-07-09 - 22:12:28 - INFO: Calculating Earnings Variability (EVAR) using Net Income over 3 year period (Ticker: AMRZ).
2025-07-09 - 22:12:28 - INFO: EVAR 4Y (Net Income) (Ticker: AMRZ): 32.17%
2025-07-09 - 22:12:28 - INFO: CAGR 4Y (EPS) (Ticker: AMRZ): 18.94 %
2025-07-09 - 22:12:28 - INFO: CAGR 4Y (Net Income) (Ticker: AMRZ): 19.05 %
2025-07-09 - 22:12:28 - INFO: Dividend Yield (Ticker: AMRZ): N/A
2025-07-09 - 22:12:28 - INFO: ROE (ttm) (Yahoo Finance) (Ticker: AMRZ): N/A
2025-07-09 - 22:12:28 - INFO: Fetched Earnings data (EPS) for 4 years period (Ticker: BAM).
2025-07-09 - 22:12:28 - INFO: EPS (latest) (Ticker: BAM): 1.31
2025-07-09 - 22:12:28 - INFO: Fetched Earnings data (Net Income) for 4 years period (Ticker: BAM).
2025-07-09 - 22:12:28 - INFO: Calculating Earnings Variability (EVAR) using EPS over 3 year period (Ticker: BAM).
2025-07-09 - 22:12:28 - INFO: EVAR 4Y (EPS) (Ticker: BAM): 50.86%
2025-07-09 - 22:12:28 - INFO: Calculating Earnings Variability (EVAR) using Net Income over 3 year period (Ticker: BAM).
2025-07-09 - 22:12:28 - INFO: EVAR 4Y (Net Income) (Ticker: BAM): 1336.85%
2025-07-09 - 22:12:28 - INFO: CAGR 4Y (EPS) (Ticker: BAM): -34.4 %
2025-07-09 - 22:12:28 - INFO: CAGR 4Y (Net Income) (Ticker: BAM): -33.85 %
2025-07-09 - 22:12:28 - INFO: Dividend Yield (Ticker: BAM): 3.17 %
2025-07-09 - 22:12:28 - INFO: ROE (ttm) (Yahoo Finance) (Ticker: BAM): 20.23 %
2025-07-09 - 22:12:28 - ERROR: Invalid Stock Ticker Symbol: BAMI
2025-07-09 - 22:12:28 - ERROR: Skipping Stock Analysis for BAMI.
2025-07-09 - 22:12:28 - INFO: ROE - Calc (Ticker: BAM): 19.05 %
2025-07-09 - 22:12:28 - INFO: ROE - MSCI (Ticker: BAM): 36.84 %
2025-07-09 - 22:12:28 - INFO: ROA (ttm) (Yahoo Finance) (Ticker: BAM): 11.38 %
2025-07-09 - 22:12:28 - INFO: ROA - Calc (Ticker: BAM): 12.33 %
2025-07-09 - 22:12:28 - INFO: ---------------------- IBKR ----------------------
2025-07-09 - 22:12:28 - INFO: P/E (Forward) (Ticker: IBKR): 8.37
2025-07-09 - 22:12:28 - INFO: P/E (Trailing) (Ticker: IBKR): 31.78
2025-07-09 - 22:12:28 - ERROR: Error calculating ROE (ttm) (Ticker: AMRZ): Cannot calculate ROE (Ticker: AMRZ): An error occurred: Cannot calculate ROE TTM (Ticker: AMRZ): Not enough Stockholders' Equity quarterly data is available. 
 Data for at least 5 quarters is required.
2025-07-09 - 22:12:28 - ERROR: Invalid Stock Ticker Symbol: 2388
2025-07-09 - 22:12:28 - ERROR: Unhandled error analyzing stock (Ticker: AMRZ)
2025-07-09 - 22:12:28 - ERROR: Skipping Stock Analysis for 2388.
2025-07-09 - 22:12:28 - ERROR: Cannot calculate Trailing EPS! Not enough EPS data for the last 4 quarters (Ticker: AMRZ).
Traceback (most recent call last):
  File "StockFactorScreener.py", line 605, in analyze_stock
  File "ProfitabilityCalculator.py", line 304, in calc_roe_msci
  File "EarningsEngine.py", line 351, in calc_eps_ttm
EarningsEngine.EPSCalcError: Cannot calculate Trailing EPS! Not enough EPS data for the last 4 quarters (Ticker: AMRZ).
2025-07-09 - 22:12:29 - INFO: EBIT/TEV (Ticker: K): 5.72 %
2025-07-09 - 22:12:29 - INFO: P/B (Ticker: K): 7.02
2025-07-09 - 22:12:29 - INFO: CFOA (annual) (Ticker: BAM): 14.3 %
2025-07-09 - 22:12:29 - INFO: Fetched Earnings data (EPS) for 4 years period (Ticker: K).
2025-07-09 - 22:12:29 - INFO: EPS (latest) (Ticker: K): 3.92
2025-07-09 - 22:12:29 - INFO: Fetched Earnings data (Net Income) for 4 years period (Ticker: K).
2025-07-09 - 22:12:29 - INFO: Calculating Earnings Variability (EVAR) using EPS over 3 year period (Ticker: K).
2025-07-09 - 22:12:29 - INFO: EVAR 4Y (EPS) (Ticker: K): 38.34%
2025-07-09 - 22:12:29 - INFO: Calculating Earnings Variability (EVAR) using Net Income over 3 year period (Ticker: K).
2025-07-09 - 22:12:29 - INFO: EVAR 4Y (Net Income) (Ticker: K): 38.41%
2025-07-09 - 22:12:29 - INFO: CAGR 4Y (EPS) (Ticker: K): -3.48 %
2025-07-09 - 22:12:29 - INFO: CAGR 4Y (Net Income) (Ticker: K): -3.36 %
2025-07-09 - 22:12:29 - INFO: Dividend Yield (Ticker: K): 2.87 %
2025-07-09 - 22:12:29 - INFO: ROE (ttm) (Yahoo Finance) (Ticker: K): 38.15 %
2025-07-09 - 22:12:29 - INFO: ---------------------- DGX ----------------------
2025-07-09 - 22:12:29 - INFO: P/E (Forward) (Ticker: DGX): 17.8
2025-07-09 - 22:12:29 - INFO: P/E (Trailing) (Ticker: DGX): 21.93
2025-07-09 - 22:12:29 - INFO: CFOA (ttm) (Ticker: BAM): 2.04 %
2025-07-09 - 22:12:29 - INFO: GPOA (Ticker: BAM): None %
2025-07-09 - 22:12:29 - INFO: GPMAR (Ticker: BAM): 23.65 %
2025-07-09 - 22:12:29 - INFO: Profit Margin (Ticker: BAM): 55.25 %
2025-07-09 - 22:12:29 - INFO: Sector: Financial Services
2025-07-09 - 22:12:29 - INFO: Industry: Asset Management
2025-07-09 - 22:12:29 - ERROR: Error calculating profitability growth metrics for BAM: Cannot calculate CAGR. No Earnings Growth data available (Ticker: BAM).
2025-07-09 - 22:12:29 - ERROR: Cannot calculate CAGR. No Earnings Growth data available (Ticker: BAM).
Traceback (most recent call last):
  File "StockFactorScreener.py", line 249, in calc_profitability_growth
  File "ProfitabilityCalculator.py", line 1004, in calc_cagr
ProfitabilityCalculator.CAGRCalcError: Cannot calculate CAGR. No Earnings Growth data available (Ticker: BAM).
2025-07-09 - 22:12:29 - INFO: EBIT/TEV (Ticker: IBKR): 8.39 %
2025-07-09 - 22:12:29 - INFO: P/B (Ticker: IBKR): 5.6
2025-07-09 - 22:12:29 - INFO: ---------------------- SCHP ----------------------
2025-07-09 - 22:12:29 - INFO: P/E (Forward) (Ticker: SCHP): N/A
2025-07-09 - 22:12:29 - INFO: P/E (Trailing) (Ticker: SCHP): N/A
2025-07-09 - 22:12:29 - INFO: ROE - Calc (Ticker: K): 39.05 %
2025-07-09 - 22:12:29 - INFO: ROE - MSCI (Ticker: K): 36.65 %
2025-07-09 - 22:12:29 - INFO: ROA (ttm) (Yahoo Finance) (Ticker: K): 8.12 %
2025-07-09 - 22:12:29 - INFO: ROA - Calc (Ticker: K): 8.59 %
2025-07-09 - 22:12:29 - INFO: Fetched Earnings data (EPS) for 4 years period (Ticker: IBKR).
2025-07-09 - 22:12:29 - INFO: EPS (latest) (Ticker: IBKR): 6.99
2025-07-09 - 22:12:29 - INFO: Fetched Earnings data (Net Income) for 4 years period (Ticker: IBKR).
2025-07-09 - 22:12:29 - INFO: Calculating Earnings Variability (EVAR) using EPS over 3 year period (Ticker: IBKR).
2025-07-09 - 22:12:29 - INFO: EVAR 4Y (EPS) (Ticker: IBKR): 19.01%
2025-07-09 - 22:12:29 - INFO: Calculating Earnings Variability (EVAR) using Net Income over 3 year period (Ticker: IBKR).
2025-07-09 - 22:12:29 - INFO: EVAR 4Y (Net Income) (Ticker: IBKR): 19.26%
2025-07-09 - 22:12:29 - INFO: CAGR 4Y (EPS) (Ticker: IBKR): 28.82 %
2025-07-09 - 22:12:29 - INFO: CAGR 4Y (Net Income) (Ticker: IBKR): 34.83 %
2025-07-09 - 22:12:29 - INFO: Dividend Yield (Ticker: IBKR): 0.58 %
2025-07-09 - 22:12:29 - INFO: ROE (ttm) (Yahoo Finance) (Ticker: IBKR): 22.25 %
2025-07-09 - 22:12:29 - INFO: ---------------------- NI ----------------------
2025-07-09 - 22:12:29 - INFO: P/E (Forward) (Ticker: NI): 21.15
2025-07-09 - 22:12:29 - INFO: P/E (Trailing) (Ticker: NI): 21.26
2025-07-09 - 22:12:29 - INFO: CFOA (annual) (Ticker: K): 11.26 %
2025-07-09 - 22:12:30 - INFO: ROE - Calc (Ticker: IBKR): 19.26 %
2025-07-09 - 22:12:30 - INFO: ROE - MSCI (Ticker: IBKR): -37.52 %
2025-07-09 - 22:12:30 - INFO: ROA (ttm) (Yahoo Finance) (Ticker: IBKR): 2.47 %
2025-07-09 - 22:12:30 - INFO: ROA - Calc (Ticker: IBKR): 0.50 %
2025-07-09 - 22:12:30 - INFO: EBIT/TEV (Ticker: DGX): 5.4 %
2025-07-09 - 22:12:30 - INFO: P/B (Ticker: DGX): 2.81
2025-07-09 - 22:12:30 - ERROR: Error while calculating EBIT/TEV ratio (Ticker: SCHP): No Income Statement (annual) data found (Ticker: SCHP). Cannot calculate EBIT/TEV ratio!
2025-07-09 - 22:12:30 - ERROR: No Income Statement (annual) data found (Ticker: SCHP). Cannot calculate EBIT/TEV ratio!
Traceback (most recent call last):
  File "ValueMetrics.py", line 540, in calc_ebit_to_tev
  File "ValueMetrics.py", line 91, in get_operating_income_ttm
ValueMetrics.OperatingIncomeError: No Income Statement (quarterly) data found (Ticker: SCHP). Cannot calculate EBIT/TEV ratio!

During handling of the above exception, another exception occurred:

Traceback (most recent call last):
  File "StockFactorScreener.py", line 217, in get_ebit_to_tev
  File "ValueMetrics.py", line 562, in calc_ebit_to_tev
  File "ValueMetrics.py", line 161, in get_operating_income_annual
ValueMetrics.OperatingIncomeError: No Income Statement (annual) data found (Ticker: SCHP). Cannot calculate EBIT/TEV ratio!
2025-07-09 - 22:12:30 - INFO: EBIT/TEV (Ticker: SCHP): N/A
2025-07-09 - 22:12:30 - INFO: P/B (Ticker: SCHP): None
2025-07-09 - 22:12:30 - ERROR: Unhandled error analyzing stock (Ticker: SCHP)
2025-07-09 - 22:12:30 - ERROR: Error fetching Earnings (SCHP): No Annual Income Statement data found on Yahoo Finance (Ticker: SCHP).
Traceback (most recent call last):
  File "EarningsEngine.py", line 151, in get_earnings
EarningsEngine.NetIncomeCalcError: No Annual Income Statement data found on Yahoo Finance (Ticker: SCHP).

The above exception was the direct cause of the following exception:

Traceback (most recent call last):
  File "StockFactorScreener.py", line 437, in analyze_stock
  File "EarningsEngine.py", line 318, in get_earnings
EarningsEngine.NetIncomeCalcError: Error fetching Earnings (SCHP): No Annual Income Statement data found on Yahoo Finance (Ticker: SCHP).
2025-07-09 - 22:12:30 - INFO: ---------------------- RBA ----------------------
2025-07-09 - 22:12:30 - INFO: P/E (Forward) (Ticker: RBA): 20.79
2025-07-09 - 22:12:30 - INFO: P/E (Trailing) (Ticker: RBA): 52.14
2025-07-09 - 22:12:30 - ERROR: Invalid Stock Ticker Symbol: LISP
2025-07-09 - 22:12:30 - ERROR: Skipping Stock Analysis for LISP.
2025-07-09 - 22:12:30 - INFO: Fetched Earnings data (EPS) for 4 years period (Ticker: DGX).
2025-07-09 - 22:12:30 - INFO: EPS (latest) (Ticker: DGX): 7.78
2025-07-09 - 22:12:30 - INFO: Fetched Earnings data (Net Income) for 4 years period (Ticker: DGX).
2025-07-09 - 22:12:30 - INFO: Calculating Earnings Variability (EVAR) using EPS over 3 year period (Ticker: DGX).
2025-07-09 - 22:12:30 - INFO: CFOA (ttm) (Ticker: K): 9.73 %
2025-07-09 - 22:12:30 - INFO: EVAR 4Y (EPS) (Ticker: DGX): 27.49%
2025-07-09 - 22:12:30 - INFO: GPOA (Ticker: K): 29.08 %
2025-07-09 - 22:12:30 - INFO: Calculating Earnings Variability (EVAR) using Net Income over 3 year period (Ticker: DGX).
2025-07-09 - 22:12:30 - INFO: CFOA (annual) (Ticker: IBKR): 5.81 %
2025-07-09 - 22:12:30 - INFO: GPMAR (Ticker: K): 35.65 %
2025-07-09 - 22:12:30 - INFO: EVAR 4Y (Net Income) (Ticker: DGX): 28.73%
2025-07-09 - 22:12:30 - INFO: Profit Margin (Ticker: K): 10.93 %
2025-07-09 - 22:12:30 - INFO: CAGR 4Y (EPS) (Ticker: DGX): -21.12 %
2025-07-09 - 22:12:30 - INFO: Sector: Consumer Defensive
2025-07-09 - 22:12:30 - INFO: CAGR 4Y (Net Income) (Ticker: DGX): -24.14 %
2025-07-09 - 22:12:30 - INFO: Industry: Packaged Foods
2025-07-09 - 22:12:30 - INFO: Dividend Yield (Ticker: DGX): 1.78 %
2025-07-09 - 22:12:30 - INFO: ROE (ttm) (Yahoo Finance) (Ticker: DGX): 13.95 %
2025-07-09 - 22:12:30 - INFO: ROE - Calc (Ticker: DGX): 13.43 %
2025-07-09 - 22:12:30 - INFO: ROE - MSCI (Ticker: DGX): 13.12 %
2025-07-09 - 22:12:30 - INFO: ROA (ttm) (Yahoo Finance) (Ticker: DGX): 6.13 %
2025-07-09 - 22:12:30 - INFO: ROA - Calc (Ticker: DGX): 5.39 %
2025-07-09 - 22:12:30 - INFO: CFOA (ttm) (Ticker: IBKR): 6.49 %
2025-07-09 - 22:12:30 - INFO: GPOA (Ticker: IBKR): 5.52 %
2025-07-09 - 22:12:30 - INFO: GPMAR (Ticker: IBKR): 89.04 %
2025-07-09 - 22:12:30 - INFO: Profit Margin (Ticker: IBKR): 14.68 %
2025-07-09 - 22:12:30 - INFO: Sector: Financial Services
2025-07-09 - 22:12:30 - INFO: Industry: Capital Markets
2025-07-09 - 22:12:30 - INFO: EBIT/TEV (Ticker: RBA): 3.3 %
2025-07-09 - 22:12:30 - INFO: P/B (Ticker: RBA): 3.71
2025-07-09 - 22:12:30 - INFO: EBIT/TEV (Ticker: NI): 4.91 %
2025-07-09 - 22:12:30 - INFO: P/B (Ticker: NI): 2.08
2025-07-09 - 22:12:30 - INFO: CFOA (annual) (Ticker: DGX): 8.26 %
2025-07-09 - 22:12:31 - INFO: Fetched Earnings data (EPS) for 4 years period (Ticker: RBA).
2025-07-09 - 22:12:31 - INFO: EPS (latest) (Ticker: RBA): 2.03
2025-07-09 - 22:12:31 - INFO: Fetched Earnings data (Net Income) for 4 years period (Ticker: RBA).
2025-07-09 - 22:12:31 - INFO: Calculating Earnings Variability (EVAR) using EPS over 3 year period (Ticker: RBA).
2025-07-09 - 22:12:31 - INFO: EVAR 4Y (EPS) (Ticker: RBA): 95.63%
2025-07-09 - 22:12:31 - INFO: Calculating Earnings Variability (EVAR) using Net Income over 3 year period (Ticker: RBA).
2025-07-09 - 22:12:31 - INFO: EVAR 4Y (Net Income) (Ticker: RBA): 81.41%
2025-07-09 - 22:12:31 - INFO: CAGR 4Y (EPS) (Ticker: RBA): 13.73 %
2025-07-09 - 22:12:31 - INFO: CAGR 4Y (Net Income) (Ticker: RBA): 39.58 %
2025-07-09 - 22:12:31 - INFO: Dividend Yield (Ticker: RBA): 1.09 %
2025-07-09 - 22:12:31 - INFO: ROE (ttm) (Yahoo Finance) (Ticker: RBA): 7.39 %
2025-07-09 - 22:12:31 - INFO: Fetched Earnings data (EPS) for 4 years period (Ticker: NI).
2025-07-09 - 22:12:31 - INFO: EPS (latest) (Ticker: NI): 1.63
2025-07-09 - 22:12:31 - INFO: Fetched Earnings data (Net Income) for 4 years period (Ticker: NI).
2025-07-09 - 22:12:31 - INFO: Calculating Earnings Variability (EVAR) using EPS over 3 year period (Ticker: NI).
2025-07-09 - 22:12:31 - INFO: EVAR 4Y (EPS) (Ticker: NI): 25.46%
2025-07-09 - 22:12:31 - INFO: Calculating Earnings Variability (EVAR) using Net Income over 3 year period (Ticker: NI).
2025-07-09 - 22:12:31 - INFO: EVAR 4Y (Net Income) (Ticker: NI): 24.63%
2025-07-09 - 22:12:31 - INFO: CAGR 4Y (EPS) (Ticker: NI): 6.48 %
2025-07-09 - 22:12:31 - INFO: CAGR 4Y (Net Income) (Ticker: NI): 9.14 %
2025-07-09 - 22:12:31 - INFO: Dividend Yield (Ticker: NI): 2.78 %
2025-07-09 - 22:12:31 - INFO: ROE (ttm) (Yahoo Finance) (Ticker: NI): 9.36 %
2025-07-09 - 22:12:31 - INFO: ROE - Calc (Ticker: RBA): 7.41 %
2025-07-09 - 22:12:31 - INFO: ROE - MSCI (Ticker: RBA): 6.6 %
2025-07-09 - 22:12:31 - ERROR: Invalid Stock Ticker Symbol: HNR1
2025-07-09 - 22:12:31 - INFO: ROA (ttm) (Yahoo Finance) (Ticker: RBA): 4.02 %
2025-07-09 - 22:12:31 - ERROR: Skipping Stock Analysis for HNR1.
2025-07-09 - 22:12:31 - INFO: CFOA (ttm) (Ticker: DGX): 9.65 %
2025-07-09 - 22:12:31 - INFO: ROA - Calc (Ticker: RBA): 3.50 %
2025-07-09 - 22:12:31 - ERROR: Invalid Stock Ticker Symbol: BT.A
2025-07-09 - 22:12:31 - INFO: GPOA (Ticker: DGX): 20.08 %
2025-07-09 - 22:12:31 - ERROR: Skipping Stock Analysis for BT.A.
2025-07-09 - 22:12:31 - INFO: GPMAR (Ticker: DGX): 32.86 %
2025-07-09 - 22:12:31 - INFO: Profit Margin (Ticker: DGX): 8.83 %
2025-07-09 - 22:12:31 - INFO: Sector: Healthcare
2025-07-09 - 22:12:31 - INFO: Industry: Diagnostics & Research
2025-07-09 - 22:12:31 - INFO: ROE - Calc (Ticker: NI): 10.36 %
2025-07-09 - 22:12:31 - INFO: ROE - MSCI (Ticker: NI): 14.85 %
2025-07-09 - 22:12:31 - INFO: ROA (ttm) (Yahoo Finance) (Ticker: NI): 3.25 %
2025-07-09 - 22:12:31 - INFO: ROA - Calc (Ticker: NI): 2.39 %
2025-07-09 - 22:12:31 - INFO: CFOA (annual) (Ticker: RBA): 7.89 %
2025-07-09 - 22:12:32 - ERROR: Invalid Stock Ticker Symbol: CCH
2025-07-09 - 22:12:32 - ERROR: Skipping Stock Analysis for CCH.
2025-07-09 - 22:12:32 - INFO: ---------------------- NTRA ----------------------
2025-07-09 - 22:12:32 - INFO: P/E (Forward) (Ticker: NTRA): -133.68
2025-07-09 - 22:12:32 - INFO: P/E (Trailing) (Ticker: NTRA): N/A
2025-07-09 - 22:12:32 - INFO: CFOA (annual) (Ticker: NI): 5.6 %
2025-07-09 - 22:12:32 - INFO: CFOA (ttm) (Ticker: RBA): 8.08 %
2025-07-09 - 22:12:32 - INFO: GPOA (Ticker: RBA): 16.98 %
2025-07-09 - 22:12:32 - INFO: GPMAR (Ticker: RBA): 46.79 %
2025-07-09 - 22:12:32 - INFO: Profit Margin (Ticker: RBA): 9.68 %
2025-07-09 - 22:12:32 - INFO: Sector: Industrials
2025-07-09 - 22:12:32 - INFO: Industry: Specialty Business Services
2025-07-09 - 22:12:32 - INFO: ---------------------- SAB ----------------------
2025-07-09 - 22:12:32 - INFO: P/E (Forward) (Ticker: SAB): N/A
2025-07-09 - 22:12:32 - INFO: P/E (Trailing) (Ticker: SAB): 8.73
2025-07-09 - 22:12:32 - INFO: CFOA (ttm) (Ticker: NI): 6.41 %
2025-07-09 - 22:12:32 - INFO: GPOA (Ticker: NI): 8.83 %
2025-07-09 - 22:12:32 - INFO: GPMAR (Ticker: NI): 51.47 %
2025-07-09 - 22:12:32 - ERROR: Invalid Stock Ticker Symbol: ACS
2025-07-09 - 22:12:32 - INFO: Profit Margin (Ticker: NI): 14.67 %
2025-07-09 - 22:12:32 - ERROR: Skipping Stock Analysis for ACS.
2025-07-09 - 22:12:32 - INFO: Sector: Utilities
2025-07-09 - 22:12:32 - INFO: Industry: Utilities - Regulated Gas
2025-07-09 - 22:12:32 - INFO: EBIT/TEV (Ticker: NTRA): -1.07 %
2025-07-09 - 22:12:32 - INFO: P/B (Ticker: NTRA): 17.74
2025-07-09 - 22:12:33 - ERROR: Error while calculating EBIT/TEV ratio (Ticker: SAB): No Income Statement (annual) data found (Ticker: SAB). Cannot calculate EBIT/TEV ratio!
2025-07-09 - 22:12:33 - ERROR: No Income Statement (annual) data found (Ticker: SAB). Cannot calculate EBIT/TEV ratio!
Traceback (most recent call last):
  File "ValueMetrics.py", line 540, in calc_ebit_to_tev
  File "ValueMetrics.py", line 91, in get_operating_income_ttm
ValueMetrics.OperatingIncomeError: No Income Statement (quarterly) data found (Ticker: SAB). Cannot calculate EBIT/TEV ratio!

During handling of the above exception, another exception occurred:

Traceback (most recent call last):
  File "StockFactorScreener.py", line 217, in get_ebit_to_tev
  File "ValueMetrics.py", line 562, in calc_ebit_to_tev
  File "ValueMetrics.py", line 161, in get_operating_income_annual
ValueMetrics.OperatingIncomeError: No Income Statement (annual) data found (Ticker: SAB). Cannot calculate EBIT/TEV ratio!
2025-07-09 - 22:12:33 - INFO: EBIT/TEV (Ticker: SAB): N/A
2025-07-09 - 22:12:33 - INFO: P/B (Ticker: SAB): 1.12
2025-07-09 - 22:12:33 - ERROR: Unhandled error analyzing stock (Ticker: SAB)
2025-07-09 - 22:12:33 - ERROR: Error fetching Earnings (SAB): No Annual Income Statement data found on Yahoo Finance (Ticker: SAB).
Traceback (most recent call last):
  File "EarningsEngine.py", line 151, in get_earnings
EarningsEngine.NetIncomeCalcError: No Annual Income Statement data found on Yahoo Finance (Ticker: SAB).

The above exception was the direct cause of the following exception:

Traceback (most recent call last):
  File "StockFactorScreener.py", line 437, in analyze_stock
  File "EarningsEngine.py", line 318, in get_earnings
EarningsEngine.NetIncomeCalcError: Error fetching Earnings (SAB): No Annual Income Statement data found on Yahoo Finance (Ticker: SAB).
2025-07-09 - 22:12:33 - INFO: Fetched Earnings data (EPS) for 4 years period (Ticker: NTRA).
2025-07-09 - 22:12:33 - INFO: EPS (latest) (Ticker: NTRA): -3.78
2025-07-09 - 22:12:33 - INFO: Fetched Earnings data (Net Income) for 4 years period (Ticker: NTRA).
2025-07-09 - 22:12:33 - INFO: Calculating Earnings Variability (EVAR) using EPS over 3 year period (Ticker: NTRA).
2025-07-09 - 22:12:33 - INFO: EVAR 4Y (EPS) (Ticker: NTRA): 58.8%
2025-07-09 - 22:12:33 - INFO: Calculating Earnings Variability (EVAR) using Net Income over 3 year period (Ticker: NTRA).
2025-07-09 - 22:12:33 - INFO: EVAR 4Y (Net Income) (Ticker: NTRA): 36.17%
2025-07-09 - 22:12:33 - INFO: CAGR 4Y (EPS) (Ticker: NTRA): -10.0 %
2025-07-09 - 22:12:33 - INFO: CAGR 4Y (Net Income) (Ticker: NTRA): 16.87 %
2025-07-09 - 22:12:33 - INFO: Dividend Yield (Ticker: NTRA): N/A
2025-07-09 - 22:12:33 - INFO: ROE (ttm) (Yahoo Finance) (Ticker: NTRA): -18.66 %
2025-07-09 - 22:12:33 - INFO: ---------------------- NN ----------------------
2025-07-09 - 22:12:33 - INFO: P/E (Forward) (Ticker: NN): -31.45
2025-07-09 - 22:12:33 - INFO: P/E (Trailing) (Ticker: NN): N/A
2025-07-09 - 22:12:33 - INFO: ROE - Calc (Ticker: NTRA): -18.66 %
2025-07-09 - 22:12:33 - ERROR: Invalid Stock Ticker Symbol: AENA
2025-07-09 - 22:12:33 - ERROR: Skipping Stock Analysis for AENA.
2025-07-09 - 22:12:33 - INFO: ROE - MSCI (Ticker: NTRA): -17.84 %
2025-07-09 - 22:12:33 - INFO: ROA (ttm) (Yahoo Finance) (Ticker: NTRA): -8.87 %
2025-07-09 - 22:12:33 - INFO: ROA - Calc (Ticker: NTRA): -11.47 %
2025-07-09 - 22:12:33 - INFO: ---------------------- FOXA ----------------------
2025-07-09 - 22:12:33 - INFO: P/E (Forward) (Ticker: FOXA): 14.8
2025-07-09 - 22:12:33 - INFO: P/E (Trailing) (Ticker: FOXA): 13.67
2025-07-09 - 22:12:33 - INFO: EBIT/TEV (Ticker: NN): -2.81 %
2025-07-09 - 22:12:33 - INFO: P/B (Ticker: NN): 320.8
2025-07-09 - 22:12:33 - INFO: Fetched Earnings data (EPS) for 4 years period (Ticker: NN).
2025-07-09 - 22:12:33 - INFO: EPS (latest) (Ticker: NN): -0.84
2025-07-09 - 22:12:33 - INFO: Fetched Earnings data (Net Income) for 4 years period (Ticker: NN).
2025-07-09 - 22:12:33 - INFO: Calculating Earnings Variability (EVAR) using EPS over 3 year period (Ticker: NN).
2025-07-09 - 22:12:33 - INFO: EVAR 4Y (EPS) (Ticker: NN): 83.11%
2025-07-09 - 22:12:33 - INFO: Calculating Earnings Variability (EVAR) using Net Income over 3 year period (Ticker: NN).
2025-07-09 - 22:12:33 - INFO: EVAR 4Y (Net Income) (Ticker: NN): 78.79%
2025-07-09 - 22:12:33 - INFO: CAGR 4Y (EPS) (Ticker: NN): 23.31 %
2025-07-09 - 22:12:33 - INFO: CAGR 4Y (Net Income) (Ticker: NN): 9.02 %
2025-07-09 - 22:12:33 - INFO: Dividend Yield (Ticker: NN): N/A
2025-07-09 - 22:12:33 - INFO: ROE (ttm) (Yahoo Finance) (Ticker: NN): -403.65 %
2025-07-09 - 22:12:34 - INFO: CFOA (annual) (Ticker: NTRA): 8.17 %
2025-07-09 - 22:12:34 - INFO: ---------------------- FFIV ----------------------
2025-07-09 - 22:12:34 - INFO: P/E (Forward) (Ticker: FFIV): 19.63
2025-07-09 - 22:12:34 - INFO: P/E (Trailing) (Ticker: FFIV): 28.73
2025-07-09 - 22:12:34 - INFO: EBIT/TEV (Ticker: FOXA): 11.33 %
2025-07-09 - 22:12:34 - INFO: P/B (Ticker: FOXA): 2.16
2025-07-09 - 22:12:34 - INFO: ROE - Calc (Ticker: NN): -412.45 %
2025-07-09 - 22:12:34 - INFO: ROE - MSCI (Ticker: NN): -2114.97 %
2025-07-09 - 22:12:34 - INFO: ROA (ttm) (Yahoo Finance) (Ticker: NN): -17.55 %
2025-07-09 - 22:12:34 - INFO: ROA - Calc (Ticker: NN): -62.99 %
2025-07-09 - 22:12:34 - INFO: ---------------------- AER ----------------------
2025-07-09 - 22:12:34 - INFO: P/E (Forward) (Ticker: AER): 9.31
2025-07-09 - 22:12:34 - INFO: P/E (Trailing) (Ticker: AER): 10.13
2025-07-09 - 22:12:34 - INFO: Fetched Earnings data (EPS) for 4 years period (Ticker: FOXA).
2025-07-09 - 22:12:34 - INFO: EPS (latest) (Ticker: FOXA): 3.14
2025-07-09 - 22:12:34 - INFO: Fetched Earnings data (Net Income) for 4 years period (Ticker: FOXA).
2025-07-09 - 22:12:34 - INFO: Calculating Earnings Variability (EVAR) using EPS over 3 year period (Ticker: FOXA).
2025-07-09 - 22:12:34 - INFO: EVAR 4Y (EPS) (Ticker: FOXA): 38.98%
2025-07-09 - 22:12:34 - INFO: Calculating Earnings Variability (EVAR) using Net Income over 3 year period (Ticker: FOXA).
2025-07-09 - 22:12:34 - INFO: EVAR 4Y (Net Income) (Ticker: FOXA): 33.57%
2025-07-09 - 22:12:34 - INFO: CAGR 4Y (EPS) (Ticker: FOXA): -4.54 %
2025-07-09 - 22:12:34 - INFO: CAGR 4Y (Net Income) (Ticker: FOXA): -11.29 %
2025-07-09 - 22:12:34 - INFO: Dividend Yield (Ticker: FOXA): 0.96 %
2025-07-09 - 22:12:34 - INFO: ROE (ttm) (Yahoo Finance) (Ticker: FOXA): 16.62 %
2025-07-09 - 22:12:34 - INFO: CFOA (ttm) (Ticker: NTRA): 9.42 %
2025-07-09 - 22:12:34 - INFO: CFOA (annual) (Ticker: NN): -23.5 %
2025-07-09 - 22:12:34 - INFO: GPOA (Ticker: NTRA): 61.61 %
2025-07-09 - 22:12:34 - INFO: GPMAR (Ticker: NTRA): 60.3 %
2025-07-09 - 22:12:34 - INFO: Profit Margin (Ticker: NTRA): -10.36 %
2025-07-09 - 22:12:34 - INFO: Sector: Healthcare
2025-07-09 - 22:12:34 - INFO: Industry: Diagnostics & Research
2025-07-09 - 22:12:34 - ERROR: Invalid Stock Ticker Symbol: 7936
2025-07-09 - 22:12:34 - ERROR: Skipping Stock Analysis for 7936.
2025-07-09 - 22:12:34 - INFO: ---------------------- CYBR ----------------------
2025-07-09 - 22:12:34 - INFO: P/E (Forward) (Ticker: CYBR): 119.56
2025-07-09 - 22:12:34 - INFO: P/E (Trailing) (Ticker: CYBR): N/A
2025-07-09 - 22:12:34 - INFO: CFOA (ttm) (Ticker: NN): -22.32 %
2025-07-09 - 22:12:34 - INFO: GPOA (Ticker: NN): -3.16 %
2025-07-09 - 22:12:34 - INFO: GPMAR (Ticker: NN): -90.1 %
2025-07-09 - 22:12:34 - INFO: Profit Margin (Ticker: NN): 0.0 %
2025-07-09 - 22:12:34 - INFO: Sector: Technology
2025-07-09 - 22:12:34 - INFO: Industry: Software - Infrastructure
2025-07-09 - 22:12:35 - INFO: EBIT/TEV (Ticker: FFIV): 4.46 %
2025-07-09 - 22:12:35 - INFO: P/B (Ticker: FFIV): 5.28
2025-07-09 - 22:12:35 - INFO: EBIT/TEV (Ticker: AER): 3.37 %
2025-07-09 - 22:12:35 - INFO: P/B (Ticker: AER): 1.17
2025-07-09 - 22:12:35 - INFO: ROE - Calc (Ticker: FOXA): 16.89 %
2025-07-09 - 22:12:35 - INFO: ROE - MSCI (Ticker: FOXA): 7.75 %
2025-07-09 - 22:12:35 - INFO: ROA (ttm) (Yahoo Finance) (Ticker: FOXA): 8.4 %
2025-07-09 - 22:12:35 - INFO: ROA - Calc (Ticker: FOXA): 6.83 %
2025-07-09 - 22:12:35 - INFO: Fetched Earnings data (EPS) for 4 years period (Ticker: FFIV).
2025-07-09 - 22:12:35 - INFO: EPS (latest) (Ticker: FFIV): 9.65
2025-07-09 - 22:12:35 - INFO: Fetched Earnings data (Net Income) for 4 years period (Ticker: FFIV).
2025-07-09 - 22:12:35 - INFO: Calculating Earnings Variability (EVAR) using EPS over 3 year period (Ticker: FFIV).
2025-07-09 - 22:12:35 - INFO: EVAR 4Y (EPS) (Ticker: FFIV): 24.33%
2025-07-09 - 22:12:35 - INFO: Calculating Earnings Variability (EVAR) using Net Income over 3 year period (Ticker: FFIV).
2025-07-09 - 22:12:35 - INFO: EVAR 4Y (Net Income) (Ticker: FFIV): 23.16%
2025-07-09 - 22:12:35 - INFO: CAGR 4Y (EPS) (Ticker: FFIV): 20.91 %
2025-07-09 - 22:12:35 - INFO: CAGR 4Y (Net Income) (Ticker: FFIV): 19.61 %
2025-07-09 - 22:12:35 - INFO: Dividend Yield (Ticker: FFIV): N/A
2025-07-09 - 22:12:35 - INFO: ROE (ttm) (Yahoo Finance) (Ticker: FFIV): 19.89 %
2025-07-09 - 22:12:35 - INFO: Fetched Earnings data (EPS) for 4 years period (Ticker: AER).
2025-07-09 - 22:12:35 - INFO: EPS (latest) (Ticker: AER): 11.06
2025-07-09 - 22:12:35 - INFO: CFOA (annual) (Ticker: FOXA): 8.37 %
2025-07-09 - 22:12:35 - INFO: Fetched Earnings data (Net Income) for 4 years period (Ticker: AER).
2025-07-09 - 22:12:35 - INFO: Calculating Earnings Variability (EVAR) using EPS over 3 year period (Ticker: AER).
2025-07-09 - 22:12:35 - INFO: EVAR 4Y (EPS) (Ticker: AER): 377.93%
2025-07-09 - 22:12:35 - INFO: Calculating Earnings Variability (EVAR) using Net Income over 3 year period (Ticker: AER).
2025-07-09 - 22:12:35 - INFO: EVAR 4Y (Net Income) (Ticker: AER): 373.06%
2025-07-09 - 22:12:35 - INFO: CAGR 4Y (EPS) (Ticker: AER): 17.43 %
2025-07-09 - 22:12:35 - INFO: CAGR 4Y (Net Income) (Ticker: AER): 28.01 %
2025-07-09 - 22:12:35 - INFO: Dividend Yield (Ticker: AER): 0.92 %
2025-07-09 - 22:12:35 - INFO: ROE (ttm) (Yahoo Finance) (Ticker: AER): 12.52 %
2025-07-09 - 22:12:35 - ERROR: Invalid Stock Ticker Symbol: 1925
2025-07-09 - 22:12:35 - ERROR: Skipping Stock Analysis for 1925.
2025-07-09 - 22:12:35 - INFO: EBIT/TEV (Ticker: CYBR): -0.44 %
2025-07-09 - 22:12:35 - INFO: P/B (Ticker: CYBR): 8.31
2025-07-09 - 22:12:35 - INFO: CFOA (ttm) (Ticker: FOXA): 11.93 %
2025-07-09 - 22:12:35 - INFO: ROE - Calc (Ticker: AER): 12.52 %
2025-07-09 - 22:12:35 - ERROR: Unhandled error analyzing stock (Ticker: AER)
2025-07-09 - 22:12:35 - ERROR: Cannot calculate Trailing EPS! Not enough EPS data for the last 4 quarters (Ticker: AER).
Traceback (most recent call last):
  File "StockFactorScreener.py", line 605, in analyze_stock
  File "ProfitabilityCalculator.py", line 304, in calc_roe_msci
  File "EarningsEngine.py", line 351, in calc_eps_ttm
EarningsEngine.EPSCalcError: Cannot calculate Trailing EPS! Not enough EPS data for the last 4 quarters (Ticker: AER).
2025-07-09 - 22:12:35 - INFO: ROE - Calc (Ticker: FFIV): 19.89 %
2025-07-09 - 22:12:35 - INFO: ROE - MSCI (Ticker: FFIV): 18.46 %
2025-07-09 - 22:12:35 - INFO: ROA (ttm) (Yahoo Finance) (Ticker: FFIV): 8.08 %
2025-07-09 - 22:12:35 - INFO: ROA - Calc (Ticker: FFIV): 10.10 %
2025-07-09 - 22:12:35 - INFO: Fetched Earnings data (EPS) for 4 years period (Ticker: CYBR).
2025-07-09 - 22:12:35 - INFO: EPS (latest) (Ticker: CYBR): -1.6
2025-07-09 - 22:12:35 - INFO: Fetched Earnings data (Net Income) for 4 years period (Ticker: CYBR).
2025-07-09 - 22:12:35 - INFO: Calculating Earnings Variability (EVAR) using EPS over 3 year period (Ticker: CYBR).
2025-07-09 - 22:12:35 - INFO: EVAR 4Y (EPS) (Ticker: CYBR): 759.59%
2025-07-09 - 22:12:35 - INFO: Calculating Earnings Variability (EVAR) using Net Income over 3 year period (Ticker: CYBR).
2025-07-09 - 22:12:35 - INFO: EVAR 4Y (Net Income) (Ticker: CYBR): 56.43%
2025-07-09 - 22:12:35 - INFO: CAGR 4Y (EPS) (Ticker: CYBR): -120.13 %
2025-07-09 - 22:12:35 - INFO: CAGR 4Y (Net Income) (Ticker: CYBR): -3.64 %
2025-07-09 - 22:12:35 - INFO: Dividend Yield (Ticker: CYBR): N/A
2025-07-09 - 22:12:35 - INFO: ROE (ttm) (Yahoo Finance) (Ticker: CYBR): -5.36 %
2025-07-09 - 22:12:35 - INFO: ---------------------- CLS ----------------------
2025-07-09 - 22:12:35 - INFO: P/E (Forward) (Ticker: CLS): 36.15
2025-07-09 - 22:12:35 - INFO: P/E (Trailing) (Ticker: CLS): 44.94
2025-07-09 - 22:12:35 - INFO: ---------------------- AGI ----------------------
2025-07-09 - 22:12:35 - INFO: P/E (Forward) (Ticker: AGI): 24.08
2025-07-09 - 22:12:35 - INFO: P/E (Trailing) (Ticker: AGI): 42.72
2025-07-09 - 22:12:35 - INFO: CFOA (annual) (Ticker: FFIV): 14.12 %
2025-07-09 - 22:12:35 - INFO: ROE - Calc (Ticker: CYBR): -5.36 %
2025-07-09 - 22:12:36 - INFO: ROE - MSCI (Ticker: CYBR): -3.79 %
2025-07-09 - 22:12:36 - INFO: ROA (ttm) (Yahoo Finance) (Ticker: CYBR): -1.49 %
2025-07-09 - 22:12:36 - INFO: ROA - Calc (Ticker: CYBR): -2.79 %
2025-07-09 - 22:12:36 - INFO: GPOA (Ticker: FOXA): None %
2025-07-09 - 22:12:36 - INFO: GPMAR (Ticker: FOXA): None %
2025-07-09 - 22:12:36 - ERROR: Error calculating GPOA and GPMAR TTM (Ticker: FOXA): Cannot calculate GPOA (Ticker: FOXA): 'Gross Profit' data is missing in the Income Statement.
2025-07-09 - 22:12:36 - INFO: Profit Margin (Ticker: FOXA): 11.58 %
2025-07-09 - 22:12:36 - INFO: Sector: Communication Services
2025-07-09 - 22:12:36 - INFO: Industry: Entertainment
2025-07-09 - 22:12:36 - ERROR: Error calculating profitability growth metrics for FOXA: Cannot calculate CAGR. No Earnings Growth data available (Ticker: FOXA).
2025-07-09 - 22:12:36 - ERROR: Cannot calculate CAGR. No Earnings Growth data available (Ticker: FOXA).
Traceback (most recent call last):
  File "StockFactorScreener.py", line 249, in calc_profitability_growth
  File "ProfitabilityCalculator.py", line 1004, in calc_cagr
ProfitabilityCalculator.CAGRCalcError: Cannot calculate CAGR. No Earnings Growth data available (Ticker: FOXA).
2025-07-09 - 22:12:36 - INFO: CFOA (ttm) (Ticker: FFIV): 15.15 %
2025-07-09 - 22:12:36 - INFO: GPOA (Ticker: FFIV): 40.24 %
2025-07-09 - 22:12:36 - INFO: GPMAR (Ticker: FFIV): 80.2 %
2025-07-09 - 22:12:36 - INFO: Profit Margin (Ticker: FFIV): 21.14 %
2025-07-09 - 22:12:36 - INFO: Sector: Technology
2025-07-09 - 22:12:36 - INFO: Industry: Software - Infrastructure
2025-07-09 - 22:12:36 - INFO: CFOA (annual) (Ticker: CYBR): 6.93 %
2025-07-09 - 22:12:36 - INFO: EBIT/TEV (Ticker: AGI): 4.66 %
2025-07-09 - 22:12:36 - INFO: P/B (Ticker: AGI): 3.1
2025-07-09 - 22:12:36 - INFO: EBIT/TEV (Ticker: CLS): 3.21 %
2025-07-09 - 22:12:36 - INFO: P/B (Ticker: CLS): 11.95
2025-07-09 - 22:12:36 - INFO: ---------------------- PST ----------------------
2025-07-09 - 22:12:36 - INFO: P/E (Forward) (Ticker: PST): N/A
2025-07-09 - 22:12:36 - INFO: P/E (Trailing) (Ticker: PST): N/A
2025-07-09 - 22:12:36 - INFO: Fetched Earnings data (EPS) for 4 years period (Ticker: AGI).
2025-07-09 - 22:12:36 - INFO: EPS (latest) (Ticker: AGI): 0.7
2025-07-09 - 22:12:36 - INFO: Fetched Earnings data (Net Income) for 4 years period (Ticker: AGI).
2025-07-09 - 22:12:36 - INFO: Calculating Earnings Variability (EVAR) using EPS over 3 year period (Ticker: AGI).
2025-07-09 - 22:12:36 - INFO: CFOA (ttm) (Ticker: CYBR): 9.29 %
2025-07-09 - 22:12:36 - INFO: EVAR 4Y (EPS) (Ticker: AGI): 236.7%
2025-07-09 - 22:12:36 - INFO: GPOA (Ticker: CYBR): 23.66 %
2025-07-09 - 22:12:36 - INFO: Calculating Earnings Variability (EVAR) using Net Income over 3 year period (Ticker: AGI).
2025-07-09 - 22:12:36 - INFO: EVAR 4Y (Net Income) (Ticker: AGI): 222.22%
2025-07-09 - 22:12:36 - INFO: GPMAR (Ticker: CYBR): 79.18 %
2025-07-09 - 22:12:36 - INFO: CAGR 4Y (EPS) (Ticker: AGI): 82.89 %
2025-07-09 - 22:12:36 - INFO: Profit Margin (Ticker: CYBR): -7.98 %
2025-07-09 - 22:12:36 - INFO: CAGR 4Y (Net Income) (Ticker: AGI): 84.32 %
2025-07-09 - 22:12:36 - INFO: Dividend Yield (Ticker: AGI): 0.38 %
2025-07-09 - 22:12:36 - INFO: Sector: Technology
2025-07-09 - 22:12:36 - INFO: ROE (ttm) (Yahoo Finance) (Ticker: AGI): 7.85 %
2025-07-09 - 22:12:36 - INFO: Industry: Software - Infrastructure
2025-07-09 - 22:12:36 - INFO: ---------------------- EMA ----------------------
2025-07-09 - 22:12:36 - INFO: P/E (Forward) (Ticker: EMA): N/A
2025-07-09 - 22:12:36 - INFO: P/E (Trailing) (Ticker: EMA): 21.09
2025-07-09 - 22:12:36 - INFO: Fetched Earnings data (EPS) for 4 years period (Ticker: CLS).
2025-07-09 - 22:12:36 - INFO: EPS (latest) (Ticker: CLS): 3.62
2025-07-09 - 22:12:36 - INFO: Fetched Earnings data (Net Income) for 4 years period (Ticker: CLS).
2025-07-09 - 22:12:36 - INFO: Calculating Earnings Variability (EVAR) using EPS over 3 year period (Ticker: CLS).
2025-07-09 - 22:12:36 - INFO: EVAR 4Y (EPS) (Ticker: CLS): 18.19%
2025-07-09 - 22:12:36 - ERROR: Invalid Stock Ticker Symbol: 4307
2025-07-09 - 22:12:36 - INFO: Calculating Earnings Variability (EVAR) using Net Income over 3 year period (Ticker: CLS).
2025-07-09 - 22:12:36 - ERROR: Skipping Stock Analysis for 4307.
2025-07-09 - 22:12:36 - INFO: EVAR 4Y (Net Income) (Ticker: CLS): 22.26%
2025-07-09 - 22:12:36 - INFO: CAGR 4Y (EPS) (Ticker: CLS): 64.05 %
2025-07-09 - 22:12:36 - INFO: CAGR 4Y (Net Income) (Ticker: CLS): 60.3 %
2025-07-09 - 22:12:36 - INFO: Dividend Yield (Ticker: CLS): N/A
2025-07-09 - 22:12:36 - INFO: ROE (ttm) (Yahoo Finance) (Ticker: CLS): 25.85 %
2025-07-09 - 22:12:36 - ERROR: Error while calculating EBIT/TEV ratio (Ticker: PST): No Income Statement (annual) data found (Ticker: PST). Cannot calculate EBIT/TEV ratio!
2025-07-09 - 22:12:36 - ERROR: No Income Statement (annual) data found (Ticker: PST). Cannot calculate EBIT/TEV ratio!
Traceback (most recent call last):
  File "ValueMetrics.py", line 540, in calc_ebit_to_tev
  File "ValueMetrics.py", line 91, in get_operating_income_ttm
ValueMetrics.OperatingIncomeError: No Income Statement (quarterly) data found (Ticker: PST). Cannot calculate EBIT/TEV ratio!

During handling of the above exception, another exception occurred:

Traceback (most recent call last):
  File "StockFactorScreener.py", line 217, in get_ebit_to_tev
  File "ValueMetrics.py", line 562, in calc_ebit_to_tev
  File "ValueMetrics.py", line 161, in get_operating_income_annual
ValueMetrics.OperatingIncomeError: No Income Statement (annual) data found (Ticker: PST). Cannot calculate EBIT/TEV ratio!
2025-07-09 - 22:12:36 - INFO: EBIT/TEV (Ticker: PST): N/A
2025-07-09 - 22:12:36 - INFO: P/B (Ticker: PST): None
2025-07-09 - 22:12:36 - ERROR: Unhandled error analyzing stock (Ticker: PST)
2025-07-09 - 22:12:36 - ERROR: Error fetching Earnings (PST): No Annual Income Statement data found on Yahoo Finance (Ticker: PST).
Traceback (most recent call last):
  File "EarningsEngine.py", line 151, in get_earnings
EarningsEngine.NetIncomeCalcError: No Annual Income Statement data found on Yahoo Finance (Ticker: PST).

The above exception was the direct cause of the following exception:

Traceback (most recent call last):
  File "StockFactorScreener.py", line 437, in analyze_stock
  File "EarningsEngine.py", line 318, in get_earnings
EarningsEngine.NetIncomeCalcError: Error fetching Earnings (PST): No Annual Income Statement data found on Yahoo Finance (Ticker: PST).
2025-07-09 - 22:12:36 - INFO: ROE - Calc (Ticker: AGI): 7.85 %
2025-07-09 - 22:12:36 - INFO: ROE - MSCI (Ticker: AGI): 7.36 %
2025-07-09 - 22:12:36 - INFO: ROA (ttm) (Yahoo Finance) (Ticker: AGI): 6.46 %
2025-07-09 - 22:12:36 - INFO: ROA - Calc (Ticker: AGI): 5.33 %
2025-07-09 - 22:12:36 - INFO: ROE - Calc (Ticker: CLS): 25.24 %
2025-07-09 - 22:12:36 - INFO: ROE - MSCI (Ticker: CLS): 27.03 %
2025-07-09 - 22:12:36 - INFO: ROA (ttm) (Yahoo Finance) (Ticker: CLS): 6.68 %
2025-07-09 - 22:12:36 - INFO: ROA - Calc (Ticker: CLS): 7.15 %
2025-07-09 - 22:12:37 - ERROR: Invalid Stock Ticker Symbol: ELE
2025-07-09 - 22:12:37 - ERROR: Skipping Stock Analysis for ELE.
2025-07-09 - 22:12:37 - INFO: EBIT/TEV (Ticker: EMA): 5.38 %
2025-07-09 - 22:12:37 - INFO: P/B (Ticker: EMA): 1.1
2025-07-09 - 22:12:37 - INFO: CFOA (annual) (Ticker: AGI): 12.39 %
2025-07-09 - 22:12:37 - INFO: Fetched Earnings data (EPS) for 4 years period (Ticker: EMA).
2025-07-09 - 22:12:37 - INFO: EPS (latest) (Ticker: EMA): 1.71
2025-07-09 - 22:12:37 - INFO: Fetched Earnings data (Net Income) for 4 years period (Ticker: EMA).
2025-07-09 - 22:12:37 - INFO: CFOA (annual) (Ticker: CLS): 7.91 %
2025-07-09 - 22:12:37 - INFO: Calculating Earnings Variability (EVAR) using EPS over 3 year period (Ticker: EMA).
2025-07-09 - 22:12:37 - INFO: EVAR 4Y (EPS) (Ticker: EMA): 66.41%
2025-07-09 - 22:12:37 - INFO: Calculating Earnings Variability (EVAR) using Net Income over 3 year period (Ticker: EMA).
2025-07-09 - 22:12:37 - INFO: EVAR 4Y (Net Income) (Ticker: EMA): 63.33%
2025-07-09 - 22:12:37 - INFO: CAGR 4Y (EPS) (Ticker: EMA): -4.77 %
2025-07-09 - 22:12:37 - INFO: CAGR 4Y (Net Income) (Ticker: EMA): 0.41 %
2025-07-09 - 22:12:37 - INFO: Dividend Yield (Ticker: EMA): 4.53 %
2025-07-09 - 22:12:37 - INFO: ROE (ttm) (Yahoo Finance) (Ticker: EMA): 7.21 %
2025-07-09 - 22:12:37 - INFO: CFOA (ttm) (Ticker: AGI): 12.54 %
2025-07-09 - 22:12:37 - INFO: GPOA (Ticker: AGI): 11.17 %
2025-07-09 - 22:12:37 - INFO: GPMAR (Ticker: AGI): 44.23 %
2025-07-09 - 22:12:37 - INFO: Profit Margin (Ticker: AGI): 18.36 %
2025-07-09 - 22:12:37 - INFO: Sector: Basic Materials
2025-07-09 - 22:12:37 - INFO: Industry: Gold
2025-07-09 - 22:12:37 - ERROR: Invalid Stock Ticker Symbol: ERIC B
2025-07-09 - 22:12:37 - ERROR: Invalid Stock Ticker Symbol: WN
2025-07-09 - 22:12:37 - ERROR: Skipping Stock Analysis for ERIC B.
2025-07-09 - 22:12:37 - INFO: ROE - Calc (Ticker: EMA): 7.21 %
2025-07-09 - 22:12:37 - ERROR: Skipping Stock Analysis for WN.
2025-07-09 - 22:12:37 - INFO: ROE - MSCI (Ticker: EMA): 6.84 %
2025-07-09 - 22:12:37 - INFO: ROA (ttm) (Yahoo Finance) (Ticker: EMA): 2.73 %
2025-07-09 - 22:12:37 - INFO: ROA - Calc (Ticker: EMA): 1.32 %
2025-07-09 - 22:12:37 - INFO: ---------------------- TLS ----------------------
2025-07-09 - 22:12:37 - INFO: P/E (Forward) (Ticker: TLS): -15.5
2025-07-09 - 22:12:37 - INFO: P/E (Trailing) (Ticker: TLS): N/A
2025-07-09 - 22:12:37 - INFO: CFOA (ttm) (Ticker: CLS): 8.01 %
2025-07-09 - 22:12:37 - INFO: GPOA (Ticker: CLS): 17.26 %
2025-07-09 - 22:12:37 - INFO: GPMAR (Ticker: CLS): 10.72 %
2025-07-09 - 22:12:37 - INFO: Profit Margin (Ticker: CLS): 4.19 %
2025-07-09 - 22:12:37 - INFO: Sector: Technology
2025-07-09 - 22:12:37 - INFO: Industry: Electronic Components
2025-07-09 - 22:12:37 - ERROR: Invalid Stock Ticker Symbol: GALD
2025-07-09 - 22:12:37 - ERROR: Skipping Stock Analysis for GALD.
2025-07-09 - 22:12:37 - INFO: CFOA (annual) (Ticker: EMA): 6.16 %
2025-07-09 - 22:12:38 - INFO: CFOA (ttm) (Ticker: EMA): 6.69 %
2025-07-09 - 22:12:38 - INFO: GPOA (Ticker: EMA): 6.74 %
2025-07-09 - 22:12:38 - INFO: GPMAR (Ticker: EMA): 40.19 %
2025-07-09 - 22:12:38 - INFO: Profit Margin (Ticker: EMA): 12.0 %
2025-07-09 - 22:12:38 - INFO: Sector: Utilities
2025-07-09 - 22:12:38 - INFO: Industry: Utilities - Regulated Electric
2025-07-09 - 22:12:38 - INFO: EBIT/TEV (Ticker: TLS): -27.88 %
2025-07-09 - 22:12:38 - INFO: P/B (Ticker: TLS): 1.8
2025-07-09 - 22:12:38 - ERROR: Invalid Stock Ticker Symbol: G24
2025-07-09 - 22:12:38 - ERROR: Skipping Stock Analysis for G24.
2025-07-09 - 22:12:38 - ERROR: Invalid Stock Ticker Symbol: S68
2025-07-09 - 22:12:38 - ERROR: Skipping Stock Analysis for S68.
2025-07-09 - 22:12:38 - INFO: Fetched Earnings data (EPS) for 4 years period (Ticker: TLS).
2025-07-09 - 22:12:38 - INFO: EPS (latest) (Ticker: TLS): -0.73
2025-07-09 - 22:12:38 - INFO: Fetched Earnings data (Net Income) for 4 years period (Ticker: TLS).
2025-07-09 - 22:12:38 - INFO: Calculating Earnings Variability (EVAR) using EPS over 3 year period (Ticker: TLS).
2025-07-09 - 22:12:38 - INFO: EVAR 4Y (EPS) (Ticker: TLS): 42.49%
2025-07-09 - 22:12:38 - INFO: Calculating Earnings Variability (EVAR) using Net Income over 3 year period (Ticker: TLS).
2025-07-09 - 22:12:38 - INFO: EVAR 4Y (Net Income) (Ticker: TLS): 44.96%
2025-07-09 - 22:12:38 - INFO: CAGR 4Y (EPS) (Ticker: TLS): -3.94 %
2025-07-09 - 22:12:38 - INFO: CAGR 4Y (Net Income) (Ticker: TLS): -6.78 %
2025-07-09 - 22:12:38 - INFO: Dividend Yield (Ticker: TLS): N/A
2025-07-09 - 22:12:38 - INFO: ROE (ttm) (Yahoo Finance) (Ticker: TLS): -38.32 %
2025-07-09 - 22:12:38 - INFO: ---------------------- MTX ----------------------
2025-07-09 - 22:12:38 - INFO: P/E (Forward) (Ticker: MTX): 8.66
2025-07-09 - 22:12:38 - INFO: P/E (Trailing) (Ticker: MTX): N/A
2025-07-09 - 22:12:38 - ERROR: Invalid Stock Ticker Symbol: G1A
2025-07-09 - 22:12:38 - ERROR: Skipping Stock Analysis for G1A.
2025-07-09 - 22:12:38 - INFO: ROE - Calc (Ticker: TLS): -38.32 %
2025-07-09 - 22:12:38 - INFO: ROE - MSCI (Ticker: TLS): -43.7 %
2025-07-09 - 22:12:38 - INFO: ROA (ttm) (Yahoo Finance) (Ticker: TLS): -15.71 %
2025-07-09 - 22:12:38 - INFO: ROA - Calc (Ticker: TLS): -33.19 %
2025-07-09 - 22:12:39 - INFO: ---------------------- ROL ----------------------
2025-07-09 - 22:12:39 - INFO: P/E (Forward) (Ticker: ROL): 49.82
2025-07-09 - 22:12:39 - INFO: P/E (Trailing) (Ticker: ROL): 56.36
2025-07-09 - 22:12:39 - INFO: ---------------------- H ----------------------
2025-07-09 - 22:12:39 - INFO: P/E (Forward) (Ticker: H): 37.27
2025-07-09 - 22:12:39 - INFO: P/E (Trailing) (Ticker: H): 18.59
2025-07-09 - 22:12:39 - INFO: CFOA (annual) (Ticker: TLS): -16.39 %
2025-07-09 - 22:12:39 - INFO: EBIT/TEV (Ticker: MTX): 10.66 %
2025-07-09 - 22:12:39 - INFO: P/B (Ticker: MTX): 1.17
2025-07-09 - 22:12:39 - INFO: ---------------------- PODD ----------------------
2025-07-09 - 22:12:39 - INFO: P/E (Forward) (Ticker: PODD): 76.86
2025-07-09 - 22:12:39 - INFO: P/E (Trailing) (Ticker: PODD): 53.69
2025-07-09 - 22:12:39 - INFO: CFOA (ttm) (Ticker: TLS): -11.72 %
2025-07-09 - 22:12:39 - INFO: GPOA (Ticker: TLS): 21.76 %
2025-07-09 - 22:12:39 - INFO: GPMAR (Ticker: TLS): 31.8 %
2025-07-09 - 22:12:39 - INFO: Profit Margin (Ticker: TLS): -49.19 %
2025-07-09 - 22:12:39 - INFO: Sector: Technology
2025-07-09 - 22:12:39 - INFO: Industry: Software - Infrastructure
2025-07-09 - 22:12:39 - INFO: Fetched Earnings data (EPS) for 4 years period (Ticker: MTX).
2025-07-09 - 22:12:39 - INFO: EPS (latest) (Ticker: MTX): 5.21
2025-07-09 - 22:12:39 - INFO: Fetched Earnings data (Net Income) for 4 years period (Ticker: MTX).
2025-07-09 - 22:12:39 - INFO: Calculating Earnings Variability (EVAR) using EPS over 3 year period (Ticker: MTX).
2025-07-09 - 22:12:39 - INFO: EVAR 4Y (EPS) (Ticker: MTX): 74.16%
2025-07-09 - 22:12:39 - INFO: Calculating Earnings Variability (EVAR) using Net Income over 3 year period (Ticker: MTX).
2025-07-09 - 22:12:39 - INFO: EVAR 4Y (Net Income) (Ticker: MTX): 73.44%
2025-07-09 - 22:12:39 - INFO: CAGR 4Y (EPS) (Ticker: MTX): 2.14 %
2025-07-09 - 22:12:39 - INFO: CAGR 4Y (Net Income) (Ticker: MTX): 0.54 %
2025-07-09 - 22:12:39 - INFO: Dividend Yield (Ticker: MTX): 0.8 %
2025-07-09 - 22:12:39 - INFO: ROE (ttm) (Yahoo Finance) (Ticker: MTX): -1.18 %
2025-07-09 - 22:12:39 - INFO: EBIT/TEV (Ticker: H): 2.86 %
2025-07-09 - 22:12:39 - INFO: P/B (Ticker: H): 4.06
2025-07-09 - 22:12:39 - INFO: EBIT/TEV (Ticker: ROL): 2.4 %
2025-07-09 - 22:12:39 - INFO: P/B (Ticker: ROL): 19.94
2025-07-09 - 22:12:40 - INFO: ROE - Calc (Ticker: MTX): -1.45 %
2025-07-09 - 22:12:40 - INFO: ROE - MSCI (Ticker: MTX): -1.54 %
2025-07-09 - 22:12:40 - INFO: ROA (ttm) (Yahoo Finance) (Ticker: MTX): 5.03 %
2025-07-09 - 22:12:40 - INFO: ROA - Calc (Ticker: MTX): 4.92 %
2025-07-09 - 22:12:40 - INFO: Fetched Earnings data (EPS) for 4 years period (Ticker: ROL).
2025-07-09 - 22:12:40 - INFO: EPS (latest) (Ticker: ROL): 0.96
2025-07-09 - 22:12:40 - INFO: Fetched Earnings data (Net Income) for 4 years period (Ticker: ROL).
2025-07-09 - 22:12:40 - INFO: Calculating Earnings Variability (EVAR) using EPS over 3 year period (Ticker: ROL).
2025-07-09 - 22:12:40 - INFO: EVAR 4Y (EPS) (Ticker: ROL): 6.97%
2025-07-09 - 22:12:40 - INFO: Calculating Earnings Variability (EVAR) using Net Income over 3 year period (Ticker: ROL).
2025-07-09 - 22:12:40 - INFO: EVAR 4Y (Net Income) (Ticker: ROL): 7.58%
2025-07-09 - 22:12:40 - INFO: CAGR 4Y (EPS) (Ticker: ROL): 10.58 %
2025-07-09 - 22:12:40 - INFO: EBIT/TEV (Ticker: PODD): 1.6 %
2025-07-09 - 22:12:40 - INFO: CAGR 4Y (Net Income) (Ticker: ROL): 9.36 %
2025-07-09 - 22:12:40 - INFO: P/B (Ticker: PODD): 15.73
2025-07-09 - 22:12:40 - INFO: Dividend Yield (Ticker: ROL): 1.17 %
2025-07-09 - 22:12:40 - INFO: ROE (ttm) (Yahoo Finance) (Ticker: ROL): 37.83 %
2025-07-09 - 22:12:40 - INFO: Fetched Earnings data (EPS) for 4 years period (Ticker: H).
2025-07-09 - 22:12:40 - INFO: EPS (latest) (Ticker: H): 12.99
2025-07-09 - 22:12:40 - INFO: Fetched Earnings data (Net Income) for 4 years period (Ticker: H).
2025-07-09 - 22:12:40 - INFO: Calculating Earnings Variability (EVAR) using EPS over 3 year period (Ticker: H).
2025-07-09 - 22:12:40 - INFO: EVAR 4Y (EPS) (Ticker: H): 286.3%
2025-07-09 - 22:12:40 - INFO: Calculating Earnings Variability (EVAR) using Net Income over 3 year period (Ticker: H).
2025-07-09 - 22:12:40 - INFO: EVAR 4Y (Net Income) (Ticker: H): 274.92%
2025-07-09 - 22:12:40 - INFO: CAGR 4Y (EPS) (Ticker: H): 100.82 %
2025-07-09 - 22:12:40 - INFO: CAGR 4Y (Net Income) (Ticker: H): 98.64 %
2025-07-09 - 22:12:40 - INFO: Dividend Yield (Ticker: H): 0.43 %
2025-07-09 - 22:12:40 - INFO: ROE (ttm) (Yahoo Finance) (Ticker: H): 21.5 %
2025-07-09 - 22:12:40 - ERROR: Invalid Stock Ticker Symbol: 9697
2025-07-09 - 22:12:40 - ERROR: Skipping Stock Analysis for 9697.
2025-07-09 - 22:12:40 - ERROR: Invalid Stock Ticker Symbol: HEIA
2025-07-09 - 22:12:40 - ERROR: Skipping Stock Analysis for HEIA.
2025-07-09 - 22:12:40 - INFO: Fetched Earnings data (EPS) for 4 years period (Ticker: PODD).
2025-07-09 - 22:12:40 - INFO: EPS (latest) (Ticker: PODD): 5.97
2025-07-09 - 22:12:40 - INFO: Fetched Earnings data (Net Income) for 4 years period (Ticker: PODD).
2025-07-09 - 22:12:40 - INFO: Calculating Earnings Variability (EVAR) using EPS over 3 year period (Ticker: PODD).
2025-07-09 - 22:12:40 - INFO: EVAR 4Y (EPS) (Ticker: PODD): 2376.65%
2025-07-09 - 22:12:40 - INFO: Calculating Earnings Variability (EVAR) using Net Income over 3 year period (Ticker: PODD).
2025-07-09 - 22:12:40 - INFO: EVAR 4Y (Net Income) (Ticker: PODD): 2524.38%
2025-07-09 - 22:12:40 - INFO: CAGR 4Y (EPS) (Ticker: PODD): 187.97 %
2025-07-09 - 22:12:40 - INFO: CAGR 4Y (Net Income) (Ticker: PODD): 192.01 %
2025-07-09 - 22:12:40 - INFO: Dividend Yield (Ticker: PODD): N/A
2025-07-09 - 22:12:40 - INFO: ROE (ttm) (Yahoo Finance) (Ticker: PODD): 37.92 %
2025-07-09 - 22:12:40 - INFO: CFOA (annual) (Ticker: MTX): 6.97 %
2025-07-09 - 22:12:40 - INFO: ROE - Calc (Ticker: ROL): 37.83 %
2025-07-09 - 22:12:40 - INFO: ROE - MSCI (Ticker: ROL): 35.39 %
2025-07-09 - 22:12:40 - INFO: ROA (ttm) (Yahoo Finance) (Ticker: ROL): 14.88 %
2025-07-09 - 22:12:40 - INFO: ROA - Calc (Ticker: ROL): 16.54 %
2025-07-09 - 22:12:40 - INFO: ROE - Calc (Ticker: H): 22.31 %
2025-07-09 - 22:12:40 - INFO: ROE - MSCI (Ticker: H): 10.51 %
2025-07-09 - 22:12:40 - INFO: ROA (ttm) (Yahoo Finance) (Ticker: H): 2.4 %
2025-07-09 - 22:12:40 - INFO: ROA - Calc (Ticker: H): 9.73 %
2025-07-09 - 22:12:40 - INFO: CFOA (ttm) (Ticker: MTX): 5.2 %
2025-07-09 - 22:12:40 - INFO: GPOA (Ticker: MTX): 16.14 %
2025-07-09 - 22:12:40 - INFO: GPMAR (Ticker: MTX): 25.85 %
2025-07-09 - 22:12:40 - INFO: Profit Margin (Ticker: MTX): -1.14 %
2025-07-09 - 22:12:40 - INFO: Sector: Basic Materials
2025-07-09 - 22:12:40 - INFO: Industry: Specialty Chemicals
2025-07-09 - 22:12:40 - INFO: ROE - Calc (Ticker: PODD): 37.92 %
2025-07-09 - 22:12:40 - INFO: ROE - MSCI (Ticker: PODD): 30.36 %
2025-07-09 - 22:12:40 - INFO: ROA (ttm) (Yahoo Finance) (Ticker: PODD): 6.94 %
2025-07-09 - 22:12:40 - INFO: CFOA (annual) (Ticker: ROL): 21.55 %
2025-07-09 - 22:12:40 - INFO: ROA - Calc (Ticker: PODD): 13.55 %
2025-07-09 - 22:12:40 - INFO: CFOA (annual) (Ticker: H): 4.75 %
2025-07-09 - 22:12:40 - INFO: ---------------------- EVRG ----------------------
2025-07-09 - 22:12:40 - INFO: P/E (Forward) (Ticker: EVRG): 17.03
2025-07-09 - 22:12:40 - INFO: P/E (Trailing) (Ticker: EVRG): 18.11
2025-07-09 - 22:12:41 - INFO: CFOA (ttm) (Ticker: ROL): 22.1 %
2025-07-09 - 22:12:41 - INFO: GPOA (Ticker: ROL): 63.32 %
2025-07-09 - 22:12:41 - INFO: GPMAR (Ticker: ROL): 52.69 %
2025-07-09 - 22:12:41 - INFO: Profit Margin (Ticker: ROL): 13.78 %
2025-07-09 - 22:12:41 - INFO: CFOA (annual) (Ticker: PODD): 13.94 %
2025-07-09 - 22:12:41 - INFO: Sector: Consumer Cyclical
2025-07-09 - 22:12:41 - INFO: Industry: Personal Services
2025-07-09 - 22:12:41 - INFO: CFOA (ttm) (Ticker: H): 4.19 %
2025-07-09 - 22:12:41 - INFO: GPOA (Ticker: H): 9.73 %
2025-07-09 - 22:12:41 - INFO: GPMAR (Ticker: H): 19.51 %
2025-07-09 - 22:12:41 - INFO: Profit Margin (Ticker: H): 24.69 %
2025-07-09 - 22:12:41 - INFO: Sector: Consumer Cyclical
2025-07-09 - 22:12:41 - INFO: Industry: Lodging
2025-07-09 - 22:12:41 - INFO: ---------------------- RDDT ----------------------
2025-07-09 - 22:12:41 - INFO: P/E (Forward) (Ticker: RDDT): 217.52
2025-07-09 - 22:12:41 - INFO: P/E (Trailing) (Ticker: RDDT): 29.21
2025-07-09 - 22:12:41 - INFO: ---------------------- CMS ----------------------
2025-07-09 - 22:12:41 - INFO: P/E (Forward) (Ticker: CMS): 19.49
2025-07-09 - 22:12:41 - INFO: CFOA (ttm) (Ticker: PODD): 13.0 %
2025-07-09 - 22:12:41 - INFO: P/E (Trailing) (Ticker: CMS): 20.64
2025-07-09 - 22:12:41 - INFO: GPOA (Ticker: PODD): 46.82 %
2025-07-09 - 22:12:41 - INFO: GPMAR (Ticker: PODD): 69.79 %
2025-07-09 - 22:12:41 - INFO: Profit Margin (Ticker: PODD): 18.29 %
2025-07-09 - 22:12:41 - INFO: Sector: Healthcare
2025-07-09 - 22:12:41 - INFO: Industry: Medical Devices
2025-07-09 - 22:12:41 - INFO: EBIT/TEV (Ticker: EVRG): 4.98 %
2025-07-09 - 22:12:41 - INFO: P/B (Ticker: EVRG): 1.59
2025-07-09 - 22:12:41 - INFO: Fetched Earnings data (EPS) for 4 years period (Ticker: EVRG).
2025-07-09 - 22:12:41 - INFO: EPS (latest) (Ticker: EVRG): 3.79
2025-07-09 - 22:12:41 - INFO: Fetched Earnings data (Net Income) for 4 years period (Ticker: EVRG).
2025-07-09 - 22:12:41 - INFO: Calculating Earnings Variability (EVAR) using EPS over 3 year period (Ticker: EVRG).
2025-07-09 - 22:12:41 - INFO: EVAR 4Y (EPS) (Ticker: EVRG): 17.25%
2025-07-09 - 22:12:41 - INFO: Calculating Earnings Variability (EVAR) using Net Income over 3 year period (Ticker: EVRG).
2025-07-09 - 22:12:41 - INFO: EVAR 4Y (Net Income) (Ticker: EVRG): 17.22%
2025-07-09 - 22:12:41 - INFO: CAGR 4Y (EPS) (Ticker: EVRG): -0.44 %
2025-07-09 - 22:12:41 - INFO: CAGR 4Y (Net Income) (Ticker: EVRG): -0.24 %
2025-07-09 - 22:12:41 - INFO: Dividend Yield (Ticker: EVRG): 3.87 %
2025-07-09 - 22:12:41 - INFO: ROE (ttm) (Yahoo Finance) (Ticker: EVRG): 9.05 %
2025-07-09 - 22:12:41 - ERROR: Invalid Stock Ticker Symbol: A5G
2025-07-09 - 22:12:41 - ERROR: Skipping Stock Analysis for A5G.
2025-07-09 - 22:12:41 - INFO: EBIT/TEV (Ticker: RDDT): 0.13 %
2025-07-09 - 22:12:41 - INFO: P/B (Ticker: RDDT): 12.11
2025-07-09 - 22:12:41 - INFO: EBIT/TEV (Ticker: CMS): 4.2 %
2025-07-09 - 22:12:41 - INFO: P/B (Ticker: CMS): 2.57
2025-07-09 - 22:12:41 - INFO: ROE - Calc (Ticker: EVRG): 8.95 %
2025-07-09 - 22:12:41 - INFO: ROE - MSCI (Ticker: EVRG): 9.28 %
2025-07-09 - 22:12:41 - INFO: ROA (ttm) (Yahoo Finance) (Ticker: EVRG): 2.91 %
2025-07-09 - 22:12:41 - INFO: ROA - Calc (Ticker: EVRG): 2.71 %
2025-07-09 - 22:12:41 - INFO: ---------------------- SIG ----------------------
2025-07-09 - 22:12:41 - INFO: P/E (Forward) (Ticker: SIG): 7.01
2025-07-09 - 22:12:41 - INFO: P/E (Trailing) (Ticker: SIG): 92.55
2025-07-09 - 22:12:41 - INFO: ---------------------- SUN ----------------------
2025-07-09 - 22:12:41 - INFO: P/E (Forward) (Ticker: SUN): 8.8
2025-07-09 - 22:12:41 - INFO: P/E (Trailing) (Ticker: SUN): 10.72
2025-07-09 - 22:12:42 - INFO: Fetched Earnings data (EPS) for 4 years period (Ticker: RDDT).
2025-07-09 - 22:12:42 - INFO: EPS (latest) (Ticker: RDDT): -3.33
2025-07-09 - 22:12:42 - INFO: Fetched Earnings data (Net Income) for 4 years period (Ticker: RDDT).
2025-07-09 - 22:12:42 - INFO: Calculating Earnings Variability (EVAR) using EPS over 3 year period (Ticker: RDDT).
2025-07-09 - 22:12:42 - INFO: EVAR 4Y (EPS) (Ticker: RDDT): 287.58%
2025-07-09 - 22:12:42 - INFO: Fetched Earnings data (EPS) for 4 years period (Ticker: CMS).
2025-07-09 - 22:12:42 - INFO: Calculating Earnings Variability (EVAR) using Net Income over 3 year period (Ticker: RDDT).
2025-07-09 - 22:12:42 - INFO: EPS (latest) (Ticker: CMS): 3.34
2025-07-09 - 22:12:42 - INFO: EVAR 4Y (Net Income) (Ticker: RDDT): 257.69%
2025-07-09 - 22:12:42 - INFO: Fetched Earnings data (Net Income) for 4 years period (Ticker: CMS).
2025-07-09 - 22:12:42 - INFO: CAGR 4Y (EPS) (Ticker: RDDT): -56.7 %
2025-07-09 - 22:12:42 - INFO: Calculating Earnings Variability (EVAR) using EPS over 3 year period (Ticker: CMS).
2025-07-09 - 22:12:42 - INFO: CAGR 4Y (Net Income) (Ticker: RDDT): -55.86 %
2025-07-09 - 22:12:42 - INFO: EVAR 4Y (EPS) (Ticker: CMS): 27.72%
2025-07-09 - 22:12:42 - INFO: Dividend Yield (Ticker: RDDT): N/A
2025-07-09 - 22:12:42 - INFO: Calculating Earnings Variability (EVAR) using Net Income over 3 year period (Ticker: CMS).
2025-07-09 - 22:12:42 - INFO: ROE (ttm) (Yahoo Finance) (Ticker: RDDT): 5.77 %
2025-07-09 - 22:12:42 - INFO: EVAR 4Y (Net Income) (Ticker: CMS): 27.75%
2025-07-09 - 22:12:42 - INFO: CAGR 4Y (EPS) (Ticker: CMS): -10.51 %
2025-07-09 - 22:12:42 - INFO: CAGR 4Y (Net Income) (Ticker: CMS): -9.5 %
2025-07-09 - 22:12:42 - INFO: Dividend Yield (Ticker: CMS): 3.13 %
2025-07-09 - 22:12:42 - INFO: ROE (ttm) (Yahoo Finance) (Ticker: CMS): 11.23 %
2025-07-09 - 22:12:42 - INFO: CFOA (annual) (Ticker: EVRG): 6.14 %
2025-07-09 - 22:12:42 - INFO: ROE - Calc (Ticker: RDDT): 5.77 %
2025-07-09 - 22:12:42 - INFO: ROE - MSCI (Ticker: RDDT): 3.86 %
2025-07-09 - 22:12:42 - INFO: ---------------------- AGS ----------------------
2025-07-09 - 22:12:42 - INFO: ROA (ttm) (Yahoo Finance) (Ticker: RDDT): 0.92 %
2025-07-09 - 22:12:42 - INFO: ROE - Calc (Ticker: CMS): 12.53 %
2025-07-09 - 22:12:42 - INFO: P/E (Forward) (Ticker: AGS): 16.22
2025-07-09 - 22:12:42 - INFO: ROA - Calc (Ticker: RDDT): -20.73 %
2025-07-09 - 22:12:42 - INFO: ROE - MSCI (Ticker: CMS): 13.04 %
2025-07-09 - 22:12:42 - INFO: P/E (Trailing) (Ticker: AGS): 10.77
2025-07-09 - 22:12:42 - INFO: ROA (ttm) (Yahoo Finance) (Ticker: CMS): 3.09 %
2025-07-09 - 22:12:42 - INFO: ROA - Calc (Ticker: CMS): 2.79 %
2025-07-09 - 22:12:42 - INFO: EBIT/TEV (Ticker: SUN): 5.48 %
2025-07-09 - 22:12:42 - INFO: P/B (Ticker: SUN): 1.74
2025-07-09 - 22:12:42 - INFO: EBIT/TEV (Ticker: SIG): 12.21 %
2025-07-09 - 22:12:42 - INFO: P/B (Ticker: SIG): 1.88
2025-07-09 - 22:12:42 - INFO: CFOA (ttm) (Ticker: EVRG): 6.58 %
2025-07-09 - 22:12:42 - INFO: GPOA (Ticker: EVRG): 9.4 %
2025-07-09 - 22:12:42 - INFO: GPMAR (Ticker: EVRG): 51.9 %
2025-07-09 - 22:12:42 - INFO: Profit Margin (Ticker: EVRG): 14.87 %
2025-07-09 - 22:12:42 - INFO: Sector: Utilities
2025-07-09 - 22:12:42 - INFO: Industry: Utilities - Regulated Electric
2025-07-09 - 22:12:42 - INFO: CFOA (annual) (Ticker: CMS): 6.6 %
2025-07-09 - 22:12:42 - INFO: CFOA (annual) (Ticker: RDDT): 9.5 %
2025-07-09 - 22:12:43 - ERROR: Invalid Stock Ticker Symbol: PME
2025-07-09 - 22:12:43 - ERROR: Skipping Stock Analysis for PME.
2025-07-09 - 22:12:43 - INFO: Fetched Earnings data (EPS) for 4 years period (Ticker: SIG).
2025-07-09 - 22:12:43 - INFO: EPS (latest) (Ticker: SIG): -0.81
2025-07-09 - 22:12:43 - INFO: Fetched Earnings data (EPS) for 4 years period (Ticker: SUN).
2025-07-09 - 22:12:43 - INFO: Fetched Earnings data (Net Income) for 4 years period (Ticker: SIG).
2025-07-09 - 22:12:43 - INFO: EPS (latest) (Ticker: SUN): 3.7
2025-07-09 - 22:12:43 - INFO: Calculating Earnings Variability (EVAR) using EPS over 3 year period (Ticker: SIG).
2025-07-09 - 22:12:43 - INFO: Fetched Earnings data (Net Income) for 4 years period (Ticker: SUN).
2025-07-09 - 22:12:43 - INFO: EVAR 4Y (EPS) (Ticker: SIG): 125.44%
2025-07-09 - 22:12:43 - INFO: Calculating Earnings Variability (EVAR) using EPS over 3 year period (Ticker: SUN).
2025-07-09 - 22:12:43 - INFO: CFOA (ttm) (Ticker: RDDT): 14.08 %
2025-07-09 - 22:12:43 - INFO: Calculating Earnings Variability (EVAR) using Net Income over 3 year period (Ticker: SIG).
2025-07-09 - 22:12:43 - INFO: CFOA (ttm) (Ticker: CMS): 6.85 %
2025-07-09 - 22:12:43 - INFO: EVAR 4Y (EPS) (Ticker: SUN): 141.49%
2025-07-09 - 22:12:43 - INFO: GPOA (Ticker: RDDT): 50.36 %
2025-07-09 - 22:12:43 - INFO: EVAR 4Y (Net Income) (Ticker: SIG): 109.87%
2025-07-09 - 22:12:43 - INFO: GPOA (Ticker: CMS): 8.93 %
2025-07-09 - 22:12:43 - INFO: Calculating Earnings Variability (EVAR) using Net Income over 3 year period (Ticker: SUN).
2025-07-09 - 22:12:43 - INFO: GPMAR (Ticker: RDDT): 90.49 %
2025-07-09 - 22:12:43 - INFO: Profit Margin (Ticker: RDDT): 8.07 %
2025-07-09 - 22:12:43 - INFO: GPMAR (Ticker: CMS): 42.7 %
2025-07-09 - 22:12:43 - INFO: EVAR 4Y (Net Income) (Ticker: SUN): 84.78%
2025-07-09 - 22:12:43 - INFO: CAGR 4Y (EPS) (Ticker: SIG): -100 %
2025-07-09 - 22:12:43 - INFO: Sector: Communication Services
2025-07-09 - 22:12:43 - INFO: Profit Margin (Ticker: CMS): 13.1 %
2025-07-09 - 22:12:43 - INFO: EBIT/TEV (Ticker: AGS): 6.86 %
2025-07-09 - 22:12:43 - INFO: CAGR 4Y (EPS) (Ticker: SUN): 31.42 %
2025-07-09 - 22:12:43 - INFO: CAGR 4Y (Net Income) (Ticker: SIG): -57.0 %
2025-07-09 - 22:12:43 - INFO: Industry: Internet Content & Information
2025-07-09 - 22:12:43 - INFO: Sector: Utilities
2025-07-09 - 22:12:43 - INFO: P/B (Ticker: AGS): 4.41
2025-07-09 - 22:12:43 - INFO: CAGR 4Y (Net Income) (Ticker: SUN): 17.09 %
2025-07-09 - 22:12:43 - INFO: Dividend Yield (Ticker: SIG): 1.61 %
2025-07-09 - 22:12:43 - INFO: Industry: Utilities - Regulated Electric
2025-07-09 - 22:12:43 - INFO: Dividend Yield (Ticker: SUN): 6.7 %
2025-07-09 - 22:12:43 - INFO: ROE (ttm) (Yahoo Finance) (Ticker: SIG): 2.04 %
2025-07-09 - 22:12:43 - INFO: ROE (ttm) (Yahoo Finance) (Ticker: SUN): 32.25 %
2025-07-09 - 22:12:43 - INFO: ROE - Calc (Ticker: SIG): 2.04 %
2025-07-09 - 22:12:43 - INFO: ROE - MSCI (Ticker: SIG): -5.26 %
2025-07-09 - 22:12:43 - INFO: ROA (ttm) (Yahoo Finance) (Ticker: SIG): 5.61 %
2025-07-09 - 22:12:43 - INFO: ROA - Calc (Ticker: SIG): 1.07 %
2025-07-09 - 22:12:43 - INFO: Fetched Earnings data (EPS) for 4 years period (Ticker: AGS).
2025-07-09 - 22:12:43 - INFO: EPS (latest) (Ticker: AGS): 1.2
2025-07-09 - 22:12:43 - INFO: Fetched Earnings data (Net Income) for 4 years period (Ticker: AGS).
2025-07-09 - 22:12:43 - INFO: Calculating Earnings Variability (EVAR) using EPS over 3 year period (Ticker: AGS).
2025-07-09 - 22:12:43 - INFO: EVAR 4Y (EPS) (Ticker: AGS): 6821.69%
2025-07-09 - 22:12:43 - INFO: Calculating Earnings Variability (EVAR) using Net Income over 3 year period (Ticker: AGS).
2025-07-09 - 22:12:43 - INFO: EVAR 4Y (Net Income) (Ticker: AGS): 6859.95%
2025-07-09 - 22:12:43 - INFO: CAGR 4Y (EPS) (Ticker: AGS): 57.88 %
2025-07-09 - 22:12:43 - INFO: CAGR 4Y (Net Income) (Ticker: AGS): 62.46 %
2025-07-09 - 22:12:43 - INFO: Dividend Yield (Ticker: AGS): N/A
2025-07-09 - 22:12:43 - INFO: ROE (ttm) (Yahoo Finance) (Ticker: AGS): 53.08 %
2025-07-09 - 22:12:43 - ERROR: Unhandled error analyzing stock (Ticker: SUN)
2025-07-09 - 22:12:43 - ERROR: Unexpected error during ROE calculation for Ticker SUN: float division by zero
Traceback (most recent call last):
  File "ProfitabilityCalculator.py", line 268, in calc_roe
ZeroDivisionError: float division by zero

The above exception was the direct cause of the following exception:

Traceback (most recent call last):
  File "StockFactorScreener.py", line 580, in analyze_stock
  File "ProfitabilityCalculator.py", line 277, in calc_roe
ValueError: Unexpected error during ROE calculation for Ticker SUN: float division by zero
2025-07-09 - 22:12:43 - ERROR: Invalid Stock Ticker Symbol: HELN
2025-07-09 - 22:12:43 - ERROR: Skipping Stock Analysis for HELN.
2025-07-09 - 22:12:44 - INFO: ROE - Calc (Ticker: AGS): 53.08 %
2025-07-09 - 22:12:44 - INFO: ROE - MSCI (Ticker: AGS): 8.84 %
2025-07-09 - 22:12:44 - INFO: ROA (ttm) (Yahoo Finance) (Ticker: AGS): 6.38 %
2025-07-09 - 22:12:44 - INFO: ROA - Calc (Ticker: AGS): 7.28 %
2025-07-09 - 22:12:44 - INFO: ---------------------- OKTA ----------------------
2025-07-09 - 22:12:44 - INFO: P/E (Forward) (Ticker: OKTA): 34.19
2025-07-09 - 22:12:44 - ERROR: Invalid Stock Ticker Symbol: LISN
2025-07-09 - 22:12:44 - INFO: P/E (Trailing) (Ticker: OKTA): 152.54
2025-07-09 - 22:12:44 - ERROR: Skipping Stock Analysis for LISN.
2025-07-09 - 22:12:44 - INFO: CFOA (annual) (Ticker: SIG): 10.32 %
2025-07-09 - 22:12:44 - INFO: ---------------------- IAG ----------------------
2025-07-09 - 22:12:44 - INFO: P/E (Forward) (Ticker: IAG): 8.69
2025-07-09 - 22:12:44 - INFO: P/E (Trailing) (Ticker: IAG): 4.76
2025-07-09 - 22:12:44 - INFO: CFOA (annual) (Ticker: AGS): 14.27 %
2025-07-09 - 22:12:44 - INFO: CFOA (ttm) (Ticker: SIG): 10.21 %
2025-07-09 - 22:12:44 - INFO: GPOA (Ticker: SIG): 45.85 %
2025-07-09 - 22:12:44 - INFO: GPMAR (Ticker: SIG): 39.17 %
2025-07-09 - 22:12:44 - INFO: Profit Margin (Ticker: SIG): 0.63 %
2025-07-09 - 22:12:44 - INFO: Sector: Consumer Cyclical
2025-07-09 - 22:12:44 - INFO: Industry: Luxury Goods
2025-07-09 - 22:12:44 - INFO: CFOA (ttm) (Ticker: AGS): 14.76 %
2025-07-09 - 22:12:44 - INFO: GPOA (Ticker: AGS): 39.01 %
2025-07-09 - 22:12:44 - INFO: GPMAR (Ticker: AGS): 70.1 %
2025-07-09 - 22:12:44 - INFO: Profit Margin (Ticker: AGS): 12.83 %
2025-07-09 - 22:12:44 - INFO: Sector: Consumer Cyclical
2025-07-09 - 22:12:44 - INFO: EBIT/TEV (Ticker: OKTA): 0.15 %
2025-07-09 - 22:12:44 - INFO: Industry: Gambling
2025-07-09 - 22:12:44 - INFO: P/B (Ticker: OKTA): 2.64
2025-07-09 - 22:12:44 - ERROR: Invalid Stock Ticker Symbol: BALN
2025-07-09 - 22:12:44 - ERROR: Skipping Stock Analysis for BALN.
2025-07-09 - 22:12:44 - INFO: ---------------------- EVN ----------------------
2025-07-09 - 22:12:44 - INFO: P/E (Forward) (Ticker: EVN): N/A
2025-07-09 - 22:12:44 - INFO: P/E (Trailing) (Ticker: EVN): 11.23
2025-07-09 - 22:12:44 - INFO: EBIT/TEV (Ticker: IAG): 11.19 %
2025-07-09 - 22:12:44 - ERROR: Invalid Stock Ticker Symbol: UNI
2025-07-09 - 22:12:44 - INFO: P/B (Ticker: IAG): 1.18
2025-07-09 - 22:12:44 - ERROR: Skipping Stock Analysis for UNI.
2025-07-09 - 22:12:44 - INFO: Fetched Earnings data (EPS) for 4 years period (Ticker: OKTA).
2025-07-09 - 22:12:44 - INFO: EPS (latest) (Ticker: OKTA): 0.16
2025-07-09 - 22:12:44 - INFO: Fetched Earnings data (Net Income) for 4 years period (Ticker: OKTA).
2025-07-09 - 22:12:44 - INFO: Calculating Earnings Variability (EVAR) using EPS over 3 year period (Ticker: OKTA).
2025-07-09 - 22:12:44 - INFO: EVAR 4Y (EPS) (Ticker: OKTA): 48.71%
2025-07-09 - 22:12:45 - INFO: Calculating Earnings Variability (EVAR) using Net Income over 3 year period (Ticker: OKTA).
2025-07-09 - 22:12:45 - INFO: EVAR 4Y (Net Income) (Ticker: OKTA): 52.0%
2025-07-09 - 22:12:45 - INFO: CAGR 4Y (EPS) (Ticker: OKTA): 26.58 %
2025-07-09 - 22:12:45 - INFO: CAGR 4Y (Net Income) (Ticker: OKTA): 26.68 %
2025-07-09 - 22:12:45 - INFO: Dividend Yield (Ticker: OKTA): N/A
2025-07-09 - 22:12:45 - INFO: ROE (ttm) (Yahoo Finance) (Ticker: OKTA): 2.08 %
2025-07-09 - 22:12:45 - INFO: Fetched Earnings data (EPS) for 4 years period (Ticker: IAG).
2025-07-09 - 22:12:45 - INFO: EPS (latest) (Ticker: IAG): 1.52
2025-07-09 - 22:12:45 - INFO: Fetched Earnings data (Net Income) for 4 years period (Ticker: IAG).
2025-07-09 - 22:12:45 - ERROR: Invalid Stock Ticker Symbol: ORK
2025-07-09 - 22:12:45 - INFO: Calculating Earnings Variability (EVAR) using EPS over 3 year period (Ticker: IAG).
2025-07-09 - 22:12:45 - ERROR: Skipping Stock Analysis for ORK.
2025-07-09 - 22:12:45 - INFO: EVAR 4Y (EPS) (Ticker: IAG): 327.32%
2025-07-09 - 22:12:45 - INFO: ROE - Calc (Ticker: OKTA): 2.08 %
2025-07-09 - 22:12:45 - INFO: Calculating Earnings Variability (EVAR) using Net Income over 3 year period (Ticker: IAG).
2025-07-09 - 22:12:45 - INFO: ROE - MSCI (Ticker: OKTA): 1.93 %
2025-07-09 - 22:12:45 - INFO: EVAR 4Y (Net Income) (Ticker: IAG): 364.57%
2025-07-09 - 22:12:45 - INFO: ROA (ttm) (Yahoo Finance) (Ticker: OKTA): 0.11 %
2025-07-09 - 22:12:45 - INFO: CAGR 4Y (EPS) (Ticker: IAG): 69.48 %
2025-07-09 - 22:12:45 - INFO: ROA - Calc (Ticker: OKTA): 0.30 %
2025-07-09 - 22:12:45 - INFO: CAGR 4Y (Net Income) (Ticker: IAG): 73.49 %
2025-07-09 - 22:12:45 - INFO: Dividend Yield (Ticker: IAG): N/A
2025-07-09 - 22:12:45 - INFO: ROE (ttm) (Yahoo Finance) (Ticker: IAG): 28.74 %
2025-07-09 - 22:12:45 - ERROR: Invalid Stock Ticker Symbol: DSCT
2025-07-09 - 22:12:45 - ERROR: Skipping Stock Analysis for DSCT.
2025-07-09 - 22:12:45 - INFO: ROE - Calc (Ticker: IAG): 28.42 %
2025-07-09 - 22:12:45 - INFO: ROE - MSCI (Ticker: IAG): 23.89 %
2025-07-09 - 22:12:45 - INFO: CFOA (annual) (Ticker: OKTA): 7.95 %
2025-07-09 - 22:12:45 - INFO: ROA (ttm) (Yahoo Finance) (Ticker: IAG): 6.25 %
2025-07-09 - 22:12:45 - INFO: ROA - Calc (Ticker: IAG): 15.25 %
2025-07-09 - 22:12:45 - ERROR: Invalid Stock Ticker Symbol: TEL2 B
2025-07-09 - 22:12:45 - ERROR: Skipping Stock Analysis for TEL2 B.
2025-07-09 - 22:12:45 - INFO: CFOA (annual) (Ticker: IAG): 9.04 %
2025-07-09 - 22:12:45 - INFO: CFOA (ttm) (Ticker: OKTA): 8.37 %
2025-07-09 - 22:12:45 - INFO: GPOA (Ticker: OKTA): 21.11 %
2025-07-09 - 22:12:45 - INFO: GPMAR (Ticker: OKTA): 76.32 %
2025-07-09 - 22:12:45 - INFO: Profit Margin (Ticker: OKTA): 4.85 %
2025-07-09 - 22:12:45 - INFO: Sector: Technology
2025-07-09 - 22:12:45 - INFO: Industry: Software - Infrastructure
2025-07-09 - 22:12:46 - INFO: EBIT/TEV (Ticker: EVN): 6.05 %
2025-07-09 - 22:12:46 - INFO: P/B (Ticker: EVN): 0.91
2025-07-09 - 22:12:46 - INFO: Fetched Earnings data (EPS) for 4 years period (Ticker: EVN).
2025-07-09 - 22:12:46 - INFO: EPS (latest) (Ticker: EVN): 0.34
2025-07-09 - 22:12:46 - INFO: Fetched Earnings data (Net Income) for 4 years period (Ticker: EVN).
2025-07-09 - 22:12:46 - INFO: Calculating Earnings Variability (EVAR) using EPS over 3 year period (Ticker: EVN).
2025-07-09 - 22:12:46 - INFO: EVAR 4Y (EPS) (Ticker: EVN): 299.47%
2025-07-09 - 22:12:46 - INFO: Calculating Earnings Variability (EVAR) using Net Income over 3 year period (Ticker: EVN).
2025-07-09 - 22:12:46 - INFO: EVAR 4Y (Net Income) (Ticker: EVN): 349.5%
2025-07-09 - 22:12:46 - INFO: CAGR 4Y (EPS) (Ticker: EVN): -28.09 %
2025-07-09 - 22:12:46 - INFO: CAGR 4Y (Net Income) (Ticker: EVN): 11.09 %
2025-07-09 - 22:12:46 - INFO: Dividend Yield (Ticker: EVN): 6.02 %
2025-07-09 - 22:12:46 - INFO: ROE (ttm) (Yahoo Finance) (Ticker: EVN): 8.21 %
2025-07-09 - 22:12:46 - ERROR: Error calculating ROE (ttm) (Ticker: EVN): Cannot calculate ROE (Ticker: EVN): An error occurred: Cannot calculate Net Income TTM! Net Income data is missing in the Quarterly Income Statement (Ticker: EVN).
2025-07-09 - 22:12:46 - ERROR: Unhandled error analyzing stock (Ticker: EVN)
2025-07-09 - 22:12:46 - ERROR: Cannot calculate Trailing EPS! EPS data is missing (Ticker: EVN).
Traceback (most recent call last):
  File "StockFactorScreener.py", line 605, in analyze_stock
  File "ProfitabilityCalculator.py", line 304, in calc_roe_msci
  File "EarningsEngine.py", line 343, in calc_eps_ttm
EarningsEngine.EPSCalcError: Cannot calculate Trailing EPS! EPS data is missing (Ticker: EVN).
2025-07-09 - 22:12:46 - INFO: ---------------------- AM ----------------------
2025-07-09 - 22:12:46 - INFO: P/E (Forward) (Ticker: AM): 17.37
2025-07-09 - 22:12:46 - INFO: P/E (Trailing) (Ticker: AM): 20.4
2025-07-09 - 22:12:46 - INFO: CFOA (ttm) (Ticker: IAG): 9.07 %
2025-07-09 - 22:12:46 - INFO: GPOA (Ticker: IAG): 10.23 %
2025-07-09 - 22:12:46 - INFO: GPMAR (Ticker: IAG): 33.67 %
2025-07-09 - 22:12:46 - INFO: Profit Margin (Ticker: IAG): 45.42 %
2025-07-09 - 22:12:46 - INFO: Sector: Basic Materials
2025-07-09 - 22:12:46 - INFO: Industry: Gold
2025-07-09 - 22:12:46 - ERROR: Invalid Stock Ticker Symbol: 8136
2025-07-09 - 22:12:46 - ERROR: Skipping Stock Analysis for 8136.
2025-07-09 - 22:12:46 - INFO: ---------------------- IAG ----------------------
2025-07-09 - 22:12:46 - INFO: P/E (Forward) (Ticker: IAG): 8.69
2025-07-09 - 22:12:46 - INFO: P/E (Trailing) (Ticker: IAG): 4.76
2025-07-09 - 22:12:46 - INFO: EBIT/TEV (Ticker: IAG): 11.19 %
2025-07-09 - 22:12:46 - INFO: P/B (Ticker: IAG): 1.18
2025-07-09 - 22:12:46 - INFO: Fetched Earnings data (EPS) for 4 years period (Ticker: IAG).
2025-07-09 - 22:12:46 - INFO: ---------------------- TLX ----------------------
2025-07-09 - 22:12:46 - ERROR: Invalid Stock Ticker Symbol: 4689
2025-07-09 - 22:12:46 - ERROR: Invalid Stock Ticker Symbol: MZTF
2025-07-09 - 22:12:46 - INFO: EPS (latest) (Ticker: IAG): 1.52
2025-07-09 - 22:12:46 - INFO: P/E (Forward) (Ticker: TLX): 15.36
2025-07-09 - 22:12:46 - ERROR: Skipping Stock Analysis for 4689.
2025-07-09 - 22:12:46 - ERROR: Skipping Stock Analysis for MZTF.
2025-07-09 - 22:12:46 - INFO: P/E (Trailing) (Ticker: TLX): 188.0
2025-07-09 - 22:12:46 - INFO: Fetched Earnings data (Net Income) for 4 years period (Ticker: IAG).
2025-07-09 - 22:12:46 - INFO: Calculating Earnings Variability (EVAR) using EPS over 3 year period (Ticker: IAG).
2025-07-09 - 22:12:46 - INFO: EVAR 4Y (EPS) (Ticker: IAG): 327.32%
2025-07-09 - 22:12:46 - INFO: Calculating Earnings Variability (EVAR) using Net Income over 3 year period (Ticker: IAG).
2025-07-09 - 22:12:46 - INFO: EVAR 4Y (Net Income) (Ticker: IAG): 364.57%
2025-07-09 - 22:12:46 - INFO: CAGR 4Y (EPS) (Ticker: IAG): 69.48 %
2025-07-09 - 22:12:46 - INFO: CAGR 4Y (Net Income) (Ticker: IAG): 73.49 %
2025-07-09 - 22:12:46 - INFO: Dividend Yield (Ticker: IAG): N/A
2025-07-09 - 22:12:46 - INFO: ROE (ttm) (Yahoo Finance) (Ticker: IAG): 28.74 %
2025-07-09 - 22:12:47 - INFO: ROE - Calc (Ticker: IAG): 28.42 %
2025-07-09 - 22:12:47 - INFO: ROE - MSCI (Ticker: IAG): 23.89 %
2025-07-09 - 22:12:47 - INFO: ROA (ttm) (Yahoo Finance) (Ticker: IAG): 6.25 %
2025-07-09 - 22:12:47 - INFO: ROA - Calc (Ticker: IAG): 15.25 %
2025-07-09 - 22:12:47 - INFO: CFOA (annual) (Ticker: IAG): 9.04 %
2025-07-09 - 22:12:47 - INFO: CFOA (ttm) (Ticker: IAG): 9.07 %
2025-07-09 - 22:12:47 - INFO: GPOA (Ticker: IAG): 10.23 %
2025-07-09 - 22:12:47 - INFO: GPMAR (Ticker: IAG): 33.67 %
2025-07-09 - 22:12:47 - INFO: Profit Margin (Ticker: IAG): 45.42 %
2025-07-09 - 22:12:47 - INFO: Sector: Basic Materials
2025-07-09 - 22:12:47 - INFO: Industry: Gold
2025-07-09 - 22:12:47 - INFO: EBIT/TEV (Ticker: AM): 5.84 %
2025-07-09 - 22:12:47 - INFO: P/B (Ticker: AM): 4.03
2025-07-09 - 22:12:47 - ERROR: Invalid Stock Ticker Symbol: 9531
2025-07-09 - 22:12:47 - ERROR: Skipping Stock Analysis for 9531.
2025-07-09 - 22:12:47 - INFO: Fetched Earnings data (EPS) for 4 years period (Ticker: AM).
2025-07-09 - 22:12:47 - INFO: EPS (latest) (Ticker: AM): 0.83
2025-07-09 - 22:12:47 - INFO: Fetched Earnings data (Net Income) for 4 years period (Ticker: AM).
2025-07-09 - 22:12:47 - INFO: Calculating Earnings Variability (EVAR) using EPS over 3 year period (Ticker: AM).
2025-07-09 - 22:12:47 - INFO: EVAR 4Y (EPS) (Ticker: AM): 181.59%
2025-07-09 - 22:12:47 - INFO: Calculating Earnings Variability (EVAR) using Net Income over 3 year period (Ticker: AM).
2025-07-09 - 22:12:47 - INFO: EVAR 4Y (Net Income) (Ticker: AM): 7.85%
2025-07-09 - 22:12:47 - INFO: CAGR 4Y (EPS) (Ticker: AM): 73.11 %
2025-07-09 - 22:12:47 - INFO: CAGR 4Y (Net Income) (Ticker: AM): 6.53 %
2025-07-09 - 22:12:47 - INFO: Dividend Yield (Ticker: AM): 4.75 %
2025-07-09 - 22:12:47 - INFO: ROE (ttm) (Yahoo Finance) (Ticker: AM): 19.71 %
2025-07-09 - 22:12:47 - ERROR: Invalid Stock Ticker Symbol: FGR
2025-07-09 - 22:12:47 - ERROR: Skipping Stock Analysis for FGR.
2025-07-09 - 22:12:47 - INFO: ROE - Calc (Ticker: AM): 19.71 %
2025-07-09 - 22:12:47 - INFO: ROE - MSCI (Ticker: AM): 19.96 %
2025-07-09 - 22:12:47 - INFO: ROA (ttm) (Yahoo Finance) (Ticker: AM): 7.3 %
2025-07-09 - 22:12:47 - INFO: ROA - Calc (Ticker: AM): 6.96 %
2025-07-09 - 22:12:47 - INFO: ---------------------- MB ----------------------
2025-07-09 - 22:12:47 - INFO: P/E (Forward) (Ticker: MB): N/A
2025-07-09 - 22:12:47 - INFO: P/E (Trailing) (Ticker: MB): 39.8
2025-07-09 - 22:12:47 - INFO: ---------------------- GFL ----------------------
2025-07-09 - 22:12:47 - INFO: P/E (Forward) (Ticker: GFL): 47.4
2025-07-09 - 22:12:47 - INFO: P/E (Trailing) (Ticker: GFL): N/A
2025-07-09 - 22:12:47 - INFO: ---------------------- MAA ----------------------
2025-07-09 - 22:12:47 - INFO: P/E (Forward) (Ticker: MAA): 36.2
2025-07-09 - 22:12:47 - INFO: P/E (Trailing) (Ticker: MAA): 31.24
2025-07-09 - 22:12:47 - INFO: ---------------------- CNA ----------------------
2025-07-09 - 22:12:47 - INFO: P/E (Forward) (Ticker: CNA): 8.45
2025-07-09 - 22:12:47 - INFO: P/E (Trailing) (Ticker: CNA): 13.58
2025-07-09 - 22:12:47 - INFO: CFOA (annual) (Ticker: AM): 14.65 %
2025-07-09 - 22:12:48 - INFO: EBIT/TEV (Ticker: TLX): 1.55 %
2025-07-09 - 22:12:48 - INFO: P/B (Ticker: TLX): 9.96
2025-07-09 - 22:12:48 - INFO: Fetched Earnings data (EPS) for 4 years period (Ticker: TLX).
2025-07-09 - 22:12:48 - INFO: EPS (latest) (Ticker: TLX): 0.02
2025-07-09 - 22:12:48 - INFO: Fetched Earnings data (Net Income) for 4 years period (Ticker: TLX).
2025-07-09 - 22:12:48 - INFO: Calculating Earnings Variability (EVAR) using EPS over 3 year period (Ticker: TLX).
2025-07-09 - 22:12:48 - INFO: EVAR 4Y (EPS) (Ticker: TLX): 86.92%
2025-07-09 - 22:12:48 - INFO: Calculating Earnings Variability (EVAR) using Net Income over 3 year period (Ticker: TLX).
2025-07-09 - 22:12:48 - INFO: EVAR 4Y (Net Income) (Ticker: TLX): 478.21%
2025-07-09 - 22:12:48 - INFO: CAGR 4Y (EPS) (Ticker: TLX): 27.9 %
2025-07-09 - 22:12:48 - INFO: CAGR 4Y (Net Income) (Ticker: TLX): 37.86 %
2025-07-09 - 22:12:48 - INFO: Dividend Yield (Ticker: TLX): N/A
2025-07-09 - 22:12:48 - INFO: ROE (ttm) (Yahoo Finance) (Ticker: TLX): 13.92 %
2025-07-09 - 22:12:48 - ERROR: Error calculating ROE (ttm) (Ticker: TLX): Cannot calculate ROE (Ticker: TLX): An error occurred: Cannot calculate Net Income TTM! Net Income data is missing in the Quarterly Income Statement (Ticker: TLX).
2025-07-09 - 22:12:48 - ERROR: Unhandled error analyzing stock (Ticker: TLX)
2025-07-09 - 22:12:48 - ERROR: Cannot calculate Trailing EPS! EPS data is missing (Ticker: TLX).
Traceback (most recent call last):
  File "StockFactorScreener.py", line 605, in analyze_stock
  File "ProfitabilityCalculator.py", line 304, in calc_roe_msci
  File "EarningsEngine.py", line 343, in calc_eps_ttm
EarningsEngine.EPSCalcError: Cannot calculate Trailing EPS! EPS data is missing (Ticker: TLX).
2025-07-09 - 22:12:48 - INFO: CFOA (ttm) (Ticker: AM): 14.43 %
2025-07-09 - 22:12:48 - INFO: GPOA (Ticker: AM): 12.99 %
2025-07-09 - 22:12:48 - INFO: GPMAR (Ticker: AM): 63.58 %
2025-07-09 - 22:12:48 - INFO: Profit Margin (Ticker: AM): 35.13 %
2025-07-09 - 22:12:48 - INFO: Sector: Energy
2025-07-09 - 22:12:48 - INFO: Industry: Oil & Gas Midstream
2025-07-09 - 22:12:48 - ERROR: Invalid Stock Ticker Symbol: LUG
2025-07-09 - 22:12:48 - ERROR: Skipping Stock Analysis for LUG.
2025-07-09 - 22:12:48 - INFO: EBIT/TEV (Ticker: CNA): 10.18 %
2025-07-09 - 22:12:48 - INFO: EBIT/TEV (Ticker: GFL): 1.7 %
2025-07-09 - 22:12:48 - ERROR: Invalid Stock Ticker Symbol: 5803
2025-07-09 - 22:12:48 - INFO: P/B (Ticker: CNA): 1.17
2025-07-09 - 22:12:48 - INFO: EBIT/TEV (Ticker: MAA): 2.82 %
2025-07-09 - 22:12:48 - INFO: P/B (Ticker: GFL): 2.16
2025-07-09 - 22:12:48 - ERROR: Skipping Stock Analysis for 5803.
2025-07-09 - 22:12:48 - INFO: P/B (Ticker: MAA): 2.95
2025-07-09 - 22:12:49 - INFO: Fetched Earnings data (EPS) for 4 years period (Ticker: MAA).
2025-07-09 - 22:12:49 - INFO: EPS (latest) (Ticker: MAA): 4.49
2025-07-09 - 22:12:49 - INFO: Fetched Earnings data (Net Income) for 4 years period (Ticker: MAA).
2025-07-09 - 22:12:49 - INFO: Calculating Earnings Variability (EVAR) using EPS over 3 year period (Ticker: MAA).
2025-07-09 - 22:12:49 - INFO: Fetched Earnings data (EPS) for 4 years period (Ticker: GFL).
2025-07-09 - 22:12:49 - INFO: EVAR 4Y (EPS) (Ticker: MAA): 17.0%
2025-07-09 - 22:12:49 - INFO: EPS (latest) (Ticker: GFL): 0.13
2025-07-09 - 22:12:49 - INFO: Fetched Earnings data (EPS) for 4 years period (Ticker: CNA).
2025-07-09 - 22:12:49 - INFO: Calculating Earnings Variability (EVAR) using Net Income over 3 year period (Ticker: MAA).
2025-07-09 - 22:12:49 - INFO: Fetched Earnings data (Net Income) for 4 years period (Ticker: GFL).
2025-07-09 - 22:12:49 - INFO: EPS (latest) (Ticker: CNA): 4.44
2025-07-09 - 22:12:49 - INFO: EVAR 4Y (Net Income) (Ticker: MAA): 16.93%
2025-07-09 - 22:12:49 - INFO: Calculating Earnings Variability (EVAR) using EPS over 3 year period (Ticker: GFL).
2025-07-09 - 22:12:49 - INFO: Fetched Earnings data (Net Income) for 4 years period (Ticker: CNA).
2025-07-09 - 22:12:49 - INFO: CAGR 4Y (EPS) (Ticker: MAA): -0.95 %
2025-07-09 - 22:12:49 - INFO: EVAR 4Y (EPS) (Ticker: GFL): 42.97%
2025-07-09 - 22:12:49 - INFO: Calculating Earnings Variability (EVAR) using EPS over 3 year period (Ticker: CNA).
2025-07-09 - 22:12:49 - INFO: CAGR 4Y (Net Income) (Ticker: MAA): -0.39 %
2025-07-09 - 22:12:49 - INFO: Calculating Earnings Variability (EVAR) using Net Income over 3 year period (Ticker: GFL).
2025-07-09 - 22:12:49 - INFO: EVAR 4Y (EPS) (Ticker: CNA): 50.2%
2025-07-09 - 22:12:49 - INFO: Dividend Yield (Ticker: MAA): 4.09 %
2025-07-09 - 22:12:49 - INFO: EVAR 4Y (Net Income) (Ticker: GFL): 1024.43%
2025-07-09 - 22:12:49 - INFO: Calculating Earnings Variability (EVAR) using Net Income over 3 year period (Ticker: CNA).
2025-07-09 - 22:12:49 - INFO: ROE (ttm) (Yahoo Finance) (Ticker: MAA): 9.37 %
2025-07-09 - 22:12:49 - INFO: CAGR 4Y (EPS) (Ticker: GFL): 26.96 %
2025-07-09 - 22:12:49 - INFO: EVAR 4Y (Net Income) (Ticker: CNA): 63.37%
2025-07-09 - 22:12:49 - INFO: CAGR 4Y (Net Income) (Ticker: GFL): -6.0 %
2025-07-09 - 22:12:49 - INFO: CAGR 4Y (EPS) (Ticker: CNA): 20.47 %
2025-07-09 - 22:12:49 - INFO: Dividend Yield (Ticker: GFL): 0.12 %
2025-07-09 - 22:12:49 - INFO: CAGR 4Y (Net Income) (Ticker: CNA): -6.78 %
2025-07-09 - 22:12:49 - INFO: ROE (ttm) (Yahoo Finance) (Ticker: GFL): -9.64 %
2025-07-09 - 22:12:49 - INFO: Dividend Yield (Ticker: CNA): 3.95 %
2025-07-09 - 22:12:49 - INFO: ROE (ttm) (Yahoo Finance) (Ticker: CNA): 8.98 %
2025-07-09 - 22:12:49 - ERROR: Error while calculating EBIT/TEV ratio (Ticker: MB): No historical data found for MB around 2024-12-31. Cannot calculate (annual) Market Cap!
2025-07-09 - 22:12:49 - ERROR: No historical data found for MB around 2024-12-31. Cannot calculate (annual) Market Cap!
Traceback (most recent call last):
  File "ValueMetrics.py", line 540, in calc_ebit_to_tev
  File "ValueMetrics.py", line 91, in get_operating_income_ttm
ValueMetrics.OperatingIncomeError: No Income Statement (quarterly) data found (Ticker: MB). Cannot calculate EBIT/TEV ratio!

During handling of the above exception, another exception occurred:

Traceback (most recent call last):
  File "StockFactorScreener.py", line 217, in get_ebit_to_tev
  File "ValueMetrics.py", line 570, in calc_ebit_to_tev
  File "ValueMetrics.py", line 451, in calc_enterprise_value_annual
  File "ValueMetrics.py", line 325, in get_market_cap_annual
ValueError: No historical data found for MB around 2024-12-31. Cannot calculate (annual) Market Cap!
2025-07-09 - 22:12:49 - INFO: EBIT/TEV (Ticker: MB): N/A
2025-07-09 - 22:12:49 - INFO: P/B (Ticker: MB): 5.23
2025-07-09 - 22:12:49 - INFO: ROE - Calc (Ticker: MAA): 9.37 %
2025-07-09 - 22:12:49 - INFO: ROE - MSCI (Ticker: MAA): 9.72 %
2025-07-09 - 22:12:49 - INFO: ROA (ttm) (Yahoo Finance) (Ticker: MAA): 3.49 %
2025-07-09 - 22:12:49 - INFO: ---------------------- RPRX ----------------------
2025-07-09 - 22:12:49 - INFO: ROA - Calc (Ticker: MAA): 4.47 %
2025-07-09 - 22:12:49 - INFO: ROE - Calc (Ticker: CNA): 8.98 %
2025-07-09 - 22:12:49 - INFO: P/E (Forward) (Ticker: RPRX): 8.17
2025-07-09 - 22:12:49 - ERROR: Invalid Stock Ticker Symbol: TELIA
2025-07-09 - 22:12:49 - INFO: ROE - MSCI (Ticker: CNA): 8.68 %
2025-07-09 - 22:12:49 - INFO: P/E (Trailing) (Ticker: RPRX): 14.64
2025-07-09 - 22:12:49 - ERROR: Skipping Stock Analysis for TELIA.
2025-07-09 - 22:12:49 - INFO: ROA (ttm) (Yahoo Finance) (Ticker: CNA): 1.19 %
2025-07-09 - 22:12:49 - INFO: ROE - Calc (Ticker: GFL): 37.57 %
2025-07-09 - 22:12:49 - INFO: ROA - Calc (Ticker: CNA): 1.44 %
2025-07-09 - 22:12:49 - INFO: ROE - MSCI (Ticker: GFL): -9.64 %
2025-07-09 - 22:12:49 - INFO: ROA (ttm) (Yahoo Finance) (Ticker: GFL): 1.6 %
2025-07-09 - 22:12:49 - INFO: ROA - Calc (Ticker: GFL): -3.41 %
2025-07-09 - 22:12:49 - ERROR: Invalid Stock Ticker Symbol: 1802
2025-07-09 - 22:12:49 - ERROR: Skipping Stock Analysis for 1802.
2025-07-09 - 22:12:49 - ERROR: Unhandled error analyzing stock (Ticker: MB)
2025-07-09 - 22:12:49 - ERROR: Error fetching Earnings (MB): Error fetching earnings data from 'Alpha Vantage' for MB: No 'annualEarnings' data available for MB on 'Alpha Vantage'. 
 'Alpha Vantage' Response: We have detected your API key as KSXIATXJ1OZKX7X9 and our standard API rate limit is 25 requests per day. Please subscribe to any of the premium plans at https://www.alphavantage.co/premium/ to instantly remove all daily rate limits.
Traceback (most recent call last):
  File "AlphaVantageHelper.py", line 111, in fetch_earnings_alpha_vantage
AlphaVantageHelper.AlphaVantageError: No 'annualEarnings' data available for MB on 'Alpha Vantage'. 
 'Alpha Vantage' Response: We have detected your API key as KSXIATXJ1OZKX7X9 and our standard API rate limit is 25 requests per day. Please subscribe to any of the premium plans at https://www.alphavantage.co/premium/ to instantly remove all daily rate limits.

The above exception was the direct cause of the following exception:

Traceback (most recent call last):
  File "EarningsEngine.py", line 186, in get_earnings
  File "AlphaVantageHelper.py", line 209, in fetch_earnings_alpha_vantage
AlphaVantageHelper.AlphaVantageError: Error fetching earnings data from 'Alpha Vantage' for MB: No 'annualEarnings' data available for MB on 'Alpha Vantage'. 
 'Alpha Vantage' Response: We have detected your API key as KSXIATXJ1OZKX7X9 and our standard API rate limit is 25 requests per day. Please subscribe to any of the premium plans at https://www.alphavantage.co/premium/ to instantly remove all daily rate limits.

The above exception was the direct cause of the following exception:

Traceback (most recent call last):
  File "StockFactorScreener.py", line 437, in analyze_stock
  File "EarningsEngine.py", line 318, in get_earnings
EarningsEngine.NetIncomeCalcError: Error fetching Earnings (MB): Error fetching earnings data from 'Alpha Vantage' for MB: No 'annualEarnings' data available for MB on 'Alpha Vantage'. 
 'Alpha Vantage' Response: We have detected your API key as KSXIATXJ1OZKX7X9 and our standard API rate limit is 25 requests per day. Please subscribe to any of the premium plans at https://www.alphavantage.co/premium/ to instantly remove all daily rate limits.
2025-07-09 - 22:12:49 - CRITICAL: Error analyzing stock (Ticker: LNT): Too Many Requests. Rate limited. Try after a while.!
2025-07-09 - 22:12:49 - ERROR: Too Many Requests. Rate limited. Try after a while.
Traceback (most recent call last):
  File "StockFactorScreener.py", line 866, in analyze_one_stock
  File "yfinance\ticker.py", line 163, in info
  File "yfinance\base.py", line 298, in get_info
  File "yfinance\scrapers\quote.py", line 511, in info
  File "yfinance\scrapers\quote.py", line 610, in _fetch_info
  File "yfinance\scrapers\quote.py", line 590, in _fetch
  File "yfinance\data.py", line 432, in get_raw_json
  File "yfinance\utils.py", line 92, in wrapper
  File "yfinance\data.py", line 370, in get
  File "yfinance\utils.py", line 92, in wrapper
  File "yfinance\data.py", line 414, in _make_request
  File "yfinance\utils.py", line 92, in wrapper
  File "yfinance\data.py", line 360, in _get_cookie_and_crumb
  File "yfinance\utils.py", line 92, in wrapper
  File "yfinance\data.py", line 241, in _get_cookie_and_crumb_basic
  File "yfinance\utils.py", line 92, in wrapper
  File "yfinance\data.py", line 228, in _get_crumb_basic
yfinance.exceptions.YFRateLimitError: Too Many Requests. Rate limited. Try after a while.
2025-07-09 - 22:12:49 - ERROR: Error calculating CFOA (annual) (Ticker: GFL): Error occured while calculcating CFOA (Ticker: GFL): Cannot calculate CFOA! 'Operating Cash Flow' data is missing in the cash flow statement (Ticker: GFL).!
2025-07-09 - 22:12:49 - INFO: CFOA (annual) (Ticker: MAA): 9.3 %
2025-07-09 - 22:12:49 - INFO: CFOA (annual) (Ticker: CNA): 3.87 %
2025-07-09 - 22:12:49 - CRITICAL: Error analyzing stock (Ticker: FNF): Too Many Requests. Rate limited. Try after a while.!
2025-07-09 - 22:12:49 - ERROR: Too Many Requests. Rate limited. Try after a while.
Traceback (most recent call last):
  File "StockFactorScreener.py", line 866, in analyze_one_stock
  File "yfinance\ticker.py", line 163, in info
  File "yfinance\base.py", line 298, in get_info
  File "yfinance\scrapers\quote.py", line 511, in info
  File "yfinance\scrapers\quote.py", line 611, in _fetch_info
  File "yfinance\scrapers\quote.py", line 599, in _fetch_additional_info
  File "yfinance\data.py", line 432, in get_raw_json
  File "yfinance\utils.py", line 92, in wrapper
  File "yfinance\data.py", line 370, in get
  File "yfinance\utils.py", line 92, in wrapper
  File "yfinance\data.py", line 414, in _make_request
  File "yfinance\utils.py", line 92, in wrapper
  File "yfinance\data.py", line 353, in _get_cookie_and_crumb
  File "yfinance\utils.py", line 92, in wrapper
  File "yfinance\data.py", line 336, in _get_crumb_csrf
yfinance.exceptions.YFRateLimitError: Too Many Requests. Rate limited. Try after a while.
2025-07-09 - 22:12:49 - CRITICAL: Error analyzing stock (Ticker: GWO): Too Many Requests. Rate limited. Try after a while.!
2025-07-09 - 22:12:49 - ERROR: Too Many Requests. Rate limited. Try after a while.
Traceback (most recent call last):
  File "StockFactorScreener.py", line 866, in analyze_one_stock
  File "yfinance\ticker.py", line 163, in info
  File "yfinance\base.py", line 298, in get_info
  File "yfinance\scrapers\quote.py", line 511, in info
  File "yfinance\scrapers\quote.py", line 610, in _fetch_info
  File "yfinance\scrapers\quote.py", line 590, in _fetch
  File "yfinance\data.py", line 432, in get_raw_json
  File "yfinance\utils.py", line 92, in wrapper
  File "yfinance\data.py", line 370, in get
  File "yfinance\utils.py", line 92, in wrapper
  File "yfinance\data.py", line 421, in _make_request
yfinance.exceptions.YFRateLimitError: Too Many Requests. Rate limited. Try after a while.
2025-07-09 - 22:12:49 - ERROR: Error calculating CFOA (ttm) (Ticker: GFL): Error occurred while calculcating CFOA TTM (Ticker: GFL): 'Operating Cash Flow'!
2025-07-09 - 22:12:49 - CRITICAL: Error analyzing stock (Ticker: SRG): Too Many Requests. Rate limited. Try after a while.!
2025-07-09 - 22:12:49 - INFO: GPOA (Ticker: GFL): 7.01 %
2025-07-09 - 22:12:49 - ERROR: Too Many Requests. Rate limited. Try after a while.
Traceback (most recent call last):
  File "StockFactorScreener.py", line 866, in analyze_one_stock
  File "yfinance\ticker.py", line 163, in info
  File "yfinance\base.py", line 298, in get_info
  File "yfinance\scrapers\quote.py", line 511, in info
  File "yfinance\scrapers\quote.py", line 610, in _fetch_info
  File "yfinance\scrapers\quote.py", line 590, in _fetch
  File "yfinance\data.py", line 432, in get_raw_json
  File "yfinance\utils.py", line 92, in wrapper
  File "yfinance\data.py", line 370, in get
  File "yfinance\utils.py", line 92, in wrapper
  File "yfinance\data.py", line 421, in _make_request
yfinance.exceptions.YFRateLimitError: Too Many Requests. Rate limited. Try after a while.
2025-07-09 - 22:12:49 - INFO: GPMAR (Ticker: GFL): 18.9 %
2025-07-09 - 22:12:49 - INFO: Profit Margin (Ticker: GFL): 35.79 %
2025-07-09 - 22:12:49 - INFO: Sector: Industrials
2025-07-09 - 22:12:49 - INFO: Industry: Waste Management
2025-07-09 - 22:12:49 - ERROR: Error calculating profitability growth metrics for GFL: Cannot calculate CAGR. No Earnings Growth data available (Ticker: GFL).
2025-07-09 - 22:12:49 - ERROR: Cannot calculate CAGR. No Earnings Growth data available (Ticker: GFL).
Traceback (most recent call last):
  File "StockFactorScreener.py", line 261, in calc_profitability_growth
  File "ProfitabilityCalculator.py", line 1004, in calc_cagr
ProfitabilityCalculator.CAGRCalcError: Cannot calculate CAGR. No Earnings Growth data available (Ticker: GFL).
2025-07-09 - 22:12:49 - ERROR: Error calculating CFOA (ttm) (Ticker: CNA): Error occurred while calculcating CFOA TTM (Ticker: CNA): 'Operating Cash Flow'!
2025-07-09 - 22:12:49 - CRITICAL: Error analyzing stock (Ticker: BKT): Too Many Requests. Rate limited. Try after a while.!
2025-07-09 - 22:12:49 - ERROR: Error calculating CFOA (ttm) (Ticker: MAA): Error occurred while calculcating CFOA TTM (Ticker: MAA): 'Operating Cash Flow'!
2025-07-09 - 22:12:49 - ERROR: Too Many Requests. Rate limited. Try after a while.
Traceback (most recent call last):
  File "StockFactorScreener.py", line 866, in analyze_one_stock
  File "yfinance\ticker.py", line 163, in info
  File "yfinance\base.py", line 298, in get_info
  File "yfinance\scrapers\quote.py", line 511, in info
  File "yfinance\scrapers\quote.py", line 610, in _fetch_info
  File "yfinance\scrapers\quote.py", line 590, in _fetch
  File "yfinance\data.py", line 432, in get_raw_json
  File "yfinance\utils.py", line 92, in wrapper
  File "yfinance\data.py", line 370, in get
  File "yfinance\utils.py", line 92, in wrapper
  File "yfinance\data.py", line 421, in _make_request
yfinance.exceptions.YFRateLimitError: Too Many Requests. Rate limited. Try after a while.
2025-07-09 - 22:12:49 - INFO: GPOA (Ticker: MAA): 6.04 %
2025-07-09 - 22:12:49 - CRITICAL: Error analyzing stock (Ticker: 1812): Too Many Requests. Rate limited. Try after a while.!
2025-07-09 - 22:12:49 - INFO: GPMAR (Ticker: MAA): 32.55 %
2025-07-09 - 22:12:49 - ERROR: Too Many Requests. Rate limited. Try after a while.
Traceback (most recent call last):
  File "StockFactorScreener.py", line 866, in analyze_one_stock
  File "yfinance\ticker.py", line 163, in info
  File "yfinance\base.py", line 298, in get_info
  File "yfinance\scrapers\quote.py", line 511, in info
  File "yfinance\scrapers\quote.py", line 610, in _fetch_info
  File "yfinance\scrapers\quote.py", line 590, in _fetch
  File "yfinance\data.py", line 432, in get_raw_json
  File "yfinance\utils.py", line 92, in wrapper
  File "yfinance\data.py", line 370, in get
  File "yfinance\utils.py", line 92, in wrapper
  File "yfinance\data.py", line 421, in _make_request
yfinance.exceptions.YFRateLimitError: Too Many Requests. Rate limited. Try after a while.
2025-07-09 - 22:12:49 - INFO: Profit Margin (Ticker: MAA): 25.74 %
2025-07-09 - 22:12:49 - INFO: Sector: Real Estate
2025-07-09 - 22:12:49 - INFO: Industry: REIT - Residential
2025-07-09 - 22:12:49 - CRITICAL: Error analyzing stock (Ticker: 1801): Too Many Requests. Rate limited. Try after a while.!
2025-07-09 - 22:12:49 - ERROR: Too Many Requests. Rate limited. Try after a while.
Traceback (most recent call last):
  File "StockFactorScreener.py", line 866, in analyze_one_stock
  File "yfinance\ticker.py", line 163, in info
  File "yfinance\base.py", line 298, in get_info
  File "yfinance\scrapers\quote.py", line 511, in info
  File "yfinance\scrapers\quote.py", line 610, in _fetch_info
  File "yfinance\scrapers\quote.py", line 590, in _fetch
  File "yfinance\data.py", line 432, in get_raw_json
  File "yfinance\utils.py", line 92, in wrapper
  File "yfinance\data.py", line 370, in get
  File "yfinance\utils.py", line 92, in wrapper
  File "yfinance\data.py", line 414, in _make_request
  File "yfinance\utils.py", line 92, in wrapper
  File "yfinance\data.py", line 353, in _get_cookie_and_crumb
  File "yfinance\utils.py", line 92, in wrapper
  File "yfinance\data.py", line 336, in _get_crumb_csrf
yfinance.exceptions.YFRateLimitError: Too Many Requests. Rate limited. Try after a while.
2025-07-09 - 22:12:50 - CRITICAL: Error analyzing stock (Ticker: MPL): Too Many Requests. Rate limited. Try after a while.!
2025-07-09 - 22:12:50 - ERROR: Too Many Requests. Rate limited. Try after a while.
Traceback (most recent call last):
  File "StockFactorScreener.py", line 866, in analyze_one_stock
  File "yfinance\ticker.py", line 163, in info
  File "yfinance\base.py", line 298, in get_info
  File "yfinance\scrapers\quote.py", line 511, in info
  File "yfinance\scrapers\quote.py", line 610, in _fetch_info
  File "yfinance\scrapers\quote.py", line 590, in _fetch
  File "yfinance\data.py", line 432, in get_raw_json
  File "yfinance\utils.py", line 92, in wrapper
  File "yfinance\data.py", line 370, in get
  File "yfinance\utils.py", line 92, in wrapper
  File "yfinance\data.py", line 421, in _make_request
yfinance.exceptions.YFRateLimitError: Too Many Requests. Rate limited. Try after a while.
2025-07-09 - 22:12:50 - CRITICAL: Error analyzing stock (Ticker: 9602): Too Many Requests. Rate limited. Try after a while.!
2025-07-09 - 22:12:50 - ERROR: Too Many Requests. Rate limited. Try after a while.
Traceback (most recent call last):
  File "StockFactorScreener.py", line 866, in analyze_one_stock
  File "yfinance\ticker.py", line 163, in info
  File "yfinance\base.py", line 298, in get_info
  File "yfinance\scrapers\quote.py", line 511, in info
  File "yfinance\scrapers\quote.py", line 610, in _fetch_info
  File "yfinance\scrapers\quote.py", line 590, in _fetch
  File "yfinance\data.py", line 432, in get_raw_json
  File "yfinance\utils.py", line 92, in wrapper
  File "yfinance\data.py", line 370, in get
  File "yfinance\utils.py", line 92, in wrapper
  File "yfinance\data.py", line 414, in _make_request
  File "yfinance\utils.py", line 92, in wrapper
  File "yfinance\data.py", line 360, in _get_cookie_and_crumb
  File "yfinance\utils.py", line 92, in wrapper
  File "yfinance\data.py", line 241, in _get_cookie_and_crumb_basic
  File "yfinance\utils.py", line 92, in wrapper
  File "yfinance\data.py", line 228, in _get_crumb_basic
yfinance.exceptions.YFRateLimitError: Too Many Requests. Rate limited. Try after a while.
2025-07-09 - 22:12:50 - CRITICAL: Error analyzing stock (Ticker: ASRNL): Too Many Requests. Rate limited. Try after a while.!
2025-07-09 - 22:12:50 - ERROR: Too Many Requests. Rate limited. Try after a while.
Traceback (most recent call last):
  File "StockFactorScreener.py", line 866, in analyze_one_stock
  File "yfinance\ticker.py", line 163, in info
  File "yfinance\base.py", line 298, in get_info
  File "yfinance\scrapers\quote.py", line 511, in info
  File "yfinance\scrapers\quote.py", line 610, in _fetch_info
  File "yfinance\scrapers\quote.py", line 590, in _fetch
  File "yfinance\data.py", line 432, in get_raw_json
  File "yfinance\utils.py", line 92, in wrapper
  File "yfinance\data.py", line 370, in get
  File "yfinance\utils.py", line 92, in wrapper
  File "yfinance\data.py", line 421, in _make_request
yfinance.exceptions.YFRateLimitError: Too Many Requests. Rate limited. Try after a while.
2025-07-09 - 22:12:50 - CRITICAL: Error analyzing stock (Ticker: MKS): Too Many Requests. Rate limited. Try after a while.!
2025-07-09 - 22:12:50 - ERROR: Too Many Requests. Rate limited. Try after a while.
Traceback (most recent call last):
  File "StockFactorScreener.py", line 866, in analyze_one_stock
  File "yfinance\ticker.py", line 163, in info
  File "yfinance\base.py", line 298, in get_info
  File "yfinance\scrapers\quote.py", line 511, in info
  File "yfinance\scrapers\quote.py", line 610, in _fetch_info
  File "yfinance\scrapers\quote.py", line 590, in _fetch
  File "yfinance\data.py", line 432, in get_raw_json
  File "yfinance\utils.py", line 92, in wrapper
  File "yfinance\data.py", line 370, in get
  File "yfinance\utils.py", line 92, in wrapper
  File "yfinance\data.py", line 421, in _make_request
yfinance.exceptions.YFRateLimitError: Too Many Requests. Rate limited. Try after a while.
2025-07-09 - 22:12:50 - CRITICAL: Error analyzing stock (Ticker: SCHN): Too Many Requests. Rate limited. Try after a while.!
2025-07-09 - 22:12:50 - ERROR: Too Many Requests. Rate limited. Try after a while.
Traceback (most recent call last):
  File "StockFactorScreener.py", line 866, in analyze_one_stock
  File "yfinance\ticker.py", line 163, in info
  File "yfinance\base.py", line 298, in get_info
  File "yfinance\scrapers\quote.py", line 511, in info
  File "yfinance\scrapers\quote.py", line 610, in _fetch_info
  File "yfinance\scrapers\quote.py", line 590, in _fetch
  File "yfinance\data.py", line 432, in get_raw_json
  File "yfinance\utils.py", line 92, in wrapper
  File "yfinance\data.py", line 370, in get
  File "yfinance\utils.py", line 92, in wrapper
  File "yfinance\data.py", line 421, in _make_request
yfinance.exceptions.YFRateLimitError: Too Many Requests. Rate limited. Try after a while.
2025-07-09 - 22:12:50 - CRITICAL: Error analyzing stock (Ticker: ADM): Too Many Requests. Rate limited. Try after a while.!
2025-07-09 - 22:12:50 - INFO: GPOA (Ticker: CNA): None %
2025-07-09 - 22:12:50 - ERROR: Too Many Requests. Rate limited. Try after a while.
Traceback (most recent call last):
  File "StockFactorScreener.py", line 866, in analyze_one_stock
  File "yfinance\ticker.py", line 163, in info
  File "yfinance\base.py", line 298, in get_info
  File "yfinance\scrapers\quote.py", line 511, in info
  File "yfinance\scrapers\quote.py", line 610, in _fetch_info
  File "yfinance\scrapers\quote.py", line 590, in _fetch
  File "yfinance\data.py", line 432, in get_raw_json
  File "yfinance\utils.py", line 92, in wrapper
  File "yfinance\data.py", line 370, in get
  File "yfinance\utils.py", line 92, in wrapper
  File "yfinance\data.py", line 421, in _make_request
yfinance.exceptions.YFRateLimitError: Too Many Requests. Rate limited. Try after a while.
2025-07-09 - 22:12:50 - INFO: GPMAR (Ticker: CNA): None %
2025-07-09 - 22:12:50 - ERROR: Error calculating GPOA and GPMAR TTM (Ticker: CNA): Cannot calculate GPOA (Ticker: CNA): 'Gross Profit' data is missing in the Income Statement.
2025-07-09 - 22:12:50 - INFO: Profit Margin (Ticker: CNA): 6.19 %
2025-07-09 - 22:12:50 - INFO: Sector: Financial Services
2025-07-09 - 22:12:50 - INFO: Industry: Insurance - Property & Casualty
2025-07-09 - 22:12:50 - ERROR: Error calculating profitability growth metrics for CNA: Cannot calculate CAGR. No Earnings Growth data available (Ticker: CNA).
2025-07-09 - 22:12:50 - ERROR: Cannot calculate CAGR. No Earnings Growth data available (Ticker: CNA).
Traceback (most recent call last):
  File "StockFactorScreener.py", line 249, in calc_profitability_growth
  File "ProfitabilityCalculator.py", line 1004, in calc_cagr
ProfitabilityCalculator.CAGRCalcError: Cannot calculate CAGR. No Earnings Growth data available (Ticker: CNA).
2025-07-09 - 22:12:50 - CRITICAL: Error analyzing stock (Ticker: ALA): Too Many Requests. Rate limited. Try after a while.!
2025-07-09 - 22:12:50 - ERROR: Too Many Requests. Rate limited. Try after a while.
Traceback (most recent call last):
  File "StockFactorScreener.py", line 866, in analyze_one_stock
  File "yfinance\ticker.py", line 163, in info
  File "yfinance\base.py", line 298, in get_info
  File "yfinance\scrapers\quote.py", line 511, in info
  File "yfinance\scrapers\quote.py", line 610, in _fetch_info
  File "yfinance\scrapers\quote.py", line 590, in _fetch
  File "yfinance\data.py", line 432, in get_raw_json
  File "yfinance\utils.py", line 92, in wrapper
  File "yfinance\data.py", line 370, in get
  File "yfinance\utils.py", line 92, in wrapper
  File "yfinance\data.py", line 414, in _make_request
  File "yfinance\utils.py", line 92, in wrapper
  File "yfinance\data.py", line 353, in _get_cookie_and_crumb
  File "yfinance\utils.py", line 92, in wrapper
  File "yfinance\data.py", line 336, in _get_crumb_csrf
yfinance.exceptions.YFRateLimitError: Too Many Requests. Rate limited. Try after a while.
2025-07-09 - 22:12:50 - CRITICAL: Error analyzing stock (Ticker: EN): Too Many Requests. Rate limited. Try after a while.!
2025-07-09 - 22:12:50 - ERROR: Too Many Requests. Rate limited. Try after a while.
Traceback (most recent call last):
  File "StockFactorScreener.py", line 866, in analyze_one_stock
  File "yfinance\ticker.py", line 163, in info
  File "yfinance\base.py", line 298, in get_info
  File "yfinance\scrapers\quote.py", line 511, in info
  File "yfinance\scrapers\quote.py", line 610, in _fetch_info
  File "yfinance\scrapers\quote.py", line 590, in _fetch
  File "yfinance\data.py", line 432, in get_raw_json
  File "yfinance\utils.py", line 92, in wrapper
  File "yfinance\data.py", line 370, in get
  File "yfinance\utils.py", line 92, in wrapper
  File "yfinance\data.py", line 421, in _make_request
yfinance.exceptions.YFRateLimitError: Too Many Requests. Rate limited. Try after a while.
2025-07-09 - 22:12:50 - CRITICAL: Error analyzing stock (Ticker: BPE): Too Many Requests. Rate limited. Try after a while.!
2025-07-09 - 22:12:50 - CRITICAL: Error analyzing stock (Ticker: ORNBV): Too Many Requests. Rate limited. Try after a while.!
2025-07-09 - 22:12:50 - ERROR: Too Many Requests. Rate limited. Try after a while.
Traceback (most recent call last):
  File "StockFactorScreener.py", line 866, in analyze_one_stock
  File "yfinance\ticker.py", line 163, in info
  File "yfinance\base.py", line 298, in get_info
  File "yfinance\scrapers\quote.py", line 511, in info
  File "yfinance\scrapers\quote.py", line 610, in _fetch_info
  File "yfinance\scrapers\quote.py", line 590, in _fetch
  File "yfinance\data.py", line 432, in get_raw_json
  File "yfinance\utils.py", line 92, in wrapper
  File "yfinance\data.py", line 370, in get
  File "yfinance\utils.py", line 92, in wrapper
  File "yfinance\data.py", line 421, in _make_request
yfinance.exceptions.YFRateLimitError: Too Many Requests. Rate limited. Try after a while.
2025-07-09 - 22:12:50 - ERROR: Too Many Requests. Rate limited. Try after a while.
Traceback (most recent call last):
  File "StockFactorScreener.py", line 866, in analyze_one_stock
  File "yfinance\ticker.py", line 163, in info
  File "yfinance\base.py", line 298, in get_info
  File "yfinance\scrapers\quote.py", line 511, in info
  File "yfinance\scrapers\quote.py", line 610, in _fetch_info
  File "yfinance\scrapers\quote.py", line 590, in _fetch
  File "yfinance\data.py", line 432, in get_raw_json
  File "yfinance\utils.py", line 92, in wrapper
  File "yfinance\data.py", line 370, in get
  File "yfinance\utils.py", line 92, in wrapper
  File "yfinance\data.py", line 421, in _make_request
yfinance.exceptions.YFRateLimitError: Too Many Requests. Rate limited. Try after a while.
2025-07-09 - 22:12:50 - ERROR: Error while calculating EBIT/TEV ratio (Ticker: RPRX): No Income Statement (annual) data found (Ticker: RPRX). Cannot calculate EBIT/TEV ratio!
2025-07-09 - 22:12:50 - ERROR: No Income Statement (annual) data found (Ticker: RPRX). Cannot calculate EBIT/TEV ratio!
Traceback (most recent call last):
  File "ValueMetrics.py", line 549, in calc_ebit_to_tev
  File "ValueMetrics.py", line 379, in calc_enterprise_value_latest
ValueError: No Balance Sheet (quarterly) data found (Ticker: RPRX). Cannot calculate Enterprise Value!

During handling of the above exception, another exception occurred:

Traceback (most recent call last):
  File "StockFactorScreener.py", line 217, in get_ebit_to_tev
  File "ValueMetrics.py", line 562, in calc_ebit_to_tev
  File "ValueMetrics.py", line 161, in get_operating_income_annual
ValueMetrics.OperatingIncomeError: No Income Statement (annual) data found (Ticker: RPRX). Cannot calculate EBIT/TEV ratio!
2025-07-09 - 22:12:50 - INFO: EBIT/TEV (Ticker: RPRX): N/A
2025-07-09 - 22:12:50 - INFO: P/B (Ticker: RPRX): 2.28
2025-07-09 - 22:12:50 - ERROR: Unhandled error analyzing stock (Ticker: RPRX)
2025-07-09 - 22:12:50 - ERROR: Error fetching Earnings (RPRX): No Annual Income Statement data found on Yahoo Finance (Ticker: RPRX).
Traceback (most recent call last):
  File "EarningsEngine.py", line 151, in get_earnings
EarningsEngine.NetIncomeCalcError: No Annual Income Statement data found on Yahoo Finance (Ticker: RPRX).

The above exception was the direct cause of the following exception:

Traceback (most recent call last):
  File "StockFactorScreener.py", line 437, in analyze_stock
  File "EarningsEngine.py", line 318, in get_earnings
EarningsEngine.NetIncomeCalcError: Error fetching Earnings (RPRX): No Annual Income Statement data found on Yahoo Finance (Ticker: RPRX).
2025-07-09 - 22:12:50 - CRITICAL: Error analyzing stock (Ticker: PAAS): Too Many Requests. Rate limited. Try after a while.!
2025-07-09 - 22:12:50 - ERROR: Too Many Requests. Rate limited. Try after a while.
Traceback (most recent call last):
  File "StockFactorScreener.py", line 866, in analyze_one_stock
  File "yfinance\ticker.py", line 163, in info
  File "yfinance\base.py", line 298, in get_info
  File "yfinance\scrapers\quote.py", line 511, in info
  File "yfinance\scrapers\quote.py", line 610, in _fetch_info
  File "yfinance\scrapers\quote.py", line 590, in _fetch
  File "yfinance\data.py", line 432, in get_raw_json
  File "yfinance\utils.py", line 92, in wrapper
  File "yfinance\data.py", line 370, in get
  File "yfinance\utils.py", line 92, in wrapper
  File "yfinance\data.py", line 414, in _make_request
  File "yfinance\utils.py", line 92, in wrapper
  File "yfinance\data.py", line 360, in _get_cookie_and_crumb
  File "yfinance\utils.py", line 92, in wrapper
  File "yfinance\data.py", line 241, in _get_cookie_and_crumb_basic
  File "yfinance\utils.py", line 92, in wrapper
  File "yfinance\data.py", line 228, in _get_crumb_basic
yfinance.exceptions.YFRateLimitError: Too Many Requests. Rate limited. Try after a while.
2025-07-09 - 22:12:50 - CRITICAL: Error analyzing stock (Ticker: EFN): Too Many Requests. Rate limited. Try after a while.!
2025-07-09 - 22:12:50 - ERROR: Too Many Requests. Rate limited. Try after a while.
Traceback (most recent call last):
  File "StockFactorScreener.py", line 866, in analyze_one_stock
  File "yfinance\ticker.py", line 163, in info
  File "yfinance\base.py", line 298, in get_info
  File "yfinance\scrapers\quote.py", line 511, in info
  File "yfinance\scrapers\quote.py", line 610, in _fetch_info
  File "yfinance\scrapers\quote.py", line 590, in _fetch
  File "yfinance\data.py", line 432, in get_raw_json
  File "yfinance\utils.py", line 92, in wrapper
  File "yfinance\data.py", line 370, in get
  File "yfinance\utils.py", line 92, in wrapper
  File "yfinance\data.py", line 421, in _make_request
yfinance.exceptions.YFRateLimitError: Too Many Requests. Rate limited. Try after a while.
2025-07-09 - 22:12:50 - CRITICAL: Error analyzing stock (Ticker: LIFCO B): Too Many Requests. Rate limited. Try after a while.!
2025-07-09 - 22:12:50 - CRITICAL: Error analyzing stock (Ticker: TEL): Too Many Requests. Rate limited. Try after a while.!
2025-07-09 - 22:12:50 - ERROR: Too Many Requests. Rate limited. Try after a while.
Traceback (most recent call last):
  File "StockFactorScreener.py", line 866, in analyze_one_stock
  File "yfinance\ticker.py", line 163, in info
  File "yfinance\base.py", line 298, in get_info
  File "yfinance\scrapers\quote.py", line 511, in info
  File "yfinance\scrapers\quote.py", line 610, in _fetch_info
  File "yfinance\scrapers\quote.py", line 590, in _fetch
  File "yfinance\data.py", line 432, in get_raw_json
  File "yfinance\utils.py", line 92, in wrapper
  File "yfinance\data.py", line 370, in get
  File "yfinance\utils.py", line 92, in wrapper
  File "yfinance\data.py", line 421, in _make_request
yfinance.exceptions.YFRateLimitError: Too Many Requests. Rate limited. Try after a while.
2025-07-09 - 22:12:50 - ERROR: Too Many Requests. Rate limited. Try after a while.
Traceback (most recent call last):
  File "StockFactorScreener.py", line 866, in analyze_one_stock
  File "yfinance\ticker.py", line 163, in info
  File "yfinance\base.py", line 298, in get_info
  File "yfinance\scrapers\quote.py", line 511, in info
  File "yfinance\scrapers\quote.py", line 610, in _fetch_info
  File "yfinance\scrapers\quote.py", line 590, in _fetch
  File "yfinance\data.py", line 432, in get_raw_json
  File "yfinance\utils.py", line 92, in wrapper
  File "yfinance\data.py", line 370, in get
  File "yfinance\utils.py", line 92, in wrapper
  File "yfinance\data.py", line 421, in _make_request
yfinance.exceptions.YFRateLimitError: Too Many Requests. Rate limited. Try after a while.
2025-07-09 - 22:12:50 - CRITICAL: Error analyzing stock (Ticker: SMIN): Too Many Requests. Rate limited. Try after a while.!
2025-07-09 - 22:12:50 - CRITICAL: Error analyzing stock (Ticker: 4704): Too Many Requests. Rate limited. Try after a while.!
2025-07-09 - 22:12:50 - ERROR: Too Many Requests. Rate limited. Try after a while.
Traceback (most recent call last):
  File "StockFactorScreener.py", line 866, in analyze_one_stock
  File "yfinance\ticker.py", line 163, in info
  File "yfinance\base.py", line 298, in get_info
  File "yfinance\scrapers\quote.py", line 511, in info
  File "yfinance\scrapers\quote.py", line 610, in _fetch_info
  File "yfinance\scrapers\quote.py", line 590, in _fetch
  File "yfinance\data.py", line 432, in get_raw_json
  File "yfinance\utils.py", line 92, in wrapper
  File "yfinance\data.py", line 370, in get
  File "yfinance\utils.py", line 92, in wrapper
  File "yfinance\data.py", line 421, in _make_request
yfinance.exceptions.YFRateLimitError: Too Many Requests. Rate limited. Try after a while.
2025-07-09 - 22:12:50 - ERROR: Too Many Requests. Rate limited. Try after a while.
Traceback (most recent call last):
  File "StockFactorScreener.py", line 866, in analyze_one_stock
  File "yfinance\ticker.py", line 163, in info
  File "yfinance\base.py", line 298, in get_info
  File "yfinance\scrapers\quote.py", line 511, in info
  File "yfinance\scrapers\quote.py", line 610, in _fetch_info
  File "yfinance\scrapers\quote.py", line 590, in _fetch
  File "yfinance\data.py", line 432, in get_raw_json
  File "yfinance\utils.py", line 92, in wrapper
  File "yfinance\data.py", line 370, in get
  File "yfinance\utils.py", line 92, in wrapper
  File "yfinance\data.py", line 421, in _make_request
yfinance.exceptions.YFRateLimitError: Too Many Requests. Rate limited. Try after a while.
2025-07-09 - 22:12:50 - CRITICAL: Error analyzing stock (Ticker: RO): Too Many Requests. Rate limited. Try after a while.!
2025-07-09 - 22:12:50 - ERROR: Too Many Requests. Rate limited. Try after a while.
Traceback (most recent call last):
  File "StockFactorScreener.py", line 866, in analyze_one_stock
  File "yfinance\ticker.py", line 163, in info
  File "yfinance\base.py", line 298, in get_info
  File "yfinance\scrapers\quote.py", line 511, in info
  File "yfinance\scrapers\quote.py", line 610, in _fetch_info
  File "yfinance\scrapers\quote.py", line 590, in _fetch
  File "yfinance\data.py", line 432, in get_raw_json
  File "yfinance\utils.py", line 92, in wrapper
  File "yfinance\data.py", line 370, in get
  File "yfinance\utils.py", line 92, in wrapper
  File "yfinance\data.py", line 414, in _make_request
  File "yfinance\utils.py", line 92, in wrapper
  File "yfinance\data.py", line 353, in _get_cookie_and_crumb
  File "yfinance\utils.py", line 92, in wrapper
  File "yfinance\data.py", line 336, in _get_crumb_csrf
yfinance.exceptions.YFRateLimitError: Too Many Requests. Rate limited. Try after a while.
2025-07-09 - 22:12:50 - CRITICAL: Error analyzing stock (Ticker: ADDT B): Too Many Requests. Rate limited. Try after a while.!
2025-07-09 - 22:12:50 - ERROR: Too Many Requests. Rate limited. Try after a while.
Traceback (most recent call last):
  File "StockFactorScreener.py", line 866, in analyze_one_stock
  File "yfinance\ticker.py", line 163, in info
  File "yfinance\base.py", line 298, in get_info
  File "yfinance\scrapers\quote.py", line 511, in info
  File "yfinance\scrapers\quote.py", line 610, in _fetch_info
  File "yfinance\scrapers\quote.py", line 590, in _fetch
  File "yfinance\data.py", line 432, in get_raw_json
  File "yfinance\utils.py", line 92, in wrapper
  File "yfinance\data.py", line 370, in get
  File "yfinance\utils.py", line 92, in wrapper
  File "yfinance\data.py", line 421, in _make_request
yfinance.exceptions.YFRateLimitError: Too Many Requests. Rate limited. Try after a while.
2025-07-09 - 22:12:50 - CRITICAL: Error analyzing stock (Ticker: EMP.A): Too Many Requests. Rate limited. Try after a while.!
2025-07-09 - 22:12:50 - ERROR: Too Many Requests. Rate limited. Try after a while.
Traceback (most recent call last):
  File "StockFactorScreener.py", line 866, in analyze_one_stock
  File "yfinance\ticker.py", line 163, in info
  File "yfinance\base.py", line 298, in get_info
  File "yfinance\scrapers\quote.py", line 511, in info
  File "yfinance\scrapers\quote.py", line 610, in _fetch_info
  File "yfinance\scrapers\quote.py", line 590, in _fetch
  File "yfinance\data.py", line 432, in get_raw_json
  File "yfinance\utils.py", line 92, in wrapper
  File "yfinance\data.py", line 370, in get
  File "yfinance\utils.py", line 92, in wrapper
  File "yfinance\data.py", line 421, in _make_request
yfinance.exceptions.YFRateLimitError: Too Many Requests. Rate limited. Try after a while.
2025-07-09 - 22:12:50 - CRITICAL: Error analyzing stock (Ticker: CAE): Too Many Requests. Rate limited. Try after a while.!
2025-07-09 - 22:12:50 - ERROR: Too Many Requests. Rate limited. Try after a while.
Traceback (most recent call last):
  File "StockFactorScreener.py", line 866, in analyze_one_stock
  File "yfinance\ticker.py", line 163, in info
  File "yfinance\base.py", line 298, in get_info
  File "yfinance\scrapers\quote.py", line 511, in info
  File "yfinance\scrapers\quote.py", line 610, in _fetch_info
  File "yfinance\scrapers\quote.py", line 590, in _fetch
  File "yfinance\data.py", line 432, in get_raw_json
  File "yfinance\utils.py", line 92, in wrapper
  File "yfinance\data.py", line 370, in get
  File "yfinance\utils.py", line 92, in wrapper
  File "yfinance\data.py", line 414, in _make_request
  File "yfinance\utils.py", line 92, in wrapper
  File "yfinance\data.py", line 360, in _get_cookie_and_crumb
  File "yfinance\utils.py", line 92, in wrapper
  File "yfinance\data.py", line 241, in _get_cookie_and_crumb_basic
  File "yfinance\utils.py", line 92, in wrapper
  File "yfinance\data.py", line 228, in _get_crumb_basic
yfinance.exceptions.YFRateLimitError: Too Many Requests. Rate limited. Try after a while.
2025-07-09 - 22:12:50 - CRITICAL: Error analyzing stock (Ticker: HEI): Too Many Requests. Rate limited. Try after a while.!
2025-07-09 - 22:12:50 - ERROR: Too Many Requests. Rate limited. Try after a while.
Traceback (most recent call last):
  File "StockFactorScreener.py", line 866, in analyze_one_stock
  File "yfinance\ticker.py", line 163, in info
  File "yfinance\base.py", line 298, in get_info
  File "yfinance\scrapers\quote.py", line 511, in info
  File "yfinance\scrapers\quote.py", line 610, in _fetch_info
  File "yfinance\scrapers\quote.py", line 590, in _fetch
  File "yfinance\data.py", line 432, in get_raw_json
  File "yfinance\utils.py", line 92, in wrapper
  File "yfinance\data.py", line 370, in get
  File "yfinance\utils.py", line 92, in wrapper
  File "yfinance\data.py", line 421, in _make_request
yfinance.exceptions.YFRateLimitError: Too Many Requests. Rate limited. Try after a while.
2025-07-09 - 22:12:50 - CRITICAL: Error analyzing stock (Ticker: SECU B): Too Many Requests. Rate limited. Try after a while.!
2025-07-09 - 22:12:50 - ERROR: Too Many Requests. Rate limited. Try after a while.
Traceback (most recent call last):
  File "StockFactorScreener.py", line 866, in analyze_one_stock
  File "yfinance\ticker.py", line 163, in info
  File "yfinance\base.py", line 298, in get_info
  File "yfinance\scrapers\quote.py", line 511, in info
  File "yfinance\scrapers\quote.py", line 610, in _fetch_info
  File "yfinance\scrapers\quote.py", line 590, in _fetch
  File "yfinance\data.py", line 432, in get_raw_json
  File "yfinance\utils.py", line 92, in wrapper
  File "yfinance\data.py", line 370, in get
  File "yfinance\utils.py", line 92, in wrapper
  File "yfinance\data.py", line 421, in _make_request
yfinance.exceptions.YFRateLimitError: Too Many Requests. Rate limited. Try after a while.
2025-07-09 - 22:12:50 - CRITICAL: Error analyzing stock (Ticker: REA): Too Many Requests. Rate limited. Try after a while.!
2025-07-09 - 22:12:50 - CRITICAL: Error analyzing stock (Ticker: ALO.PA): Too Many Requests. Rate limited. Try after a while.!
2025-07-09 - 22:12:50 - ERROR: Too Many Requests. Rate limited. Try after a while.
Traceback (most recent call last):
  File "StockFactorScreener.py", line 866, in analyze_one_stock
  File "yfinance\ticker.py", line 163, in info
  File "yfinance\base.py", line 298, in get_info
  File "yfinance\scrapers\quote.py", line 511, in info
  File "yfinance\scrapers\quote.py", line 610, in _fetch_info
  File "yfinance\scrapers\quote.py", line 590, in _fetch
  File "yfinance\data.py", line 432, in get_raw_json
  File "yfinance\utils.py", line 92, in wrapper
  File "yfinance\data.py", line 370, in get
  File "yfinance\utils.py", line 92, in wrapper
  File "yfinance\data.py", line 421, in _make_request
yfinance.exceptions.YFRateLimitError: Too Many Requests. Rate limited. Try after a while.
2025-07-09 - 22:12:50 - ERROR: Too Many Requests. Rate limited. Try after a while.
Traceback (most recent call last):
  File "StockFactorScreener.py", line 866, in analyze_one_stock
  File "yfinance\ticker.py", line 163, in info
  File "yfinance\base.py", line 298, in get_info
  File "yfinance\scrapers\quote.py", line 511, in info
  File "yfinance\scrapers\quote.py", line 610, in _fetch_info
  File "yfinance\scrapers\quote.py", line 590, in _fetch
  File "yfinance\data.py", line 432, in get_raw_json
  File "yfinance\utils.py", line 92, in wrapper
  File "yfinance\data.py", line 370, in get
  File "yfinance\utils.py", line 92, in wrapper
  File "yfinance\data.py", line 421, in _make_request
yfinance.exceptions.YFRateLimitError: Too Many Requests. Rate limited. Try after a while.
2025-07-09 - 22:12:50 - CRITICAL: Error analyzing stock (Ticker: FOX): Too Many Requests. Rate limited. Try after a while.!
2025-07-09 - 22:12:50 - ERROR: Too Many Requests. Rate limited. Try after a while.
Traceback (most recent call last):
  File "StockFactorScreener.py", line 866, in analyze_one_stock
  File "yfinance\ticker.py", line 163, in info
  File "yfinance\base.py", line 298, in get_info
  File "yfinance\scrapers\quote.py", line 511, in info
  File "yfinance\scrapers\quote.py", line 610, in _fetch_info
  File "yfinance\scrapers\quote.py", line 590, in _fetch
  File "yfinance\data.py", line 432, in get_raw_json
  File "yfinance\utils.py", line 92, in wrapper
  File "yfinance\data.py", line 370, in get
  File "yfinance\utils.py", line 92, in wrapper
  File "yfinance\data.py", line 414, in _make_request
  File "yfinance\utils.py", line 92, in wrapper
  File "yfinance\data.py", line 353, in _get_cookie_and_crumb
  File "yfinance\utils.py", line 92, in wrapper
  File "yfinance\data.py", line 336, in _get_crumb_csrf
yfinance.exceptions.YFRateLimitError: Too Many Requests. Rate limited. Try after a while.
2025-07-09 - 22:12:51 - CRITICAL: Error analyzing stock (Ticker: TIT): Too Many Requests. Rate limited. Try after a while.!
2025-07-09 - 22:12:51 - ERROR: Too Many Requests. Rate limited. Try after a while.
Traceback (most recent call last):
  File "StockFactorScreener.py", line 866, in analyze_one_stock
  File "yfinance\ticker.py", line 163, in info
  File "yfinance\base.py", line 298, in get_info
  File "yfinance\scrapers\quote.py", line 511, in info
  File "yfinance\scrapers\quote.py", line 610, in _fetch_info
  File "yfinance\scrapers\quote.py", line 590, in _fetch
  File "yfinance\data.py", line 432, in get_raw_json
  File "yfinance\utils.py", line 92, in wrapper
  File "yfinance\data.py", line 370, in get
  File "yfinance\utils.py", line 92, in wrapper
  File "yfinance\data.py", line 421, in _make_request
yfinance.exceptions.YFRateLimitError: Too Many Requests. Rate limited. Try after a while.
2025-07-09 - 22:12:51 - CRITICAL: Error analyzing stock (Ticker: SGP): Too Many Requests. Rate limited. Try after a while.!
2025-07-09 - 22:12:51 - ERROR: Too Many Requests. Rate limited. Try after a while.
Traceback (most recent call last):
  File "StockFactorScreener.py", line 866, in analyze_one_stock
  File "yfinance\ticker.py", line 163, in info
  File "yfinance\base.py", line 298, in get_info
  File "yfinance\scrapers\quote.py", line 511, in info
  File "yfinance\scrapers\quote.py", line 610, in _fetch_info
  File "yfinance\scrapers\quote.py", line 590, in _fetch
  File "yfinance\data.py", line 432, in get_raw_json
  File "yfinance\utils.py", line 92, in wrapper
  File "yfinance\data.py", line 370, in get
  File "yfinance\utils.py", line 92, in wrapper
  File "yfinance\data.py", line 421, in _make_request
yfinance.exceptions.YFRateLimitError: Too Many Requests. Rate limited. Try after a while.
2025-07-09 - 22:12:51 - CRITICAL: Error analyzing stock (Ticker: KEY): Too Many Requests. Rate limited. Try after a while.!
2025-07-09 - 22:12:51 - ERROR: Too Many Requests. Rate limited. Try after a while.
Traceback (most recent call last):
  File "StockFactorScreener.py", line 866, in analyze_one_stock
  File "yfinance\ticker.py", line 163, in info
  File "yfinance\base.py", line 298, in get_info
  File "yfinance\scrapers\quote.py", line 511, in info
  File "yfinance\scrapers\quote.py", line 610, in _fetch_info
  File "yfinance\scrapers\quote.py", line 590, in _fetch
  File "yfinance\data.py", line 432, in get_raw_json
  File "yfinance\utils.py", line 92, in wrapper
  File "yfinance\data.py", line 370, in get
  File "yfinance\utils.py", line 92, in wrapper
  File "yfinance\data.py", line 414, in _make_request
  File "yfinance\utils.py", line 92, in wrapper
  File "yfinance\data.py", line 360, in _get_cookie_and_crumb
  File "yfinance\utils.py", line 92, in wrapper
  File "yfinance\data.py", line 241, in _get_cookie_and_crumb_basic
  File "yfinance\utils.py", line 92, in wrapper
  File "yfinance\data.py", line 228, in _get_crumb_basic
yfinance.exceptions.YFRateLimitError: Too Many Requests. Rate limited. Try after a while.
2025-07-09 - 22:12:51 - CRITICAL: Error analyzing stock (Ticker: 9719): Too Many Requests. Rate limited. Try after a while.!
2025-07-09 - 22:12:51 - CRITICAL: Error analyzing stock (Ticker: 6383): Too Many Requests. Rate limited. Try after a while.!
2025-07-09 - 22:12:51 - ERROR: Too Many Requests. Rate limited. Try after a while.
Traceback (most recent call last):
  File "StockFactorScreener.py", line 866, in analyze_one_stock
  File "yfinance\ticker.py", line 163, in info
  File "yfinance\base.py", line 298, in get_info
  File "yfinance\scrapers\quote.py", line 511, in info
  File "yfinance\scrapers\quote.py", line 610, in _fetch_info
  File "yfinance\scrapers\quote.py", line 590, in _fetch
  File "yfinance\data.py", line 432, in get_raw_json
  File "yfinance\utils.py", line 92, in wrapper
  File "yfinance\data.py", line 370, in get
  File "yfinance\utils.py", line 92, in wrapper
  File "yfinance\data.py", line 421, in _make_request
yfinance.exceptions.YFRateLimitError: Too Many Requests. Rate limited. Try after a while.
2025-07-09 - 22:12:51 - ERROR: Too Many Requests. Rate limited. Try after a while.
Traceback (most recent call last):
  File "StockFactorScreener.py", line 866, in analyze_one_stock
  File "yfinance\ticker.py", line 163, in info
  File "yfinance\base.py", line 298, in get_info
  File "yfinance\scrapers\quote.py", line 511, in info
  File "yfinance\scrapers\quote.py", line 610, in _fetch_info
  File "yfinance\scrapers\quote.py", line 590, in _fetch
  File "yfinance\data.py", line 432, in get_raw_json
  File "yfinance\utils.py", line 92, in wrapper
  File "yfinance\data.py", line 370, in get
  File "yfinance\utils.py", line 92, in wrapper
  File "yfinance\data.py", line 421, in _make_request
yfinance.exceptions.YFRateLimitError: Too Many Requests. Rate limited. Try after a while.
2025-07-09 - 22:12:51 - CRITICAL: Error analyzing stock (Ticker: 3088): Too Many Requests. Rate limited. Try after a while.!
2025-07-09 - 22:12:51 - CRITICAL: Error analyzing stock (Ticker: ICL): Too Many Requests. Rate limited. Try after a while.!
2025-07-09 - 22:12:51 - ERROR: Too Many Requests. Rate limited. Try after a while.
Traceback (most recent call last):
  File "StockFactorScreener.py", line 866, in analyze_one_stock
  File "yfinance\ticker.py", line 163, in info
  File "yfinance\base.py", line 298, in get_info
  File "yfinance\scrapers\quote.py", line 511, in info
  File "yfinance\scrapers\quote.py", line 610, in _fetch_info
  File "yfinance\scrapers\quote.py", line 590, in _fetch
  File "yfinance\data.py", line 432, in get_raw_json
  File "yfinance\utils.py", line 92, in wrapper
  File "yfinance\data.py", line 370, in get
  File "yfinance\utils.py", line 92, in wrapper
  File "yfinance\data.py", line 421, in _make_request
yfinance.exceptions.YFRateLimitError: Too Many Requests. Rate limited. Try after a while.
2025-07-09 - 22:12:51 - ERROR: Too Many Requests. Rate limited. Try after a while.
Traceback (most recent call last):
  File "StockFactorScreener.py", line 866, in analyze_one_stock
  File "yfinance\ticker.py", line 163, in info
  File "yfinance\base.py", line 298, in get_info
  File "yfinance\scrapers\quote.py", line 511, in info
  File "yfinance\scrapers\quote.py", line 610, in _fetch_info
  File "yfinance\scrapers\quote.py", line 590, in _fetch
  File "yfinance\data.py", line 432, in get_raw_json
  File "yfinance\utils.py", line 92, in wrapper
  File "yfinance\data.py", line 370, in get
  File "yfinance\utils.py", line 92, in wrapper
  File "yfinance\data.py", line 421, in _make_request
yfinance.exceptions.YFRateLimitError: Too Many Requests. Rate limited. Try after a while.
2025-07-09 - 22:12:51 - CRITICAL: Error analyzing stock (Ticker: EVD): Too Many Requests. Rate limited. Try after a while.!
2025-07-09 - 22:12:51 - ERROR: Too Many Requests. Rate limited. Try after a while.
Traceback (most recent call last):
  File "StockFactorScreener.py", line 866, in analyze_one_stock
  File "yfinance\ticker.py", line 163, in info
  File "yfinance\base.py", line 298, in get_info
  File "yfinance\scrapers\quote.py", line 511, in info
  File "yfinance\scrapers\quote.py", line 610, in _fetch_info
  File "yfinance\scrapers\quote.py", line 590, in _fetch
  File "yfinance\data.py", line 432, in get_raw_json
  File "yfinance\utils.py", line 92, in wrapper
  File "yfinance\data.py", line 370, in get
  File "yfinance\utils.py", line 92, in wrapper
  File "yfinance\data.py", line 414, in _make_request
  File "yfinance\utils.py", line 92, in wrapper
  File "yfinance\data.py", line 353, in _get_cookie_and_crumb
  File "yfinance\utils.py", line 92, in wrapper
  File "yfinance\data.py", line 336, in _get_crumb_csrf
yfinance.exceptions.YFRateLimitError: Too Many Requests. Rate limited. Try after a while.
2025-07-09 - 22:12:51 - CRITICAL: Error analyzing stock (Ticker: SGH): Too Many Requests. Rate limited. Try after a while.!
2025-07-09 - 22:12:51 - ERROR: Too Many Requests. Rate limited. Try after a while.
Traceback (most recent call last):
  File "StockFactorScreener.py", line 866, in analyze_one_stock
  File "yfinance\ticker.py", line 163, in info
  File "yfinance\base.py", line 298, in get_info
  File "yfinance\scrapers\quote.py", line 511, in info
  File "yfinance\scrapers\quote.py", line 610, in _fetch_info
  File "yfinance\scrapers\quote.py", line 590, in _fetch
  File "yfinance\data.py", line 432, in get_raw_json
  File "yfinance\utils.py", line 92, in wrapper
  File "yfinance\data.py", line 370, in get
  File "yfinance\utils.py", line 92, in wrapper
  File "yfinance\data.py", line 421, in _make_request
yfinance.exceptions.YFRateLimitError: Too Many Requests. Rate limited. Try after a while.
2025-07-09 - 22:12:51 - CRITICAL: Error analyzing stock (Ticker: H78): Too Many Requests. Rate limited. Try after a while.!
2025-07-09 - 22:12:51 - ERROR: Too Many Requests. Rate limited. Try after a while.
Traceback (most recent call last):
  File "StockFactorScreener.py", line 866, in analyze_one_stock
  File "yfinance\ticker.py", line 163, in info
  File "yfinance\base.py", line 298, in get_info
  File "yfinance\scrapers\quote.py", line 511, in info
  File "yfinance\scrapers\quote.py", line 610, in _fetch_info
  File "yfinance\scrapers\quote.py", line 590, in _fetch
  File "yfinance\data.py", line 432, in get_raw_json
  File "yfinance\utils.py", line 92, in wrapper
  File "yfinance\data.py", line 370, in get
  File "yfinance\utils.py", line 92, in wrapper
  File "yfinance\data.py", line 421, in _make_request
yfinance.exceptions.YFRateLimitError: Too Many Requests. Rate limited. Try after a while.
2025-07-09 - 22:12:51 - CRITICAL: Error analyzing stock (Ticker: QAN): Too Many Requests. Rate limited. Try after a while.!
2025-07-09 - 22:12:51 - ERROR: Too Many Requests. Rate limited. Try after a while.
Traceback (most recent call last):
  File "StockFactorScreener.py", line 866, in analyze_one_stock
  File "yfinance\ticker.py", line 163, in info
  File "yfinance\base.py", line 298, in get_info
  File "yfinance\scrapers\quote.py", line 511, in info
  File "yfinance\scrapers\quote.py", line 610, in _fetch_info
  File "yfinance\scrapers\quote.py", line 590, in _fetch
  File "yfinance\data.py", line 432, in get_raw_json
  File "yfinance\utils.py", line 92, in wrapper
  File "yfinance\data.py", line 370, in get
  File "yfinance\utils.py", line 92, in wrapper
  File "yfinance\data.py", line 414, in _make_request
  File "yfinance\utils.py", line 92, in wrapper
  File "yfinance\data.py", line 360, in _get_cookie_and_crumb
  File "yfinance\utils.py", line 92, in wrapper
  File "yfinance\data.py", line 241, in _get_cookie_and_crumb_basic
  File "yfinance\utils.py", line 92, in wrapper
  File "yfinance\data.py", line 228, in _get_crumb_basic
yfinance.exceptions.YFRateLimitError: Too Many Requests. Rate limited. Try after a while.
2025-07-09 - 22:12:51 - CRITICAL: Error analyzing stock (Ticker: 4716): Too Many Requests. Rate limited. Try after a while.!
2025-07-09 - 22:12:51 - ERROR: Too Many Requests. Rate limited. Try after a while.
Traceback (most recent call last):
  File "StockFactorScreener.py", line 866, in analyze_one_stock
  File "yfinance\ticker.py", line 163, in info
  File "yfinance\base.py", line 298, in get_info
  File "yfinance\scrapers\quote.py", line 511, in info
  File "yfinance\scrapers\quote.py", line 610, in _fetch_info
  File "yfinance\scrapers\quote.py", line 590, in _fetch
  File "yfinance\data.py", line 432, in get_raw_json
  File "yfinance\utils.py", line 92, in wrapper
  File "yfinance\data.py", line 370, in get
  File "yfinance\utils.py", line 92, in wrapper
  File "yfinance\data.py", line 421, in _make_request
yfinance.exceptions.YFRateLimitError: Too Many Requests. Rate limited. Try after a while.
2025-07-09 - 22:12:51 - CRITICAL: Error analyzing stock (Ticker: PHNX): Too Many Requests. Rate limited. Try after a while.!
2025-07-09 - 22:12:51 - ERROR: Too Many Requests. Rate limited. Try after a while.
Traceback (most recent call last):
  File "StockFactorScreener.py", line 866, in analyze_one_stock
  File "yfinance\ticker.py", line 163, in info
  File "yfinance\base.py", line 298, in get_info
  File "yfinance\scrapers\quote.py", line 511, in info
  File "yfinance\scrapers\quote.py", line 610, in _fetch_info
  File "yfinance\scrapers\quote.py", line 590, in _fetch
  File "yfinance\data.py", line 432, in get_raw_json
  File "yfinance\utils.py", line 92, in wrapper
  File "yfinance\data.py", line 370, in get
  File "yfinance\utils.py", line 92, in wrapper
  File "yfinance\data.py", line 421, in _make_request
yfinance.exceptions.YFRateLimitError: Too Many Requests. Rate limited. Try after a while.
2025-07-09 - 22:12:51 - CRITICAL: Error analyzing stock (Ticker: 9435): Too Many Requests. Rate limited. Try after a while.!
2025-07-09 - 22:12:51 - CRITICAL: Error analyzing stock (Ticker: 6823): Too Many Requests. Rate limited. Try after a while.!
2025-07-09 - 22:12:51 - ERROR: Too Many Requests. Rate limited. Try after a while.
Traceback (most recent call last):
  File "StockFactorScreener.py", line 866, in analyze_one_stock
  File "yfinance\ticker.py", line 163, in info
  File "yfinance\base.py", line 298, in get_info
  File "yfinance\scrapers\quote.py", line 511, in info
  File "yfinance\scrapers\quote.py", line 610, in _fetch_info
  File "yfinance\scrapers\quote.py", line 590, in _fetch
  File "yfinance\data.py", line 432, in get_raw_json
  File "yfinance\utils.py", line 92, in wrapper
  File "yfinance\data.py", line 370, in get
  File "yfinance\utils.py", line 92, in wrapper
  File "yfinance\data.py", line 421, in _make_request
yfinance.exceptions.YFRateLimitError: Too Many Requests. Rate limited. Try after a while.
2025-07-09 - 22:12:51 - ERROR: Too Many Requests. Rate limited. Try after a while.
Traceback (most recent call last):
  File "StockFactorScreener.py", line 866, in analyze_one_stock
  File "yfinance\ticker.py", line 163, in info
  File "yfinance\base.py", line 298, in get_info
  File "yfinance\scrapers\quote.py", line 511, in info
  File "yfinance\scrapers\quote.py", line 610, in _fetch_info
  File "yfinance\scrapers\quote.py", line 590, in _fetch
  File "yfinance\data.py", line 432, in get_raw_json
  File "yfinance\utils.py", line 92, in wrapper
  File "yfinance\data.py", line 370, in get
  File "yfinance\utils.py", line 92, in wrapper
  File "yfinance\data.py", line 421, in _make_request
yfinance.exceptions.YFRateLimitError: Too Many Requests. Rate limited. Try after a while.
2025-07-09 - 22:12:51 - CRITICAL: Error analyzing stock (Ticker: WIX): Too Many Requests. Rate limited. Try after a while.!
2025-07-09 - 22:12:51 - ERROR: Too Many Requests. Rate limited. Try after a while.
Traceback (most recent call last):
  File "StockFactorScreener.py", line 866, in analyze_one_stock
  File "yfinance\ticker.py", line 163, in info
  File "yfinance\base.py", line 298, in get_info
  File "yfinance\scrapers\quote.py", line 511, in info
  File "yfinance\scrapers\quote.py", line 610, in _fetch_info
  File "yfinance\scrapers\quote.py", line 590, in _fetch
  File "yfinance\data.py", line 432, in get_raw_json
  File "yfinance\utils.py", line 92, in wrapper
  File "yfinance\data.py", line 370, in get
  File "yfinance\utils.py", line 92, in wrapper
  File "yfinance\data.py", line 414, in _make_request
  File "yfinance\utils.py", line 92, in wrapper
  File "yfinance\data.py", line 353, in _get_cookie_and_crumb
  File "yfinance\utils.py", line 92, in wrapper
  File "yfinance\data.py", line 336, in _get_crumb_csrf
yfinance.exceptions.YFRateLimitError: Too Many Requests. Rate limited. Try after a while.
2025-07-09 - 22:12:51 - CRITICAL: Error analyzing stock (Ticker: IAG): Too Many Requests. Rate limited. Try after a while.!
2025-07-09 - 22:12:51 - ERROR: Too Many Requests. Rate limited. Try after a while.
Traceback (most recent call last):
  File "StockFactorScreener.py", line 866, in analyze_one_stock
  File "yfinance\ticker.py", line 163, in info
  File "yfinance\base.py", line 298, in get_info
  File "yfinance\scrapers\quote.py", line 511, in info
  File "yfinance\scrapers\quote.py", line 610, in _fetch_info
  File "yfinance\scrapers\quote.py", line 590, in _fetch
  File "yfinance\data.py", line 432, in get_raw_json
  File "yfinance\utils.py", line 92, in wrapper
  File "yfinance\data.py", line 370, in get
  File "yfinance\utils.py", line 92, in wrapper
  File "yfinance\data.py", line 421, in _make_request
yfinance.exceptions.YFRateLimitError: Too Many Requests. Rate limited. Try after a while.
2025-07-09 - 22:12:51 - CRITICAL: Error analyzing stock (Ticker: GJF): Too Many Requests. Rate limited. Try after a while.!
2025-07-09 - 22:12:51 - ERROR: Too Many Requests. Rate limited. Try after a while.
Traceback (most recent call last):
  File "StockFactorScreener.py", line 866, in analyze_one_stock
  File "yfinance\ticker.py", line 163, in info
  File "yfinance\base.py", line 298, in get_info
  File "yfinance\scrapers\quote.py", line 511, in info
  File "yfinance\scrapers\quote.py", line 610, in _fetch_info
  File "yfinance\scrapers\quote.py", line 590, in _fetch
  File "yfinance\data.py", line 432, in get_raw_json
  File "yfinance\utils.py", line 92, in wrapper
  File "yfinance\data.py", line 370, in get
  File "yfinance\utils.py", line 92, in wrapper
  File "yfinance\data.py", line 421, in _make_request
yfinance.exceptions.YFRateLimitError: Too Many Requests. Rate limited. Try after a while.
2025-07-09 - 22:12:51 - CRITICAL: Error analyzing stock (Ticker: GIL): Too Many Requests. Rate limited. Try after a while.!
2025-07-09 - 22:12:51 - CRITICAL: Error analyzing stock (Ticker: 7550): Too Many Requests. Rate limited. Try after a while.!
2025-07-09 - 22:12:51 - ERROR: Too Many Requests. Rate limited. Try after a while.
Traceback (most recent call last):
  File "StockFactorScreener.py", line 866, in analyze_one_stock
  File "yfinance\ticker.py", line 163, in info
  File "yfinance\base.py", line 298, in get_info
  File "yfinance\scrapers\quote.py", line 511, in info
  File "yfinance\scrapers\quote.py", line 610, in _fetch_info
  File "yfinance\scrapers\quote.py", line 590, in _fetch
  File "yfinance\data.py", line 432, in get_raw_json
  File "yfinance\utils.py", line 92, in wrapper
  File "yfinance\data.py", line 370, in get
  File "yfinance\utils.py", line 92, in wrapper
  File "yfinance\data.py", line 421, in _make_request
yfinance.exceptions.YFRateLimitError: Too Many Requests. Rate limited. Try after a while.
2025-07-09 - 22:12:51 - ERROR: Too Many Requests. Rate limited. Try after a while.
Traceback (most recent call last):
  File "StockFactorScreener.py", line 866, in analyze_one_stock
  File "yfinance\ticker.py", line 163, in info
  File "yfinance\base.py", line 298, in get_info
  File "yfinance\scrapers\quote.py", line 511, in info
  File "yfinance\scrapers\quote.py", line 610, in _fetch_info
  File "yfinance\scrapers\quote.py", line 590, in _fetch
  File "yfinance\data.py", line 432, in get_raw_json
  File "yfinance\utils.py", line 92, in wrapper
  File "yfinance\data.py", line 370, in get
  File "yfinance\utils.py", line 92, in wrapper
  File "yfinance\data.py", line 421, in _make_request
yfinance.exceptions.YFRateLimitError: Too Many Requests. Rate limited. Try after a while.
2025-07-09 - 22:12:51 - CRITICAL: Error analyzing stock (Ticker: DIE): Too Many Requests. Rate limited. Try after a while.!
2025-07-09 - 22:12:51 - ERROR: Too Many Requests. Rate limited. Try after a while.
Traceback (most recent call last):
  File "StockFactorScreener.py", line 866, in analyze_one_stock
  File "yfinance\ticker.py", line 163, in info
  File "yfinance\base.py", line 298, in get_info
  File "yfinance\scrapers\quote.py", line 511, in info
  File "yfinance\scrapers\quote.py", line 610, in _fetch_info
  File "yfinance\scrapers\quote.py", line 590, in _fetch
  File "yfinance\data.py", line 432, in get_raw_json
  File "yfinance\utils.py", line 92, in wrapper
  File "yfinance\data.py", line 370, in get
  File "yfinance\utils.py", line 92, in wrapper
  File "yfinance\data.py", line 414, in _make_request
  File "yfinance\utils.py", line 92, in wrapper
  File "yfinance\data.py", line 360, in _get_cookie_and_crumb
  File "yfinance\utils.py", line 92, in wrapper
  File "yfinance\data.py", line 241, in _get_cookie_and_crumb_basic
  File "yfinance\utils.py", line 92, in wrapper
  File "yfinance\data.py", line 228, in _get_crumb_basic
yfinance.exceptions.YFRateLimitError: Too Many Requests. Rate limited. Try after a while.
2025-07-09 - 22:12:51 - CRITICAL: Error analyzing stock (Ticker: 3038): Too Many Requests. Rate limited. Try after a while.!
2025-07-09 - 22:12:51 - ERROR: Too Many Requests. Rate limited. Try after a while.
Traceback (most recent call last):
  File "StockFactorScreener.py", line 866, in analyze_one_stock
  File "yfinance\ticker.py", line 163, in info
  File "yfinance\base.py", line 298, in get_info
  File "yfinance\scrapers\quote.py", line 511, in info
  File "yfinance\scrapers\quote.py", line 610, in _fetch_info
  File "yfinance\scrapers\quote.py", line 590, in _fetch
  File "yfinance\data.py", line 432, in get_raw_json
  File "yfinance\utils.py", line 92, in wrapper
  File "yfinance\data.py", line 370, in get
  File "yfinance\utils.py", line 92, in wrapper
  File "yfinance\data.py", line 421, in _make_request
yfinance.exceptions.YFRateLimitError: Too Many Requests. Rate limited. Try after a while.
2025-07-09 - 22:12:51 - CRITICAL: Error analyzing stock (Ticker: U96): Too Many Requests. Rate limited. Try after a while.!
2025-07-09 - 22:12:51 - CRITICAL: Error analyzing stock (Ticker: 3064): Too Many Requests. Rate limited. Try after a while.!
2025-07-09 - 22:12:51 - ERROR: Too Many Requests. Rate limited. Try after a while.
Traceback (most recent call last):
  File "StockFactorScreener.py", line 866, in analyze_one_stock
  File "yfinance\ticker.py", line 163, in info
  File "yfinance\base.py", line 298, in get_info
  File "yfinance\scrapers\quote.py", line 511, in info
  File "yfinance\scrapers\quote.py", line 610, in _fetch_info
  File "yfinance\scrapers\quote.py", line 590, in _fetch
  File "yfinance\data.py", line 432, in get_raw_json
  File "yfinance\utils.py", line 92, in wrapper
  File "yfinance\data.py", line 370, in get
  File "yfinance\utils.py", line 92, in wrapper
  File "yfinance\data.py", line 421, in _make_request
yfinance.exceptions.YFRateLimitError: Too Many Requests. Rate limited. Try after a while.
2025-07-09 - 22:12:51 - ERROR: Too Many Requests. Rate limited. Try after a while.
Traceback (most recent call last):
  File "StockFactorScreener.py", line 866, in analyze_one_stock
  File "yfinance\ticker.py", line 163, in info
  File "yfinance\base.py", line 298, in get_info
  File "yfinance\scrapers\quote.py", line 511, in info
  File "yfinance\scrapers\quote.py", line 610, in _fetch_info
  File "yfinance\scrapers\quote.py", line 590, in _fetch
  File "yfinance\data.py", line 432, in get_raw_json
  File "yfinance\utils.py", line 92, in wrapper
  File "yfinance\data.py", line 370, in get
  File "yfinance\utils.py", line 92, in wrapper
  File "yfinance\data.py", line 421, in _make_request
yfinance.exceptions.YFRateLimitError: Too Many Requests. Rate limited. Try after a while.
2025-07-09 - 22:12:51 - CRITICAL: Error analyzing stock (Ticker: CAD): Too Many Requests. Rate limited. Try after a while.!
2025-07-09 - 22:12:51 - ERROR: Too Many Requests. Rate limited. Try after a while.
Traceback (most recent call last):
  File "StockFactorScreener.py", line 866, in analyze_one_stock
  File "yfinance\ticker.py", line 163, in info
  File "yfinance\base.py", line 298, in get_info
  File "yfinance\scrapers\quote.py", line 511, in info
  File "yfinance\scrapers\quote.py", line 610, in _fetch_info
  File "yfinance\scrapers\quote.py", line 590, in _fetch
  File "yfinance\data.py", line 432, in get_raw_json
  File "yfinance\utils.py", line 92, in wrapper
  File "yfinance\data.py", line 370, in get
  File "yfinance\utils.py", line 92, in wrapper
  File "yfinance\data.py", line 414, in _make_request
  File "yfinance\utils.py", line 92, in wrapper
  File "yfinance\data.py", line 353, in _get_cookie_and_crumb
  File "yfinance\utils.py", line 92, in wrapper
  File "yfinance\data.py", line 336, in _get_crumb_csrf
yfinance.exceptions.YFRateLimitError: Too Many Requests. Rate limited. Try after a while.
2025-07-09 - 22:12:52 - CRITICAL: Error analyzing stock (Ticker: QBR.B): Too Many Requests. Rate limited. Try after a while.!
2025-07-09 - 22:12:52 - ERROR: Too Many Requests. Rate limited. Try after a while.
Traceback (most recent call last):
  File "StockFactorScreener.py", line 866, in analyze_one_stock
  File "yfinance\ticker.py", line 163, in info
  File "yfinance\base.py", line 298, in get_info
  File "yfinance\scrapers\quote.py", line 511, in info
  File "yfinance\scrapers\quote.py", line 610, in _fetch_info
  File "yfinance\scrapers\quote.py", line 590, in _fetch
  File "yfinance\data.py", line 432, in get_raw_json
  File "yfinance\utils.py", line 92, in wrapper
  File "yfinance\data.py", line 370, in get
  File "yfinance\utils.py", line 92, in wrapper
  File "yfinance\data.py", line 421, in _make_request
yfinance.exceptions.YFRateLimitError: Too Many Requests. Rate limited. Try after a while.
2025-07-09 - 22:12:52 - CRITICAL: Error analyzing stock (Ticker: BKW): Too Many Requests. Rate limited. Try after a while.!
2025-07-09 - 22:12:52 - CRITICAL: Error analyzing stock (Ticker: BMED): Too Many Requests. Rate limited. Try after a while.!
2025-07-09 - 22:12:52 - ERROR: Too Many Requests. Rate limited. Try after a while.
Traceback (most recent call last):
  File "StockFactorScreener.py", line 866, in analyze_one_stock
  File "yfinance\ticker.py", line 163, in info
  File "yfinance\base.py", line 298, in get_info
  File "yfinance\scrapers\quote.py", line 511, in info
  File "yfinance\scrapers\quote.py", line 610, in _fetch_info
  File "yfinance\scrapers\quote.py", line 590, in _fetch
  File "yfinance\data.py", line 432, in get_raw_json
  File "yfinance\utils.py", line 92, in wrapper
  File "yfinance\data.py", line 370, in get
  File "yfinance\utils.py", line 92, in wrapper
  File "yfinance\data.py", line 421, in _make_request
yfinance.exceptions.YFRateLimitError: Too Many Requests. Rate limited. Try after a while.
2025-07-09 - 22:12:52 - ERROR: Too Many Requests. Rate limited. Try after a while.
Traceback (most recent call last):
  File "StockFactorScreener.py", line 866, in analyze_one_stock
  File "yfinance\ticker.py", line 163, in info
  File "yfinance\base.py", line 298, in get_info
  File "yfinance\scrapers\quote.py", line 511, in info
  File "yfinance\scrapers\quote.py", line 610, in _fetch_info
  File "yfinance\scrapers\quote.py", line 590, in _fetch
  File "yfinance\data.py", line 432, in get_raw_json
  File "yfinance\utils.py", line 92, in wrapper
  File "yfinance\data.py", line 370, in get
  File "yfinance\utils.py", line 92, in wrapper
  File "yfinance\data.py", line 421, in _make_request
yfinance.exceptions.YFRateLimitError: Too Many Requests. Rate limited. Try after a while.
2025-07-09 - 22:12:52 - CRITICAL: Error analyzing stock (Ticker: BZFUT): Too Many Requests. Rate limited. Try after a while.!
2025-07-09 - 22:12:52 - ERROR: Too Many Requests. Rate limited. Try after a while.
Traceback (most recent call last):
  File "StockFactorScreener.py", line 866, in analyze_one_stock
  File "yfinance\ticker.py", line 163, in info
  File "yfinance\base.py", line 298, in get_info
  File "yfinance\scrapers\quote.py", line 511, in info
  File "yfinance\scrapers\quote.py", line 610, in _fetch_info
  File "yfinance\scrapers\quote.py", line 590, in _fetch
  File "yfinance\data.py", line 432, in get_raw_json
  File "yfinance\utils.py", line 92, in wrapper
  File "yfinance\data.py", line 370, in get
  File "yfinance\utils.py", line 92, in wrapper
  File "yfinance\data.py", line 414, in _make_request
  File "yfinance\utils.py", line 92, in wrapper
  File "yfinance\data.py", line 360, in _get_cookie_and_crumb
  File "yfinance\utils.py", line 92, in wrapper
  File "yfinance\data.py", line 241, in _get_cookie_and_crumb_basic
  File "yfinance\utils.py", line 92, in wrapper
  File "yfinance\data.py", line 228, in _get_crumb_basic
yfinance.exceptions.YFRateLimitError: Too Many Requests. Rate limited. Try after a while.
2025-07-09 - 22:12:52 - CRITICAL: Error analyzing stock (Ticker: ROCK B): Too Many Requests. Rate limited. Try after a while.!
2025-07-09 - 22:12:52 - ERROR: Too Many Requests. Rate limited. Try after a while.
Traceback (most recent call last):
  File "StockFactorScreener.py", line 866, in analyze_one_stock
  File "yfinance\ticker.py", line 163, in info
  File "yfinance\base.py", line 298, in get_info
  File "yfinance\scrapers\quote.py", line 511, in info
  File "yfinance\scrapers\quote.py", line 610, in _fetch_info
  File "yfinance\scrapers\quote.py", line 590, in _fetch
  File "yfinance\data.py", line 432, in get_raw_json
  File "yfinance\utils.py", line 92, in wrapper
  File "yfinance\data.py", line 370, in get
  File "yfinance\utils.py", line 92, in wrapper
  File "yfinance\data.py", line 421, in _make_request
yfinance.exceptions.YFRateLimitError: Too Many Requests. Rate limited. Try after a while.
2025-07-09 - 22:12:52 - CRITICAL: Error analyzing stock (Ticker: DKK): Too Many Requests. Rate limited. Try after a while.!
2025-07-09 - 22:12:52 - CRITICAL: Error analyzing stock (Ticker: BCVN): Too Many Requests. Rate limited. Try after a while.!
2025-07-09 - 22:12:52 - ERROR: Too Many Requests. Rate limited. Try after a while.
Traceback (most recent call last):
  File "StockFactorScreener.py", line 866, in analyze_one_stock
  File "yfinance\ticker.py", line 163, in info
  File "yfinance\base.py", line 298, in get_info
  File "yfinance\scrapers\quote.py", line 511, in info
  File "yfinance\scrapers\quote.py", line 610, in _fetch_info
  File "yfinance\scrapers\quote.py", line 590, in _fetch
  File "yfinance\data.py", line 432, in get_raw_json
  File "yfinance\utils.py", line 92, in wrapper
  File "yfinance\data.py", line 370, in get
  File "yfinance\utils.py", line 92, in wrapper
  File "yfinance\data.py", line 421, in _make_request
yfinance.exceptions.YFRateLimitError: Too Many Requests. Rate limited. Try after a while.
2025-07-09 - 22:12:52 - ERROR: Too Many Requests. Rate limited. Try after a while.
Traceback (most recent call last):
  File "StockFactorScreener.py", line 866, in analyze_one_stock
  File "yfinance\ticker.py", line 163, in info
  File "yfinance\base.py", line 298, in get_info
  File "yfinance\scrapers\quote.py", line 511, in info
  File "yfinance\scrapers\quote.py", line 610, in _fetch_info
  File "yfinance\scrapers\quote.py", line 590, in _fetch
  File "yfinance\data.py", line 432, in get_raw_json
  File "yfinance\utils.py", line 92, in wrapper
  File "yfinance\data.py", line 370, in get
  File "yfinance\utils.py", line 92, in wrapper
  File "yfinance\data.py", line 421, in _make_request
yfinance.exceptions.YFRateLimitError: Too Many Requests. Rate limited. Try after a while.
2025-07-09 - 22:12:52 - CRITICAL: Error analyzing stock (Ticker: IGM.TO): Too Many Requests. Rate limited. Try after a while.!
2025-07-09 - 22:12:52 - ERROR: Too Many Requests. Rate limited. Try after a while.
Traceback (most recent call last):
  File "StockFactorScreener.py", line 866, in analyze_one_stock
  File "yfinance\ticker.py", line 163, in info
  File "yfinance\base.py", line 298, in get_info
  File "yfinance\scrapers\quote.py", line 511, in info
  File "yfinance\scrapers\quote.py", line 610, in _fetch_info
  File "yfinance\scrapers\quote.py", line 590, in _fetch
  File "yfinance\data.py", line 432, in get_raw_json
  File "yfinance\utils.py", line 92, in wrapper
  File "yfinance\data.py", line 370, in get
  File "yfinance\utils.py", line 92, in wrapper
  File "yfinance\data.py", line 414, in _make_request
  File "yfinance\utils.py", line 92, in wrapper
  File "yfinance\data.py", line 353, in _get_cookie_and_crumb
  File "yfinance\utils.py", line 92, in wrapper
  File "yfinance\data.py", line 336, in _get_crumb_csrf
yfinance.exceptions.YFRateLimitError: Too Many Requests. Rate limited. Try after a while.
2025-07-09 - 22:12:52 - CRITICAL: Error analyzing stock (Ticker: CU): Too Many Requests. Rate limited. Try after a while.!
2025-07-09 - 22:12:52 - ERROR: Too Many Requests. Rate limited. Try after a while.
Traceback (most recent call last):
  File "StockFactorScreener.py", line 866, in analyze_one_stock
  File "yfinance\ticker.py", line 163, in info
  File "yfinance\base.py", line 298, in get_info
  File "yfinance\scrapers\quote.py", line 511, in info
  File "yfinance\scrapers\quote.py", line 610, in _fetch_info
  File "yfinance\scrapers\quote.py", line 590, in _fetch
  File "yfinance\data.py", line 432, in get_raw_json
  File "yfinance\utils.py", line 92, in wrapper
  File "yfinance\data.py", line 370, in get
  File "yfinance\utils.py", line 92, in wrapper
  File "yfinance\data.py", line 421, in _make_request
yfinance.exceptions.YFRateLimitError: Too Many Requests. Rate limited. Try after a while.
2025-07-09 - 22:12:52 - CRITICAL: Error analyzing stock (Ticker: ILS): Too Many Requests. Rate limited. Try after a while.!
2025-07-09 - 22:12:52 - ERROR: Too Many Requests. Rate limited. Try after a while.
Traceback (most recent call last):
  File "StockFactorScreener.py", line 866, in analyze_one_stock
  File "yfinance\ticker.py", line 163, in info
  File "yfinance\base.py", line 298, in get_info
  File "yfinance\scrapers\quote.py", line 511, in info
  File "yfinance\scrapers\quote.py", line 610, in _fetch_info
  File "yfinance\scrapers\quote.py", line 590, in _fetch
  File "yfinance\data.py", line 432, in get_raw_json
  File "yfinance\utils.py", line 92, in wrapper
  File "yfinance\data.py", line 370, in get
  File "yfinance\utils.py", line 92, in wrapper
  File "yfinance\data.py", line 421, in _make_request
yfinance.exceptions.YFRateLimitError: Too Many Requests. Rate limited. Try after a while.
2025-07-09 - 22:12:52 - INFO: Program total runtime: 0:01:38.569788
